reservation_id,date_reservation,date_arrivee,region_hotel,ville,type_destination,hotel_id,categorie_hotel,segment_client,marche_origine,canal_reservation,moyen_transport,delai_reservation_jours,nuits,adultes,enfants,chambres,formule_repas,tarif_remboursable,type_acompte,prix_moyen_nuit_eur,remise_pct,montant_total_eur,client_type,reservations_passees,annulations_passees,demandes_speciales,modifications_reservation,jours_liste_attente,evenement_majeur,haute_saison_regionale,arrivee_weekend,agent_id,reservation_annulee,prix_impute,enfants_manquant,demandes_manquant,reservation_directe,taux_annulation_passe,sans_historique,personnes,personnes_par_chambre,avec_enfants,prix_par_personne,montant_par_nuit,acompte_ord,remboursable,score_engagement,flexibilite_totale,mois_arrivee,mois_reservation,sin_mois,cos_mois,log_delai,delai_par_nuit,a_modifie,ix_delai_acompte,ix_delai_remb,ix_delai_direct,ix_remb_acompte,ix_delai_modif,ix_delai_dem,prix_relatif_hotel,prix_relatif_saison,y_reel,proba,y_predit,type_erreur
R004549,2025-01-10,2025-02-05,Lombardia,Milano,affaires_lacs,LOM-3-3,3,famille,Europe_Ouest,plateforme_en_ligne,avion_direct,26,3,2,2.0,1,petit_dejeuner,oui,aucun,227.34,7,634.28,nouveau,0,0,0.0,0,6,1,0,0,AG012,0,0,0,0,0,0.0,1,4.0,4.0,1,158.57,211.42666666666665,0.0,1,-1.0,1,2,1,0.8660254037844386,0.5000000000000001,3.295836866004329,8.666666666666666,0,0.0,3.295836866004329,0.0,0.0,0.0,0.0,1.126058744861063,1.0454096061435174,0,0.392696481367322,1,faux positif
R005237,2025-01-10,2025-01-18,Campania,Napoli,urbaine_cotiere,CAM-5-2,5,famille,Italie,telephone,voiture,8,3,2,3.0,2,petit_dejeuner,oui,aucun,184.62,8,1019.1,nouveau,0,0,1.0,0,0,0,0,1,DIRECT,0,0,0,0,1,0.0,1,5.0,2.5,1,203.82,339.7,0.0,1,-1.0,1,1,1,0.49999999999999994,0.8660254037844387,2.1972245773362196,2.6666666666666665,0,0.0,2.1972245773362196,2.1972245773362196,0.0,0.0,2.1972245773362196,0.8850855745721271,1.2010538984484274,0,0.33254646675657645,1,faux positif
R005311,2025-01-10,2025-02-10,Veneto,Venezia,urbaine_littorale,VEN-3-3,3,groupe,Europe_Ouest,site_hotel,avion_direct,31,2,4,0.0,2,petit_dejeuner,non,aucun,161.77,7,601.78,nouveau,0,0,2.0,1,0,0,0,0,DIRECT,1,0,0,0,1,0.0,1,4.0,2.0,0,150.445,300.89,0.0,0,0.0,0,2,1,0.8660254037844386,0.5000000000000001,3.4657359027997265,15.5,1,0.0,0.0,3.4657359027997265,0.0,3.4657359027997265,6.931471805599453,0.8665196480671041,0.8667023841414412,1,0.2427007124564447,1,vrai positif
R006437,2025-01-10,2025-01-24,Veneto,Venezia,urbaine_littorale,VEN-3-2,3,groupe,Autres,entreprise,avion_correspondance,14,2,3,0.0,2,petit_dejeuner,oui,aucun,186.89,6,702.71,nouveau,0,0,0.0,1,0,0,0,1,DIRECT,1,0,0,1,1,0.0,1,3.0,1.5,0,234.23666666666668,351.355,0.0,1,-1.0,1,1,1,0.49999999999999994,0.8660254037844387,2.70805020110221,7.0,1,0.0,2.70805020110221,2.70805020110221,0.0,2.70805020110221,0.0,0.914603112459626,0.9620116332938692,1,0.21791760242550728,0,faux négatif
R006554,2025-01-10,2025-02-12,Trentino-Alto_Adige,Bolzano,montagne,TRE-4-2,4,famille,Italie,plateforme_en_ligne,voiture,33,2,2,2.0,1,petit_dejeuner,non,aucun,223.49,0,446.98,nouveau,0,0,3.0,0,0,0,1,0,AG031,0,0,0,0,0,0.0,1,4.0,4.0,1,111.745,223.49,0.0,0,0.0,0,2,1,0.8660254037844386,0.5000000000000001,3.5263605246161616,16.5,0,0.0,0.0,0.0,0.0,0.0,10.579081573848484,1.1863785964539761,1.0290542407219818,0,0.21565180879823007,0,vrai négatif
R007403,2025-01-10,2025-01-21,Lombardia,Milano,affaires_lacs,LOM-3-1,3,affaires,Italie,site_hotel,train,11,3,2,0.0,1,aucune,oui,partiel,233.86,0,701.58,nouveau,0,0,2.0,0,0,0,0,0,DIRECT,0,0,0,0,1,0.0,1,2.0,2.0,0,350.79,233.86,1.0,1,0.0,0,1,1,0.49999999999999994,0.8660254037844387,2.4849066497880004,3.6666666666666665,0,2.4849066497880004,2.4849066497880004,2.4849066497880004,1.0,0.0,4.969813299576001,1.196306621991457,1.1954810346590328,0,0.169581061274543,0,vrai négatif
R001482,2025-01-11,2025-01-30,Lazio,Roma,urbaine_culturelle,LAZ-4-1,4,famille,Europe_Centrale,plateforme_en_ligne,avion_direct,19,3,2,2.0,1,demi_pension,non,total,150.87,1,448.08,nouveau,0,0,1.0,0,0,0,0,0,AG006,0,0,0,0,0,0.0,1,4.0,4.0,1,112.02,149.35999999999999,2.0,0,2.0,0,1,1,0.49999999999999994,0.8660254037844387,2.995732273553991,6.333333333333333,0,5.991464547107982,0.0,0.0,0.0,0.0,2.995732273553991,0.738689776733255,0.8237510237510237,0,0.11208806747255756,0,vrai négatif
R001749,2025-01-11,2026-01-20,Sicilia,Palermo,insulaire_mixte,SIC-4-2,4,solo,Europe_Ouest,site_hotel,avion_direct,374,9,1,1.0,1,aucune,oui,aucun,144.21,4,1245.97,fidele,1,0,0.0,1,0,0,0,0,DIRECT,1,0,0,0,1,0.0,0,2.0,2.0,1,622.985,138.44111111111113,0.0,1,-1.0,1,1,1,0.49999999999999994,0.8660254037844387,5.926926025970411,41.55555555555556,1,0.0,5.926926025970411,5.926926025970411,0.0,5.926926025970411,0.0,0.8321888164348781,1.0537045155633493,1,0.6688585911699545,1,vrai positif
R002006,2025-01-11,2025-06-03,Trentino-Alto_Adige,Bolzano,montagne,TRE-3-1,3,famille,Italie,plateforme_en_ligne,voiture,143,6,2,1.0,1,aucune,oui,aucun,126.93,1,753.96,fidele,1,0,0.0,0,0,0,0,0,AG012,1,0,0,0,0,0.0,0,3.0,3.0,1,251.32000000000002,125.66000000000001,0.0,1,-1.0,1,6,1,1.2246467991473532e-16,-1.0,4.969813299576001,23.833333333333332,0,0.0,4.969813299576001,0.0,0.0,0.0,0.0,0.789144828872517,0.8218193590158629,1,0.5340865813215026,1,vrai positif
R002376,2025-01-11,2025-03-17,Toscana,Firenze,culturelle_rurale,TOS-4-1,4,loisirs_couple,Italie,plateforme_en_ligne,voiture,65,2,2,0.0,1,petit_dejeuner,non,partiel,200.42,6,376.79,nouveau,0,0,0.0,0,0,0,0,0,AG033,0,0,0,0,0,0.0,1,2.0,2.0,0,188.395,188.395,1.0,0,1.0,0,3,1,1.0,6.123233995736766e-17,4.189654742026425,32.5,0,4.189654742026425,0.0,0.0,0.0,0.0,0.0,0.8769765654345347,1.1799128694218766,0,0.2115684586709115,0,vrai négatif
R002899,2025-01-11,2025-02-10,Trentino-Alto_Adige,Bolzano,montagne,TRE-4-3,4,solo,Italie,site_hotel,train,30,6,1,0.0,1,petit_dejeuner,non,total,208.84,12,1102.68,fidele,11,1,0.0,0,0,0,1,0,DIRECT,0,0,0,0,1,0.09090909090909091,0,1.0,1.0,0,1102.68,183.78,2.0,0,2.0,0,2,1,0.8660254037844386,0.5000000000000001,3.4339872044851463,5.0,0,6.8679744089702925,0.0,3.4339872044851463,0.0,0.0,0.0,1.125124585836274,0.9615986739110415,0,0.06014844538813116,0,vrai négatif
R004904,2025-01-11,2025-01-24,Trentino-Alto_Adige,Bolzano,montagne,TRE-3-3,3,loisirs_couple,Europe_Centrale,site_hotel,train,13,7,2,0.0,1,petit_dejeuner,oui,aucun,200.52,12,1235.2,nouveau,0,0,2.0,0,0,0,1,1,DIRECT,1,0,0,0,1,0.0,1,2.0,2.0,0,617.6,176.45714285714286,0.0,1,-1.0,1,1,1,0.49999999999999994,0.8660254037844387,2.639057329615259,1.8571428571428572,0,0.0,2.639057329615259,2.639057329615259,0.0,0.0,5.278114659230518,1.2986205556634933,0.9051187144533719,1,0.21129892300568495,0,faux négatif
R006020,2025-01-11,2025-02-09,Campania,Napoli,urbaine_cotiere,CAM-4-1,4,loisirs_couple,Italie,plateforme_en_ligne,train,29,5,2,0.0,1,petit_dejeuner,non,partiel,139.91,5,664.57,nouveau,0,0,1.0,0,0,0,0,0,AG025,0,0,0,0,0,0.0,1,2.0,2.0,0,332.285,132.91400000000002,1.0,0,1.0,0,2,1,0.8660254037844386,0.5000000000000001,3.4011973816621555,5.8,0,3.4011973816621555,0.0,0.0,0.0,0.0,3.4011973816621555,0.73936479416583,0.8712519849300993,0,0.20147574282793795,0,vrai négatif
R006413,2025-01-11,2025-01-21,Veneto,Venezia,urbaine_littorale,VEN-4-3,4,famille,Italie,plateforme_en_ligne,train,10,6,2,3.0,2,petit_dejeuner,non,total,204.32,0,2451.84,fidele,2,0,1.0,0,0,0,0,0,AG029,0,0,0,0,0,0.0,0,5.0,2.5,1,490.36800000000005,408.64000000000004,2.0,0,2.0,0,1,1,0.49999999999999994,0.8660254037844387,2.3978952727983707,1.6666666666666667,0,4.795790545596741,0.0,0.0,0.0,0.0,2.3978952727983707,0.9361955600357396,1.051732125392495,0,0.12783442750577348,0,vrai négatif
R008354,2025-01-11,2025-03-17,Liguria,Genova,littorale,LIG-4-2,4,famille,Europe_Ouest,plateforme_en_ligne,avion_direct,65,2,2,3.0,2,petit_dejeuner,non,total,153.3,0,613.2,nouveau,0,0,2.0,1,0,0,0,0,AG005,0,0,0,0,0,0.0,1,5.0,2.5,1,122.64000000000001,306.6,2.0,0,2.0,0,3,1,1.0,6.123233995736766e-17,4.189654742026425,32.5,1,8.37930948405285,0.0,0.0,0.0,4.189654742026425,8.37930948405285,0.8304217112212562,0.9816225907664724,0,0.1520396163603151,0,vrai négatif
R009083,2025-01-11,2025-05-22,Campania,Napoli,urbaine_cotiere,CAM-4-2,4,groupe,Asie_Pacifique,plateforme_en_ligne,voiture,131,3,6,0.0,4,petit_dejeuner,oui,partiel,216.77,5,2471.18,fidele,9,1,3.0,0,0,0,1,0,AG045,1,0,0,0,0,0.1111111111111111,0,6.0,1.5,0,411.8633333333333,823.7266666666666,1.0,1,0.0,0,5,1,0.49999999999999994,-0.8660254037844387,4.882801922586371,43.666666666666664,0,4.882801922586371,4.882801922586371,0.0,1.0,0.0,14.648405767759112,1.1332897660436545,1.1072121769332925,1,0.40113275332608533,1,vrai positif
R001201,2025-01-12,2025-02-22,Trentino-Alto_Adige,Bolzano,montagne,TRE-5-3,5,famille,Europe_Centrale,agence,voiture,41,4,2,2.0,1,petit_dejeuner,non,total,268.33,7,998.19,nouveau,0,0,1.0,0,0,0,1,1,AG030,0,0,0,0,0,0.0,1,4.0,4.0,1,249.5475,249.5475,2.0,0,2.0,0,2,1,0.8660254037844386,0.5000000000000001,3.7376696182833684,10.25,0,7.475339236566737,0.0,0.0,0.0,0.0,3.7376696182833684,1.2158684127056052,1.2355189243945113,0,0.13168899962394923,0,vrai négatif
R004556,2025-01-12,2025-01-29,Campania,Napoli,urbaine_cotiere,CAM-3-1,3,affaires,Italie,plateforme_en_ligne,voiture,17,1,2,0.0,1,aucune,oui,aucun,120.64,1,119.43,nouveau,0,0,1.0,0,0,0,0,0,AG020,1,0,0,0,0,0.0,1,2.0,2.0,0,59.715,119.43,0.0,1,-1.0,1,1,1,0.49999999999999994,0.8660254037844387,2.8903717578961645,17.0,0,0.0,2.8903717578961645,0.0,0.0,0.0,2.8903717578961645,0.7435897435897435,0.7848290667794294,1,0.3621289136043436,1,vrai positif
R007243,2025-01-12,2025-03-16,Liguria,Genova,littorale,LIG-3-3,3,loisirs_couple,Italie,site_hotel,voiture,63,6,2,0.0,1,petit_dejeuner,oui,partiel,126.25,2,742.35,entreprise,9,2,0.0,1,0,0,0,0,DIRECT,1,0,0,0,1,0.2222222222222222,0,2.0,2.0,0,371.175,123.72500000000001,1.0,1,0.0,0,3,1,1.0,6.123233995736766e-17,4.1588830833596715,10.5,1,4.1588830833596715,4.1588830833596715,4.1588830833596715,1.0,4.1588830833596715,0.0,0.7998099461514095,0.8084139079208554,1,0.2271021083046072,0,faux négatif
R007874,2025-01-12,2025-01-17,Campania,Napoli,urbaine_cotiere,CAM-5-1,5,affaires,Italie,plateforme_en_ligne,avion_direct,5,1,2,0.0,1,aucune,oui,aucun,204.16,7,189.87,entreprise,10,1,0.0,0,0,0,0,1,AG013,0,0,0,0,0,0.1,0,2.0,2.0,0,94.935,189.87,0.0,1,-1.0,1,1,1,0.49999999999999994,0.8660254037844387,1.791759469228055,5.0,0,0.0,1.791759469228055,0.0,0.0,0.0,0.0,0.9671474928349795,1.328172266857496,0,0.3755590997293401,1,faux positif
R008163,2025-01-12,2025-02-09,Sicilia,Palermo,insulaire_mixte,SIC-3-3,3,famille,Italie,site_hotel,ferry,28,6,2,1.0,1,aucune,oui,aucun,121.48,2,714.3,fidele,7,1,3.0,0,0,0,0,0,DIRECT,0,0,0,0,1,0.14285714285714285,0,3.0,3.0,1,238.1,119.05,0.0,1,-1.0,1,2,1,0.8660254037844386,0.5000000000000001,3.367295829986474,4.666666666666667,0,0.0,3.367295829986474,3.367295829986474,0.0,0.0,10.101887489959422,0.8605227739604733,0.7725278219395867,0,0.2672094955487495,1,faux positif
R008720,2025-01-12,2025-04-06,Campania,Napoli,urbaine_cotiere,CAM-5-2,5,famille,Ameriques,plateforme_en_ligne,avion_direct,84,5,2,2.0,1,petit_dejeuner,oui,aucun,236.92,2,1160.91,nouveau,0,0,0.0,2,0,0,1,0,AG013,1,0,0,0,0,0.0,1,4.0,4.0,1,290.2275,232.18200000000002,0.0,1,-1.0,1,4,1,0.8660254037844387,-0.4999999999999998,4.442651256490317,16.8,1,0.0,4.442651256490317,0.0,0.0,4.442651256490317,0.0,1.135816673857807,1.1722329424570777,1,0.6050794965850083,1,vrai positif
R002979,2025-01-13,2025-02-02,Liguria,Genova,littorale,LIG-3-1,3,groupe,Europe_Ouest,plateforme_en_ligne,voiture,20,3,5,0.0,3,petit_dejeuner,oui,aucun,212.8105263157895,5,1819.53,nouveau,0,0,2.0,0,0,0,0,0,AG001,1,1,0,0,0,0.0,1,5.0,1.6666666666666667,0,363.906,606.51,0.0,1,-1.0,1,2,1,0.8660254037844386,0.5000000000000001,3.044522437723423,6.666666666666667,0,0.0,3.044522437723423,0.0,0.0,0.0,6.089044875446846,1.3789316809161503,1.4219599513282741,1,0.3427265887249515,1,vrai positif
R003961,2025-01-13,2025-01-27,Lazio,Roma,urbaine_culturelle,LAZ-4-3,4,affaires,Europe_Centrale,site_hotel,train,14,1,2,0.0,1,petit_dejeuner,oui,partiel,176.01,1,174.25,fidele,2,0,2.0,0,0,0,0,0,DIRECT,0,0,0,0,1,0.0,0,2.0,2.0,0,87.125,174.25,1.0,1,0.0,0,1,1,0.49999999999999994,0.8660254037844387,2.70805020110221,14.0,0,2.70805020110221,2.70805020110221,2.70805020110221,1.0,0.0,5.41610040220442,0.8521835963977921,0.961015561015561,0,0.18042290240117542,0,vrai négatif
R005060,2025-01-13,2025-03-19,Lazio,Roma,urbaine_culturelle,LAZ-4-1,4,solo,Ameriques,plateforme_en_ligne,voiture,65,5,1,0.0,1,aucune,oui,aucun,135.3,4,649.44,fidele,4,1,0.0,0,0,0,0,0,AG014,1,0,0,0,0,0.25,0,1.0,1.0,0,649.44,129.888,0.0,1,-1.0,1,3,1,1.0,6.123233995736766e-17,4.189654742026425,13.0,0,0.0,4.189654742026425,0.0,0.0,0.0,0.0,0.6624559341950647,0.7929437965187834,1,0.5601549878479847,1,vrai positif
R006478,2025-01-13,2025-02-08,Lazio,Roma,urbaine_culturelle,LAZ-4-1,4,famille,Italie,site_hotel,train,26,2,2,1.0,1,pension_complete,oui,partiel,199.38,4,382.81,nouveau,0,0,2.0,0,0,0,0,1,DIRECT,1,0,0,0,1,0.0,1,3.0,3.0,1,127.60333333333334,191.405,1.0,1,0.0,0,2,1,0.8660254037844386,0.5000000000000001,3.295836866004329,13.0,0,3.295836866004329,3.295836866004329,3.295836866004329,1.0,0.0,6.591673732008658,0.9762044653349,1.1613128694993737,1,0.14977969395101806,0,faux négatif
R006821,2025-01-13,2025-01-23,Liguria,Genova,littorale,LIG-4-2,4,solo,Asie_Pacifique,agence,voiture,10,2,1,0.0,1,petit_dejeuner,oui,partiel,147.22,0,294.44,nouveau,0,0,2.0,0,0,0,0,0,AG008,0,0,0,0,0,0.0,1,1.0,1.0,0,294.44,147.22,1.0,1,0.0,0,1,1,0.49999999999999994,0.8660254037844387,2.3978952727983707,5.0,0,2.3978952727983707,2.3978952727983707,0.0,1.0,0.0,4.795790545596741,0.7974865252837138,0.9596818878133047,0,0.1578540776366016,0,vrai négatif
R009627,2025-01-13,2025-02-18,Liguria,Genova,littorale,LIG-4-3,4,groupe,Europe_Ouest,plateforme_en_ligne,voiture,36,5,4,0.0,4,aucune,non,total,115.15,8,2118.76,fidele,3,0,0.0,1,0,0,0,0,AG037,0,0,0,0,0,0.0,0,4.0,1.0,0,529.69,423.75200000000007,2.0,0,2.0,0,2,1,0.8660254037844386,0.5000000000000001,3.6109179126442243,7.2,1,7.221835825288449,0.0,0.0,0.0,3.6109179126442243,0.0,0.664263051629651,0.7694106641721236,0,0.15535634766666975,0,vrai négatif
R009866,2025-01-13,2025-02-11,Lazio,Roma,urbaine_culturelle,LAZ-4-3,4,solo,Italie,site_hotel,avion_direct,29,6,1,0.0,1,pension_complete,oui,aucun,153.17,4,882.26,nouveau,0,0,1.0,0,0,0,0,0,DIRECT,0,0,0,0,1,0.0,1,1.0,1.0,0,882.26,147.04333333333332,0.0,1,-1.0,1,2,1,0.8660254037844386,0.5000000000000001,3.4011973816621555,4.833333333333333,0,0.0,3.4011973816621555,3.4011973816621555,0.0,0.0,3.4011973816621555,0.7415996901326618,0.8921571482657191,0,0.2691994684519309,1,faux positif
R000192,2025-01-14,2025-02-18,Veneto,Venezia,urbaine_littorale,VEN-4-2,4,loisirs_couple,Europe_Centrale,site_hotel,avion_direct,35,5,2,0.0,1,petit_dejeuner,non,partiel,197.41,12,868.6,fidele,7,1,0.0,0,0,0,0,0,DIRECT,1,0,0,0,1,0.14285714285714285,0,2.0,2.0,0,434.3,173.72,1.0,0,1.0,0,2,1,0.8660254037844386,0.5000000000000001,3.58351893845611,7.0,0,3.58351893845611,0.0,3.58351893845611,0.0,0.0,0.0,0.8735728825559783,1.057648004286097,1,0.1381245805521557,0,faux négatif
R000509,2025-01-14,2025-01-27,Sicilia,Palermo,insulaire_mixte,SIC-4-3,4,solo,Ameriques,agence,voiture,13,5,1,0.0,1,petit_dejeuner,oui,partiel,150.34,2,736.67,nouveau,0,0,1.0,1,0,0,0,0,AG003,0,0,0,0,0,0.0,1,1.0,1.0,0,736.67,147.334,1.0,1,0.0,0,1,1,0.49999999999999994,0.8660254037844387,2.639057329615259,2.6,1,2.639057329615259,2.639057329615259,0.0,1.0,2.639057329615259,2.639057329615259,0.9020219595608088,1.0984948122168638,0,0.25043484349348616,1,faux positif
R000517,2025-01-14,2025-02-14,Sicilia,Palermo,insulaire_mixte,SIC-4-2,4,affaires,Asie_Pacifique,plateforme_en_ligne,avion_direct,31,6,2,0.0,1,aucune,non,total,137.33,4,791.02,entreprise,4,1,2.0,0,0,0,0,1,AG028,0,0,0,0,0,0.25,0,2.0,2.0,0,395.51,131.83666666666667,2.0,0,2.0,0,2,1,0.8660254037844386,0.5000000000000001,3.4657359027997265,5.166666666666667,0,6.931471805599453,0.0,0.0,0.0,0.0,6.931471805599453,0.7924865831842577,0.8733227344992052,0,0.1272691710508079,0,vrai négatif
R000581,2025-01-14,2025-02-20,Puglia,Bari,balneaire_rurale,PUG-4-1,4,loisirs_couple,Italie,entreprise,avion_direct,37,3,2,0.0,1,petit_dejeuner,oui,aucun,138.18,5,393.81,nouveau,0,0,1.0,0,0,0,0,0,DIRECT,0,0,0,0,1,0.0,1,2.0,2.0,0,196.905,131.27,0.0,1,-1.0,1,2,1,0.8660254037844386,0.5000000000000001,3.6375861597263857,12.333333333333334,0,0.0,3.6375861597263857,3.6375861597263857,0.0,0.0,3.6375861597263857,0.8351263145171038,1.1675538656527251,0,0.2095994416925043,0,vrai négatif
R000794,2025-01-14,2025-01-25,Veneto,Venezia,urbaine_littorale,VEN-4-3,4,famille,Europe_Ouest,site_hotel,voiture,11,7,2,2.0,1,demi_pension,oui,aucun,148.35,1,1028.07,nouveau,0,0,2.0,0,0,0,0,1,DIRECT,1,0,0,0,1,0.0,1,4.0,4.0,1,257.0175,146.86714285714285,0.0,1,-1.0,1,1,1,0.49999999999999994,0.8660254037844387,2.4849066497880004,1.5714285714285714,0,0.0,2.4849066497880004,2.4849066497880004,0.0,0.0,4.969813299576001,0.6797406584343284,0.763627940495187,1,0.26260051222758685,1,vrai positif
R001252,2025-01-14,2025-01-29,Sicilia,Palermo,insulaire_mixte,SIC-5-2,5,affaires,Asie_Pacifique,plateforme_en_ligne,avion_direct,15,2,2,0.0,1,petit_dejeuner,oui,aucun,167.26,7,311.1,nouveau,0,0,0.0,0,0,0,0,0,AG028,0,0,0,0,0,0.0,1,2.0,2.0,0,155.55,155.55,0.0,1,-1.0,1,1,1,0.49999999999999994,0.8660254037844387,2.772588722239781,7.5,0,0.0,2.772588722239781,0.0,0.0,0.0,0.0,0.9232977284645745,1.2221247990647375,0,0.3536136500678359,1,faux positif
R001346,2025-01-14,2025-03-15,Lombardia,Milano,affaires_lacs,LOM-4-2,4,solo,Italie,plateforme_en_ligne,avion_correspondance,60,6,1,0.0,1,pension_complete,oui,partiel,255.33,2,1501.34,nouveau,0,0,0.0,0,0,0,0,1,AG045,1,0,0,0,0,0.0,1,1.0,1.0,0,1501.34,250.22333333333333,1.0,1,0.0,0,3,1,1.0,6.123233995736766e-17,4.110873864173311,10.0,0,4.110873864173311,4.110873864173311,0.0,1.0,0.0,0.0,1.139306590513587,1.2616988684093493,1,0.39283709109587417,1,vrai positif
R001974,2025-01-14,2025-02-02,Trentino-Alto_Adige,Bolzano,montagne,TRE-3-3,3,loisirs_couple,Italie,plateforme_en_ligne,avion_direct,19,7,2,0.0,1,aucune,oui,partiel,180.56,3,1226.0,nouveau,0,0,1.0,1,0,0,1,0,AG012,0,0,0,0,0,0.0,1,2.0,2.0,0,613.0,175.14285714285714,1.0,1,0.0,0,2,1,0.8660254037844386,0.5000000000000001,2.995732273553991,2.7142857142857144,1,2.995732273553991,2.995732273553991,0.0,1.0,2.995732273553991,2.995732273553991,1.169354316430283,0.8313841053504005,0,0.2816930383658104,1,faux positif
R003034,2025-01-14,2025-01-23,Lazio,Roma,urbaine_culturelle,LAZ-4-1,4,affaires,Italie,plateforme_en_ligne,train,9,1,2,0.0,1,petit_dejeuner,oui,aucun,185.2,5,175.94,fidele,5,1,2.0,0,0,0,0,0,AG031,1,0,0,0,0,0.2,0,2.0,2.0,0,87.97,175.94,0.0,1,-1.0,1,1,1,0.49999999999999994,0.8660254037844387,2.302585092994046,9.0,0,0.0,2.302585092994046,0.0,0.0,0.0,4.605170185988092,0.9067763415589501,1.0111930111930112,1,0.3250780978025956,1,vrai positif
R006458,2025-01-14,2025-01-28,Lazio,Roma,urbaine_culturelle,LAZ-3-1,3,solo,Europe_Ouest,plateforme_en_ligne,avion_direct,14,2,1,0.0,1,petit_dejeuner,oui,aucun,134.3578947368421,5,255.28,nouveau,0,0,0.0,0,0,0,0,0,AG021,0,1,1,0,0,0.0,1,1.0,1.0,0,255.28,127.64,0.0,1,-1.0,1,1,1,0.49999999999999994,0.8660254037844387,2.70805020110221,7.0,0,0.0,2.70805020110221,0.0,0.0,0.0,0.0,0.7809235381391577,0.7335948388579967,0,0.33778512860804566,1,faux positif
R007372,2025-01-14,2025-02-18,Veneto,Venezia,urbaine_littorale,VEN-4-2,4,famille,Asie_Pacifique,agence,avion_direct,35,4,2,2.0,1,petit_dejeuner,oui,aucun,189.91,2,744.45,nouveau,0,0,1.0,1,0,0,0,0,AG027,1,0,0,0,0,0.0,1,4.0,4.0,1,186.1125,186.1125,0.0,1,-1.0,1,2,1,0.8660254037844386,0.5000000000000001,3.58351893845611,8.75,1,0.0,3.58351893845611,0.0,0.0,3.58351893845611,3.58351893845611,0.8403841047880343,1.0174658451647467,1,0.3889236674516274,1,vrai positif
R007527,2025-01-14,2025-01-23,Lombardia,Milano,affaires_lacs,LOM-5-2,5,groupe,Italie,plateforme_en_ligne,train,9,2,4,0.0,4,aucune,oui,aucun,153.81,6,1156.65,nouveau,0,0,0.0,1,0,0,0,0,AG040,1,0,0,0,0,0.0,1,4.0,1.0,0,289.1625,578.325,0.0,1,-1.0,1,1,1,0.49999999999999994,0.8660254037844387,2.302585092994046,4.5,1,0.0,2.302585092994046,0.0,0.0,2.302585092994046,0.0,0.5809083183835333,0.7862692976178305,1,0.5215293293776878,1,vrai positif
R008206,2025-01-14,2025-03-18,Lazio,Roma,urbaine_culturelle,LAZ-4-3,4,loisirs_couple,Europe_Ouest,agence,train,63,3,2,0.0,1,petit_dejeuner,non,total,152.87,6,431.09,nouveau,0,0,1.0,0,0,0,0,0,AG024,0,0,0,0,0,0.0,1,2.0,2.0,0,215.545,143.69666666666666,2.0,0,2.0,0,3,1,1.0,6.123233995736766e-17,4.1588830833596715,21.0,0,8.317766166719343,0.0,0.0,0.0,0.0,4.1588830833596715,0.7401471869855718,0.8959151380179335,0,0.12232132226325396,0,vrai négatif
R008557,2025-01-14,2025-02-02,Toscana,Firenze,culturelle_rurale,TOS-4-2,4,loisirs_couple,Italie,entreprise,train,19,6,2,0.0,1,aucune,oui,aucun,168.47,13,879.41,nouveau,0,0,1.0,0,0,0,0,0,DIRECT,1,0,0,0,1,0.0,1,2.0,2.0,0,439.705,146.56833333333333,0.0,1,-1.0,1,2,1,0.8660254037844386,0.5000000000000001,2.995732273553991,3.1666666666666665,0,0.0,2.995732273553991,2.995732273553991,0.0,0.0,2.995732273553991,0.8476904498339539,1.0089836497574414,1,0.16826232546316564,0,faux négatif
R008851,2025-01-14,2025-03-07,Toscana,Firenze,culturelle_rurale,TOS-5-3,5,solo,Europe_Centrale,site_hotel,train,52,3,1,0.0,1,petit_dejeuner,non,partiel,196.69,9,536.96,nouveau,0,0,2.0,0,0,0,0,1,DIRECT,0,0,0,0,1,0.0,1,1.0,1.0,0,536.96,178.98666666666668,1.0,0,1.0,0,3,1,1.0,6.123233995736766e-17,3.970291913552122,17.333333333333332,0,3.970291913552122,0.0,3.970291913552122,0.0,0.0,7.940583827104244,0.822454526447836,1.1579536088543505,0,0.1399082796753564,0,vrai négatif
R009174,2025-01-14,2025-03-03,Toscana,Firenze,culturelle_rurale,TOS-3-3,3,loisirs_couple,Italie,site_hotel,avion_correspondance,48,4,2,0.0,1,petit_dejeuner,non,total,150.59,12,530.08,nouveau,0,0,1.0,0,0,0,0,0,DIRECT,0,0,0,0,1,0.0,1,2.0,2.0,0,265.04,132.52,2.0,0,2.0,0,3,1,1.0,6.123233995736766e-17,3.8918202981106265,12.0,0,7.783640596221253,0.0,3.8918202981106265,0.0,0.0,3.8918202981106265,0.8752179472277113,0.8865536324031554,0,0.08626550740270192,0,vrai négatif
R009277,2025-01-14,2025-03-10,Veneto,Venezia,urbaine_littorale,VEN-3-2,3,famille,Europe_Centrale,plateforme_en_ligne,avion_direct,55,4,2,2.0,1,petit_dejeuner,oui,partiel,194.23,8,714.77,nouveau,0,0,2.0,0,0,1,0,0,AG015,0,0,0,0,0,0.0,1,4.0,4.0,1,178.6925,178.6925,1.0,1,0.0,0,3,1,1.0,6.123233995736766e-17,4.02535169073515,13.75,0,4.02535169073515,4.02535169073515,0.0,1.0,0.0,8.0507033814703,0.9505236370754624,1.0944384966473206,0,0.27002315702191193,1,faux positif
R009695,2025-01-14,2025-02-02,Sardegna,Cagliari,insulaire_balneaire,SAR-4-3,4,loisirs_couple,Italie,agence,avion_correspondance,19,8,2,0.0,1,aucune,oui,aucun,148.76,5,1130.58,nouveau,0,0,1.0,0,0,0,0,0,AG029,1,0,0,0,0,0.0,1,2.0,2.0,0,565.29,141.3225,0.0,1,-1.0,1,2,1,0.8660254037844386,0.5000000000000001,2.995732273553991,2.375,0,0.0,2.995732273553991,0.0,0.0,0.0,2.995732273553991,0.7404126122987332,0.8952277787807666,1,0.36855578160191443,1,vrai positif
R000788,2025-01-15,2025-02-17,Toscana,Firenze,culturelle_rurale,TOS-5-3,5,loisirs_couple,Asie_Pacifique,plateforme_en_ligne,voiture,33,6,2,0.0,1,petit_dejeuner,oui,aucun,179.56,0,1077.36,nouveau,0,0,1.0,1,0,0,0,0,AG019,1,0,0,0,0,0.0,1,2.0,2.0,0,538.68,179.55999999999997,0.0,1,-1.0,1,2,1,0.8660254037844386,0.5000000000000001,3.5263605246161616,5.5,1,0.0,3.5263605246161616,0.0,0.0,3.5263605246161616,3.5263605246161616,0.7508258415220572,1.0754027669641253,1,0.37240125095737386,1,vrai positif
R001206,2025-01-15,2025-03-27,Sicilia,Palermo,insulaire_mixte,SIC-4-2,4,famille,Italie,plateforme_en_ligne,avion_direct,71,7,2,2.0,1,petit_dejeuner,oui,aucun,167.96,6,1105.18,nouveau,0,0,0.0,1,0,0,0,0,AG019,0,0,0,0,0,0.0,1,4.0,4.0,1,276.295,157.88285714285715,0.0,1,-1.0,1,3,1,1.0,6.123233995736766e-17,4.276666119016055,10.142857142857142,1,0.0,4.276666119016055,0.0,0.0,4.276666119016055,0.0,0.9692423105776445,1.195870416518334,0,0.5107087972093405,1,faux positif
R001874,2025-01-15,2025-04-02,Campania,Napoli,urbaine_cotiere,CAM-3-1,3,famille,Italie,entreprise,voiture,77,7,2,2.0,1,petit_dejeuner,oui,partiel,244.02,7,1588.57,nouveau,0,0,3.0,0,0,0,1,0,DIRECT,0,0,0,0,1,0.0,1,4.0,4.0,1,397.1425,226.9385714285714,1.0,1,0.0,0,4,1,0.8660254037844387,-0.4999999999999998,4.356708826689592,11.0,0,4.356708826689592,4.356708826689592,4.356708826689592,1.0,0.0,13.070126480068776,1.504068047337278,1.2073623274454504,0,0.18730680430878124,0,vrai négatif
R002436,2025-01-15,2025-02-17,Lazio,Roma,urbaine_culturelle,LAZ-4-2,4,loisirs_couple,Europe_Centrale,site_hotel,avion_direct,33,7,2,0.0,1,petit_dejeuner,oui,aucun,204.59,4,1374.84,nouveau,0,0,2.0,0,0,1,0,0,DIRECT,0,0,1,0,1,0.0,1,2.0,2.0,0,687.42,196.40571428571428,0.0,1,-1.0,1,2,1,0.8660254037844386,0.5000000000000001,3.5263605246161616,4.714285714285714,0,0.0,3.5263605246161616,3.5263605246161616,0.0,0.0,7.052721049232323,1.0095731556871452,1.1916591431982992,0,0.28092010134380907,1,faux positif
R003094,2025-01-15,2025-02-08,Veneto,Venezia,urbaine_littorale,VEN-4-2,4,loisirs_couple,Europe_Ouest,site_hotel,avion_correspondance,24,3,2,0.0,1,aucune,oui,partiel,208.15,2,611.96,nouveau,0,0,0.0,0,0,0,0,1,DIRECT,0,0,0,0,1,0.0,1,2.0,2.0,0,305.98,203.98666666666668,1.0,1,0.0,0,2,1,0.8660254037844386,0.5000000000000001,3.2188758248682006,8.0,0,3.2188758248682006,3.2188758248682006,3.2188758248682006,1.0,0.0,0.0,0.9210992123196743,1.1151888561478704,0,0.20235111227577487,0,vrai négatif
R003350,2025-01-15,2025-02-27,Campania,Napoli,urbaine_cotiere,CAM-4-1,4,loisirs_couple,Europe_Centrale,plateforme_en_ligne,voiture,43,4,2,1.0,1,demi_pension,non,total,211.01,8,776.52,fidele,4,1,0.0,1,0,0,0,0,AG001,0,0,0,0,0,0.25,0,3.0,3.0,1,258.84,194.13,2.0,0,2.0,0,2,1,0.8660254037844386,0.5000000000000001,3.784189633918261,10.75,1,7.568379267836522,0.0,0.0,0.0,3.784189633918261,0.0,1.1150980288537757,1.314008157673506,0,0.21532717290934997,0,vrai négatif
R004350,2025-01-15,2025-03-01,Veneto,Venezia,urbaine_littorale,VEN-4-1,4,affaires,Europe_Ouest,telephone,avion_correspondance,45,2,2,0.0,1,petit_dejeuner,oui,partiel,209.32,0,418.64,fidele,2,0,0.0,1,0,0,0,1,DIRECT,0,0,0,0,1,0.0,0,2.0,2.0,0,209.32,209.32,1.0,1,0.0,0,3,1,1.0,6.123233995736766e-17,3.828641396489095,22.5,1,3.828641396489095,3.828641396489095,3.828641396489095,1.0,3.828641396489095,0.0,0.9486732080944503,1.1794669521609287,0,0.23183157691073178,0,vrai négatif
R004699,2025-01-15,2025-02-09,Lazio,Roma,urbaine_culturelle,LAZ-5-3,5,affaires,Italie,plateforme_en_ligne,train,25,1,2,0.0,1,aucune,oui,total,213.17,4,204.64,entreprise,5,1,1.0,0,0,0,0,0,AG044,0,0,0,0,0,0.2,0,2.0,2.0,0,102.32,204.64,2.0,1,1.0,0,2,1,0.8660254037844386,0.5000000000000001,3.258096538021482,25.0,0,6.516193076042964,3.258096538021482,0.0,2.0,0.0,3.258096538021482,0.8994135268554069,1.2416343885604448,0,0.19075328112889137,0,vrai négatif
R005984,2025-01-15,2025-04-01,Veneto,Venezia,urbaine_littorale,VEN-4-3,4,groupe,Inconnu,plateforme_en_ligne,train,76,3,6,0.0,2,petit_dejeuner,non,total,264.17,5,1505.77,nouveau,0,0,1.0,0,0,0,1,0,AG024,0,0,0,0,0,0.0,1,6.0,3.0,0,250.96166666666667,501.92333333333335,2.0,0,2.0,0,4,1,0.8660254037844387,-0.4999999999999998,4.343805421853684,25.333333333333332,0,8.687610843707368,0.0,0.0,0.0,0.0,4.343805421853684,1.2104286467043919,1.0262217387926347,0,0.19639513044217072,0,vrai négatif
R006448,2025-01-15,2025-06-28,Campania,Napoli,urbaine_cotiere,CAM-3-1,3,famille,Italie,plateforme_en_ligne,avion_direct,164,6,2,2.0,1,aucune,non,partiel,275.92,2,1622.41,nouveau,0,0,1.0,0,0,1,1,1,AG034,1,0,0,0,0,0.0,1,4.0,4.0,1,405.6025,270.4016666666667,1.0,0,1.0,0,6,1,1.2246467991473532e-16,-1.0,5.10594547390058,27.333333333333332,0,5.10594547390058,0.0,0.0,0.0,0.0,5.10594547390058,1.70069033530572,1.3116562084046397,1,0.3612600567235902,1,vrai positif
R006572,2025-01-15,2025-09-18,Sardegna,Cagliari,insulaire_balneaire,SAR-3-2,3,famille,Europe_Ouest,plateforme_en_ligne,avion_direct,246,10,2,1.0,1,aucune,non,aucun,167.12,3,1621.06,fidele,6,1,0.0,0,0,0,1,0,AG029,1,0,0,0,0,0.16666666666666666,0,3.0,3.0,1,540.3533333333334,162.106,0.0,0,0.0,0,9,1,-1.0,-1.8369701987210297e-16,5.5093883366279774,24.6,0,0.0,0.0,0.0,0.0,0.0,0.0,1.0873836944498667,0.7124677594696566,1,0.5668084283931629,1,vrai positif
R007529,2025-01-15,2025-03-07,Toscana,Firenze,culturelle_rurale,TOS-4-1,4,loisirs_couple,Italie,plateforme_en_ligne,voiture,51,6,2,0.0,1,aucune,non,total,144.9,3,843.32,fidele,8,1,0.0,0,0,0,0,1,AG014,0,0,0,0,0,0.125,0,2.0,2.0,0,421.66,140.55333333333334,2.0,0,2.0,0,3,1,1.0,6.123233995736766e-17,3.9512437185814275,8.5,0,7.902487437162855,0.0,0.0,0.0,0.0,0.0,0.6340380417696043,0.8530554574355351,0,0.1678962009582841,0,vrai négatif
R007945,2025-01-15,2025-03-13,Lazio,Roma,urbaine_culturelle,LAZ-4-2,4,groupe,Europe_Centrale,plateforme_en_ligne,avion_direct,57,4,4,0.0,3,petit_dejeuner,oui,aucun,190.3,1,2260.76,nouveau,0,0,0.0,0,0,0,0,0,AG008,1,0,0,1,0,0.0,1,4.0,1.3333333333333333,0,565.19,565.19,0.0,1,-1.0,1,3,1,1.0,6.123233995736766e-17,4.060443010546419,14.25,0,0.0,4.060443010546419,0.0,0.0,0.0,0.0,0.9390574882802862,1.1152786731524351,1,0.5407723474969414,1,vrai positif
R001165,2025-01-16,2025-01-26,Puglia,Bari,balneaire_rurale,PUG-3-1,3,famille,Autres,site_hotel,voiture,10,5,2,2.0,1,petit_dejeuner,oui,aucun,108.58,4,521.18,entreprise,8,1,2.0,1,0,0,0,0,DIRECT,0,0,0,0,1,0.125,0,4.0,4.0,1,130.295,104.23599999999999,0.0,1,-1.0,1,1,1,0.49999999999999994,0.8660254037844387,2.3978952727983707,2.0,1,0.0,2.3978952727983707,2.3978952727983707,0.0,2.3978952727983707,4.795790545596741,0.8478175997501367,0.8306303549571603,0,0.2857748687724619,1,faux positif
R001209,2025-01-16,2026-01-11,Lazio,Roma,urbaine_culturelle,LAZ-4-3,4,famille,Europe_Ouest,plateforme_en_ligne,train,360,3,2,3.0,2,demi_pension,oui,aucun,226.57,7,1264.26,nouveau,0,0,2.0,4,0,1,0,0,AG031,1,0,0,0,0,0.0,1,5.0,2.5,1,252.852,421.42,0.0,1,-1.0,1,1,1,0.49999999999999994,0.8660254037844387,5.8888779583328805,120.0,1,0.0,5.8888779583328805,0.0,0.0,5.8888779583328805,11.777755916665761,1.0969787934540522,1.237073437073437,1,0.8589561094550877,1,vrai positif
R002895,2025-01-16,2025-02-04,Puglia,Bari,balneaire_rurale,PUG-3-1,3,famille,Europe_Centrale,plateforme_en_ligne,voiture,19,7,2,1.0,1,demi_pension,oui,aucun,110.21,3,748.33,fidele,1,0,0.0,0,0,0,0,0,AG025,0,0,0,0,0,0.0,0,3.0,3.0,1,249.44333333333336,106.90428571428572,0.0,1,-1.0,1,2,1,0.8660254037844386,0.5000000000000001,2.995732273553991,2.7142857142857144,0,0.0,2.995732273553991,0.0,0.0,0.0,0.0,0.8605450144452252,0.9312209547950993,0,0.4425837054546444,1,faux positif
R003112,2025-01-16,2025-01-24,Liguria,Genova,littorale,LIG-3-2,3,affaires,Europe_Ouest,site_hotel,voiture,8,2,2,1.0,1,aucune,non,partiel,142.08,9,258.59,entreprise,8,1,0.0,0,0,0,0,1,DIRECT,0,0,0,0,1,0.125,0,3.0,3.0,1,86.19666666666666,129.295,1.0,0,1.0,0,1,1,0.49999999999999994,0.8660254037844387,2.1972245773362196,4.0,0,2.1972245773362196,0.0,2.1972245773362196,0.0,0.0,0.0,0.8804610522401934,0.926175809132688,0,0.12047849189853102,0,vrai négatif
R004042,2025-01-16,2025-04-16,Sicilia,Palermo,insulaire_mixte,SIC-3-2,3,loisirs_couple,Ameriques,agence,avion_correspondance,90,4,2,0.0,1,petit_dejeuner,non,total,110.12,0,440.48,nouveau,0,0,0.0,0,0,0,0,0,AG023,0,0,0,0,0,0.0,1,2.0,2.0,0,220.24,110.12,2.0,0,2.0,0,4,1,0.8660254037844387,-0.4999999999999998,4.51085950651685,22.5,0,9.0217190130337,0.0,0.0,0.0,0.0,0.0,0.7333022574415663,0.7591603184998793,0,0.1457747403021794,0,vrai négatif
R005021,2025-01-16,2025-02-16,Lazio,Roma,urbaine_culturelle,LAZ-3-3,3,famille,Italie,site_hotel,train,31,5,2,2.0,1,petit_dejeuner,oui,total,171.52,4,823.3,nouveau,0,0,1.0,1,0,0,0,0,DIRECT,0,0,0,0,1,0.0,1,4.0,4.0,1,205.825,164.66,2.0,1,1.0,0,2,1,0.8660254037844386,0.5000000000000001,3.4657359027997265,6.2,1,6.931471805599453,3.4657359027997265,3.4657359027997265,2.0,3.4657359027997265,3.4657359027997265,1.0247973387093665,0.9990389375891896,0,0.1263679370748358,0,vrai négatif
R005794,2025-01-16,2025-02-03,Lazio,Roma,urbaine_culturelle,LAZ-4-3,4,affaires,Europe_Ouest,telephone,train,18,1,2,0.0,1,petit_dejeuner,oui,aucun,269.5,0,269.5,fidele,1,0,1.0,0,0,0,0,0,DIRECT,1,0,0,0,1,0.0,0,2.0,2.0,0,134.75,269.5,0.0,1,-1.0,1,2,1,0.8660254037844386,0.5000000000000001,2.9444389791664403,18.0,0,0.0,2.9444389791664403,2.9444389791664403,0.0,0.0,2.9444389791664403,1.3048319938026531,1.5697352709904768,1,0.2776101207752659,1,vrai positif
R006329,2025-01-16,2025-01-29,Puglia,Bari,balneaire_rurale,PUG-3-2,3,loisirs_couple,Ameriques,agence,avion_correspondance,13,7,2,0.0,1,aucune,non,partiel,128.56,6,845.92,nouveau,0,0,0.0,1,0,0,0,0,AG014,0,0,0,0,0,0.0,1,2.0,2.0,0,422.96,120.84571428571428,1.0,0,1.0,0,1,1,0.49999999999999994,0.8660254037844387,2.639057329615259,1.8571428571428572,1,2.639057329615259,0.0,0.0,0.0,2.639057329615259,0.0,0.9301114165822602,0.9834761321909425,0,0.20096112565023633,0,vrai négatif
R006600,2025-01-16,2025-02-05,Toscana,Firenze,culturelle_rurale,TOS-3-1,3,famille,Europe_Ouest,site_hotel,avion_correspondance,20,6,2,2.0,1,aucune,oui,aucun,201.35,6,1135.61,nouveau,0,0,2.0,0,0,0,0,0,DIRECT,0,0,0,0,1,0.0,1,4.0,4.0,1,283.9025,189.26833333333332,0.0,1,-1.0,1,2,1,0.8660254037844386,0.5000000000000001,3.044522437723423,3.3333333333333335,0,0.0,3.044522437723423,3.044522437723423,0.0,0.0,6.089044875446846,1.1809037858127327,1.2059052524405582,0,0.2461383138700793,1,faux positif
R003833,2025-01-17,2025-03-02,Sicilia,Palermo,insulaire_mixte,SIC-5-1,5,famille,Europe_Centrale,agence,voiture,44,3,2,1.0,1,petit_dejeuner,oui,aucun,145.59,4,419.3,fidele,4,1,0.0,0,0,0,0,0,AG027,0,0,0,0,0,0.25,0,3.0,3.0,1,139.76666666666668,139.76666666666668,0.0,1,-1.0,1,3,1,1.0,6.123233995736766e-17,3.8066624897703196,14.666666666666666,0,0.0,3.8066624897703196,0.0,0.0,0.0,0.0,0.8034546508098563,1.0365966536133857,0,0.5631070044075501,1,faux positif
R004564,2025-01-17,2025-01-29,Lazio,Roma,urbaine_culturelle,LAZ-4-3,4,loisirs_couple,Europe_Ouest,plateforme_en_ligne,avion_direct,12,3,2,0.0,1,aucune,oui,aucun,173.66,7,484.51,nouveau,0,0,0.0,0,9,0,0,0,AG020,0,0,0,0,0,0.0,1,2.0,2.0,0,242.255,161.50333333333333,0.0,1,-1.0,1,1,1,0.49999999999999994,0.8660254037844387,2.5649493574615367,4.0,0,0.0,2.5649493574615367,0.0,0.0,0.0,0.0,0.8408056550789192,0.9481845481845481,0,0.35817755933530526,1,faux positif
R004639,2025-01-17,2025-02-22,Lazio,Roma,urbaine_culturelle,LAZ-3-1,3,groupe,Italie,entreprise,avion_direct,36,5,5,0.0,3,aucune,non,partiel,127.44,5,1816.02,nouveau,0,0,0.0,0,0,0,0,1,DIRECT,0,0,0,0,1,0.0,1,5.0,1.6666666666666667,0,363.204,363.204,1.0,0,1.0,0,2,1,0.8660254037844386,0.5000000000000001,3.6109179126442243,7.2,0,3.6109179126442243,0.0,3.6109179126442243,0.0,0.0,0.0,0.7407149084568438,0.7422896583859976,0,0.14728828063623445,0,vrai négatif
R004879,2025-01-17,2025-02-02,Lazio,Roma,urbaine_culturelle,LAZ-4-1,4,famille,Europe_Centrale,site_hotel,avion_direct,16,7,2,2.0,1,petit_dejeuner,non,partiel,114.8,3,779.49,fidele,2,0,1.0,0,12,0,0,0,DIRECT,0,0,0,0,1,0.0,0,4.0,4.0,1,194.8725,111.35571428571428,1.0,0,1.0,0,2,1,0.8660254037844386,0.5000000000000001,2.833213344056216,2.2857142857142856,0,2.833213344056216,0.0,2.833213344056216,0.0,0.0,2.833213344056216,0.5620838229533881,0.668666453097242,0,0.10936829101012394,0,vrai négatif
R006737,2025-01-17,2025-03-02,Toscana,Firenze,culturelle_rurale,TOS-4-3,4,loisirs_couple,Europe_Ouest,agence,train,44,6,2,0.0,1,petit_dejeuner,non,aucun,133.25,5,759.53,fidele,7,1,0.0,1,0,0,0,0,AG027,1,0,0,0,0,0.14285714285714285,0,2.0,2.0,0,379.765,126.58833333333332,0.0,0,0.0,0,3,1,1.0,6.123233995736766e-17,3.8066624897703196,7.333333333333333,1,0.0,0.0,0.0,0.0,3.8066624897703196,0.0,0.6559354155898497,0.7844695631696691,1,0.3483184573955662,1,vrai positif
R006748,2025-01-17,2025-03-27,Lombardia,Milano,affaires_lacs,LOM-4-3,4,groupe,Italie,site_hotel,train,69,4,3,0.0,2,pension_complete,non,partiel,180.17,2,1412.53,nouveau,0,0,1.0,0,0,0,0,0,DIRECT,0,0,0,0,1,0.0,1,3.0,1.5,0,470.8433333333333,353.1325,1.0,0,1.0,0,3,1,1.0,6.123233995736766e-17,4.248495242049359,17.25,0,4.248495242049359,0.0,4.248495242049359,0.0,0.0,4.248495242049359,0.8125648311008884,0.8902999456441171,0,0.1800246025741975,0,vrai négatif
R007212,2025-01-17,2025-02-22,Veneto,Venezia,urbaine_littorale,VEN-4-3,4,loisirs_couple,Italie,site_hotel,train,36,4,2,0.0,1,petit_dejeuner,non,partiel,226.97,5,862.49,nouveau,0,0,2.0,1,0,0,0,1,DIRECT,0,0,1,0,1,0.0,1,2.0,2.0,0,431.245,215.6225,1.0,0,1.0,0,2,1,0.8660254037844386,0.5000000000000001,3.6109179126442243,9.0,1,3.6109179126442243,0.0,3.6109179126442243,0.0,3.6109179126442243,7.221835825288449,1.039978006368989,1.2160192874363782,0,0.1298008693545162,0,vrai négatif
R007692,2025-01-17,2025-03-14,Veneto,Venezia,urbaine_littorale,VEN-5-2,5,groupe,Italie,site_hotel,avion_direct,56,4,5,0.0,2,petit_dejeuner,non,total,196.43,12,1382.87,fidele,5,1,0.0,0,0,0,0,1,DIRECT,0,0,0,0,1,0.2,0,5.0,2.5,0,276.57399999999996,345.7175,2.0,0,2.0,0,3,1,1.0,6.123233995736766e-17,4.04305126783455,14.0,0,8.0861025356691,0.0,4.04305126783455,0.0,0.0,0.0,0.7933039861071847,1.1068349580210741,0,0.14595601326987664,0,vrai négatif
R008638,2025-01-17,2025-02-27,Toscana,Firenze,culturelle_rurale,TOS-3-2,3,solo,Europe_Centrale,plateforme_en_ligne,train,41,2,1,1.0,1,petit_dejeuner,non,total,165.44,7,307.72,nouveau,0,0,0.0,1,0,1,0,0,AG022,0,0,0,0,0,0.0,1,2.0,2.0,1,153.86,153.86,2.0,0,2.0,0,2,1,0.8660254037844386,0.5000000000000001,3.7376696182833684,20.5,1,7.475339236566737,0.0,0.0,0.0,3.7376696182833684,0.0,0.9384004537719796,0.9908366772474098,0,0.16076915224828042,0,vrai négatif
R008876,2025-01-17,2025-03-09,Lazio,Roma,urbaine_culturelle,LAZ-4-1,4,famille,Italie,agence,avion_direct,51,6,2,2.0,1,petit_dejeuner,oui,aucun,169.72,2,997.95,fidele,10,2,0.0,1,0,0,0,0,AG015,0,0,0,1,0,0.2,0,4.0,4.0,1,249.4875,166.32500000000002,0.0,1,-1.0,1,3,1,1.0,6.123233995736766e-17,3.9512437185814275,8.5,1,0.0,3.9512437185814275,0.0,0.0,3.9512437185814275,0.0,0.8309831570701135,0.9946668229502432,0,0.4120600019777688,1,faux positif
R009321,2025-01-17,2025-01-25,Lazio,Roma,urbaine_culturelle,LAZ-4-3,4,affaires,Italie,agence,train,8,1,2,0.0,1,pension_complete,non,total,177.67,4,170.56,nouveau,0,0,1.0,0,0,0,0,1,AG021,0,0,0,0,0,0.0,1,2.0,2.0,0,85.28,170.56,2.0,0,2.0,0,1,1,0.49999999999999994,0.8660254037844387,2.1972245773362196,8.0,0,4.394449154672439,0.0,0.0,0.0,0.0,2.1972245773362196,0.8602207804783576,0.97007917007917,0,0.11217092083516664,0,vrai négatif
R001330,2025-01-18,2025-05-02,Toscana,Firenze,culturelle_rurale,TOS-4-3,4,famille,Europe_Ouest,plateforme_en_ligne,train,104,7,2,1.0,1,demi_pension,oui,aucun,242.95,8,1564.6,nouveau,0,0,2.0,0,0,0,1,1,AG014,0,0,0,0,0,0.0,1,3.0,3.0,1,521.5333333333333,223.5142857142857,0.0,1,-1.0,1,5,1,0.49999999999999994,-0.8660254037844387,4.653960350157523,14.857142857142858,0,0.0,4.653960350157523,0.0,0.0,0.0,9.307920700315046,1.1959437839966527,1.1462609105921209,0,0.4655058471357969,1,faux positif
R001555,2025-01-18,2025-03-07,Liguria,Genova,littorale,LIG-3-1,3,loisirs_couple,Asie_Pacifique,agence,avion_direct,48,3,2,0.0,1,petit_dejeuner,oui,partiel,161.47,2,474.72,nouveau,0,0,0.0,1,0,0,0,1,AG012,1,0,0,0,0,0.0,1,2.0,2.0,0,237.36,158.24,1.0,1,0.0,0,3,1,1.0,6.123233995736766e-17,3.8918202981106265,16.0,1,3.8918202981106265,3.8918202981106265,0.0,1.0,3.8918202981106265,0.0,1.0462644981533078,1.0339373759364794,1,0.2797913720133002,1,vrai positif
R002125,2025-01-18,2025-04-20,Campania,Napoli,urbaine_cotiere,CAM-5-3,5,solo,Europe_Ouest,plateforme_en_ligne,train,92,4,1,0.0,1,petit_dejeuner,non,partiel,290.94,5,1105.57,fidele,3,0,1.0,0,0,0,1,0,AG038,0,0,0,0,0,0.0,0,1.0,1.0,0,1105.57,276.3925,1.0,0,1.0,0,4,1,0.8660254037844387,-0.4999999999999998,4.532599493153256,23.0,0,4.532599493153256,0.0,0.0,0.0,0.0,4.532599493153256,1.435146133925268,1.4395131364108653,0,0.24348970690744326,1,faux positif
R002218,2025-01-18,2025-02-07,Sicilia,Palermo,insulaire_mixte,SIC-4-3,4,famille,Europe_Ouest,telephone,ferry,20,7,2,3.0,2,petit_dejeuner,non,total,105.04,2,1441.15,nouveau,0,0,2.0,0,0,0,0,1,DIRECT,0,0,0,0,1,0.0,1,5.0,2.5,1,288.23,205.87857142857143,2.0,0,2.0,0,2,1,0.8660254037844386,0.5000000000000001,3.044522437723423,2.857142857142857,0,6.089044875446846,0.0,3.044522437723423,0.0,0.0,6.089044875446846,0.6302273954520909,0.6679809220985692,0,0.0834218460499545,0,vrai négatif
R003232,2025-01-18,2025-03-08,Lombardia,Milano,affaires_lacs,LOM-4-1,4,solo,Italie,site_hotel,avion_direct,49,7,1,0.0,1,aucune,non,partiel,179.22,11,1116.54,nouveau,0,0,0.0,1,0,0,0,1,DIRECT,0,0,0,0,1,0.0,1,1.0,1.0,0,1116.54,159.50571428571428,1.0,0,1.0,0,3,1,1.0,6.123233995736766e-17,3.912023005428146,7.0,1,3.912023005428146,0.0,3.912023005428146,0.0,3.912023005428146,0.0,0.8114275365599674,0.8856055739487078,0,0.1526716648877672,0,vrai négatif
R004190,2025-01-18,2025-02-13,Puglia,Bari,balneaire_rurale,PUG-3-3,3,famille,Europe_Ouest,plateforme_en_ligne,avion_correspondance,26,4,2,1.0,1,aucune,oui,aucun,143.36,5,544.77,nouveau,0,0,0.0,0,0,0,0,0,AG007,1,0,0,0,0,0.0,1,3.0,3.0,1,181.59,136.1925,0.0,1,-1.0,1,2,1,0.8660254037844386,0.5000000000000001,3.295836866004329,6.5,0,0.0,3.295836866004329,0.0,0.0,0.0,0.0,1.0283336919876624,1.2113223489649347,1,0.41924696869101397,1,vrai positif
R004291,2025-01-18,2025-02-01,Campania,Napoli,urbaine_cotiere,CAM-3-2,3,affaires,Italie,telephone,train,14,1,2,0.0,1,aucune,non,aucun,119.29,6,112.13,nouveau,0,0,0.0,0,0,0,0,1,DIRECT,0,0,0,0,1,0.0,1,2.0,2.0,0,56.065,112.13,0.0,0,0.0,0,2,1,0.8660254037844386,0.5000000000000001,2.70805020110221,14.0,0,0.0,0.0,2.70805020110221,0.0,0.0,0.0,0.6986237188872622,0.7428464676028271,0,0.2551540643553632,1,faux positif
R004833,2025-01-18,2025-01-27,Lombardia,Milano,affaires_lacs,LOM-3-2,3,affaires,Europe_Ouest,plateforme_en_ligne,voiture,9,2,2,0.0,1,petit_dejeuner,oui,aucun,156.77,1,310.4,entreprise,9,2,1.0,1,0,0,0,0,AG045,0,0,0,0,0,0.2222222222222222,0,2.0,2.0,0,155.2,155.2,0.0,1,-1.0,1,1,1,0.49999999999999994,0.8660254037844387,2.302585092994046,4.5,1,0.0,2.302585092994046,0.0,0.0,2.302585092994046,2.302585092994046,0.8201197980696294,0.8014006747776301,0,0.3756361591970814,1,faux positif
R005688,2025-01-18,2025-02-02,Toscana,Firenze,culturelle_rurale,TOS-3-3,3,famille,Europe_Ouest,site_hotel,train,15,7,2,3.0,2,petit_dejeuner,oui,partiel,128.86,10,1623.64,nouveau,0,0,0.0,0,0,0,0,0,DIRECT,0,0,0,0,1,0.0,1,5.0,2.5,1,324.728,231.94857142857146,1.0,1,0.0,0,2,1,0.8660254037844386,0.5000000000000001,2.772588722239781,2.142857142857143,0,2.772588722239781,2.772588722239781,2.772588722239781,1.0,0.0,0.0,0.7489247936766245,0.7717554051626041,0,0.26317347498753235,1,faux positif
R005994,2025-01-18,2025-02-03,Lombardia,Milano,affaires_lacs,LOM-4-2,4,famille,Italie,entreprise,avion_direct,16,3,2,0.0,1,demi_pension,non,total,216.41,9,590.8,fidele,3,1,0.0,0,0,0,0,0,DIRECT,0,0,1,0,1,0.3333333333333333,0,2.0,2.0,0,295.4,196.9333333333333,2.0,0,2.0,0,2,1,0.8660254037844386,0.5000000000000001,2.833213344056216,5.333333333333333,0,5.666426688112432,0.0,2.833213344056216,0.0,0.0,0.0,0.9656418722948551,0.9951486446094774,0,0.10947131152688604,0,vrai négatif
R006242,2025-01-18,2025-03-28,Liguria,Genova,littorale,LIG-4-2,4,famille,Ameriques,agence,train,69,6,2,1.0,1,aucune,oui,aucun,149.19,8,823.53,fidele,5,1,1.0,1,0,0,0,1,AG024,0,0,0,0,0,0.2,0,3.0,3.0,1,274.51,137.255,0.0,1,-1.0,1,3,1,1.0,6.123233995736766e-17,4.248495242049359,11.5,1,0.0,4.248495242049359,0.0,0.0,4.248495242049359,4.248495242049359,0.8081579588851872,0.9553051162195043,0,0.5090327991967372,1,faux positif
R006726,2025-01-18,2025-02-08,Toscana,Firenze,culturelle_rurale,TOS-3-2,3,affaires,Italie,site_hotel,avion_direct,21,2,2,0.0,1,petit_dejeuner,oui,aucun,218.86,9,398.33,entreprise,10,2,1.0,0,0,0,0,1,DIRECT,0,0,0,0,1,0.2,0,2.0,2.0,0,199.165,199.165,0.0,1,-1.0,1,2,1,0.8660254037844386,0.5000000000000001,3.091042453358316,10.5,0,0.0,3.091042453358316,3.091042453358316,0.0,0.0,3.091042453358316,1.2414066931366987,1.3107743906090916,0,0.23066266080595393,0,vrai négatif
R008859,2025-01-18,2025-01-27,Puglia,Bari,balneaire_rurale,PUG-4-2,4,affaires,Europe_Ouest,entreprise,voiture,9,2,2,0.0,1,petit_dejeuner,oui,partiel,94.65,16,159.01,fidele,3,0,0.0,0,0,0,0,0,DIRECT,0,0,0,0,1,0.0,0,2.0,2.0,0,79.505,79.505,1.0,1,0.0,0,1,1,0.49999999999999994,0.8660254037844387,2.302585092994046,4.5,0,2.302585092994046,2.302585092994046,2.302585092994046,1.0,0.0,0.0,0.6290290423340201,0.7240667074663403,0,0.09755646917460556,0,vrai négatif
R009576,2025-01-18,2025-04-04,Puglia,Bari,balneaire_rurale,PUG-4-3,4,loisirs_couple,Europe_Ouest,site_hotel,voiture,76,7,2,0.0,1,demi_pension,oui,aucun,150.99,0,1056.93,nouveau,0,0,1.0,2,0,0,0,1,DIRECT,1,0,1,0,1,0.0,1,2.0,2.0,0,528.465,150.99,0.0,1,-1.0,1,4,1,0.8660254037844387,-0.4999999999999998,4.343805421853684,10.857142857142858,1,0.0,4.343805421853684,4.343805421853684,0.0,4.343805421853684,4.343805421853684,1.0079439252336448,1.1912426035502959,1,0.4484665476855486,1,vrai positif
R000298,2025-01-19,2025-03-03,Veneto,Venezia,urbaine_littorale,VEN-4-2,4,loisirs_couple,Autres,plateforme_en_ligne,train,43,7,2,0.0,1,petit_dejeuner,oui,aucun,141.46,8,911.0,nouveau,0,0,1.0,1,0,0,0,0,AG026,0,0,0,0,0,0.0,1,2.0,2.0,0,455.5,130.14285714285714,0.0,1,-1.0,1,3,1,1.0,6.123233995736766e-17,3.784189633918261,6.142857142857143,1,0.0,3.784189633918261,0.0,0.0,3.784189633918261,3.784189633918261,0.6259846004071157,0.7970924663323379,0,0.4195433553630503,1,faux positif
R002204,2025-01-19,2025-02-16,Lazio,Roma,urbaine_culturelle,LAZ-4-2,4,solo,Europe_Ouest,agence,train,28,4,1,0.0,1,petit_dejeuner,oui,aucun,221.7,4,851.33,fidele,9,1,0.0,0,0,0,0,0,AG042,1,0,0,0,0,0.1111111111111111,0,1.0,1.0,0,851.33,212.8325,0.0,1,-1.0,1,2,1,0.8660254037844386,0.5000000000000001,3.367295829986474,7.0,0,0.0,3.367295829986474,0.0,0.0,0.0,0.0,1.0940044411547,1.2913184028890117,1,0.36883688880887794,1,vrai positif
R002948,2025-01-19,2025-02-17,Sicilia,Palermo,insulaire_mixte,SIC-4-2,4,affaires,Europe_Centrale,agence,avion_direct,29,6,2,0.0,1,petit_dejeuner,oui,aucun,151.47,1,899.73,fidele,2,0,2.0,0,0,0,0,0,AG013,0,0,0,0,0,0.0,0,2.0,2.0,0,449.865,149.955,0.0,1,-1.0,1,2,1,0.8660254037844386,0.5000000000000001,3.4011973816621555,4.833333333333333,0,0.0,3.4011973816621555,0.0,0.0,0.0,6.802394763324311,0.8740839055917826,0.9632432432432433,0,0.2842371783604096,1,faux positif
R003778,2025-01-19,2025-03-14,Trentino-Alto_Adige,Bolzano,montagne,TRE-4-2,4,solo,Italie,entreprise,train,54,3,1,0.0,1,petit_dejeuner,oui,partiel,195.61,8,539.88,nouveau,0,0,1.0,0,0,0,0,1,DIRECT,0,0,0,0,1,0.0,1,1.0,1.0,0,539.88,179.96,1.0,1,0.0,0,3,1,1.0,6.123233995736766e-17,4.007333185232471,18.0,0,4.007333185232471,4.007333185232471,4.007333185232471,1.0,0.0,4.007333185232471,1.0383798704745728,1.1747642784217165,0,0.14741753449789183,0,vrai négatif
R004432,2025-01-19,2025-06-23,Veneto,Venezia,urbaine_littorale,VEN-4-1,4,loisirs_couple,Europe_Centrale,site_hotel,voiture,155,4,2,0.0,1,petit_dejeuner,oui,aucun,211.86,11,754.22,nouveau,0,0,4.0,0,0,0,1,0,DIRECT,1,0,0,0,1,0.0,1,2.0,2.0,0,377.11,188.555,0.0,1,-1.0,1,6,1,1.2246467991473532e-16,-1.0,5.049856007249537,38.75,0,0.0,5.049856007249537,5.049856007249537,0.0,0.0,20.19942402899815,0.9601849124158717,0.8526754271225325,1,0.3069201237428024,1,vrai positif
R005838,2025-01-19,2025-02-01,Liguria,Genova,littorale,LIG-3-1,3,affaires,Inconnu,agence,avion_correspondance,13,3,2,0.0,1,petit_dejeuner,non,total,123.86,4,356.72,nouveau,0,0,1.0,0,0,0,0,1,AG042,0,0,0,0,0,0.0,1,2.0,2.0,0,178.36,118.90666666666668,2.0,0,2.0,0,2,1,0.8660254037844386,0.5000000000000001,2.639057329615259,4.333333333333333,0,5.278114659230518,0.0,0.0,0.0,0.0,2.639057329615259,0.8025659301496791,0.8276092476279567,0,0.10447163369671354,0,vrai négatif
R006151,2025-01-19,2025-02-26,Veneto,Venezia,urbaine_littorale,VEN-4-1,4,famille,Italie,plateforme_en_ligne,train,38,4,2,3.0,2,petit_dejeuner,oui,aucun,210.62,3,1634.41,nouveau,0,0,0.0,0,0,1,0,0,AG008,0,0,0,0,0,0.0,1,5.0,2.5,1,326.882,408.6025,0.0,1,-1.0,1,2,1,0.8660254037844386,0.5000000000000001,3.6635616461296463,9.5,0,0.0,3.6635616461296463,0.0,0.0,0.0,0.0,0.9545650252668313,1.128422180551835,0,0.5062871960543412,1,faux positif
R006336,2025-01-19,2025-02-23,Lazio,Roma,urbaine_culturelle,LAZ-4-1,4,loisirs_couple,Europe_Ouest,plateforme_en_ligne,avion_direct,35,6,2,0.0,1,aucune,non,partiel,153.81,4,885.95,nouveau,0,0,2.0,1,0,0,0,0,AG041,0,0,0,0,0,0.0,1,2.0,2.0,0,442.975,147.65833333333333,1.0,0,1.0,0,2,1,0.8660254037844386,0.5000000000000001,3.58351893845611,5.833333333333333,1,3.58351893845611,0.0,0.0,0.0,3.58351893845611,7.16703787691222,0.7530846063454759,0.8958849054955296,0,0.18846213015059604,0,vrai négatif
R006671,2025-01-19,2025-02-20,Veneto,Venezia,urbaine_littorale,VEN-3-2,3,solo,Asie_Pacifique,site_hotel,avion_direct,32,6,1,0.0,1,aucune,oui,partiel,165.18,1,981.17,nouveau,0,0,0.0,0,0,0,0,0,DIRECT,0,0,0,0,1,0.0,1,1.0,1.0,0,981.17,163.52833333333334,1.0,1,0.0,0,2,1,0.8660254037844386,0.5000000000000001,3.4965075614664802,5.333333333333333,0,3.4965075614664802,3.4965075614664802,3.4965075614664802,1.0,0.0,0.0,0.8083586179896252,0.8849718724886151,0,0.207072892851446,0,vrai négatif
R006714,2025-01-19,2025-03-09,Liguria,Genova,littorale,LIG-3-1,3,loisirs_couple,Ameriques,site_hotel,voiture,49,2,2,0.0,1,aucune,oui,aucun,126.12,11,224.49,nouveau,0,0,2.0,0,0,0,0,0,DIRECT,0,0,0,0,1,0.0,1,2.0,2.0,0,112.245,112.245,0.0,1,-1.0,1,3,1,1.0,6.123233995736766e-17,3.912023005428146,24.5,0,0.0,3.912023005428146,3.912023005428146,0.0,0.0,7.824046010856292,0.8172098749433033,0.8075814817186399,0,0.2364116431159031,0,vrai négatif
R007231,2025-01-19,2025-02-16,Lombardia,Milano,affaires_lacs,LOM-4-3,4,loisirs_couple,Italie,site_hotel,train,28,3,2,0.0,1,pension_complete,oui,aucun,238.21,8,657.46,nouveau,0,0,0.0,1,0,0,0,0,DIRECT,0,0,0,0,1,0.0,1,2.0,2.0,0,328.73,219.15333333333334,0.0,1,-1.0,1,2,1,0.8660254037844386,0.5000000000000001,3.367295829986474,9.333333333333334,1,0.0,3.367295829986474,3.367295829986474,0.0,3.367295829986474,0.0,1.0743246290533532,1.09539466120985,0,0.30847976750977896,1,faux positif
R007986,2025-01-19,2025-03-20,Campania,Napoli,urbaine_cotiere,CAM-3-1,3,loisirs_couple,Europe_Centrale,plateforme_en_ligne,train,60,2,2,0.0,1,petit_dejeuner,oui,aucun,96.64,1,191.35,nouveau,0,0,1.0,1,0,0,0,0,AG002,1,0,0,0,0,0.0,1,2.0,2.0,0,95.675,95.675,0.0,1,-1.0,1,3,1,1.0,6.123233995736766e-17,4.110873864173311,30.0,1,0.0,4.110873864173311,0.0,0.0,4.110873864173311,4.110873864173311,0.5956607495069033,0.6184168426441415,1,0.41114522001618337,1,vrai positif
R008020,2025-01-19,2025-02-16,Veneto,Venezia,urbaine_littorale,VEN-3-1,3,famille,Asie_Pacifique,site_hotel,train,28,2,2,1.0,1,aucune,oui,aucun,143.99,12,253.42,fidele,1,0,1.0,0,0,1,0,0,DIRECT,1,0,0,0,1,0.0,0,3.0,3.0,1,84.47333333333333,126.71,0.0,1,-1.0,1,2,1,0.8660254037844386,0.5000000000000001,3.367295829986474,14.0,0,0.0,3.367295829986474,3.367295829986474,0.0,0.0,3.367295829986474,0.7331653046156981,0.7714438789177606,1,0.25907340422344494,1,vrai positif
R008473,2025-01-19,2025-02-13,Trentino-Alto_Adige,Bolzano,montagne,TRE-5-3,5,loisirs_couple,Inconnu,site_hotel,voiture,25,2,2,0.0,1,petit_dejeuner,non,total,241.87,10,435.37,fidele,9,2,0.0,1,0,0,1,0,DIRECT,0,0,0,0,1,0.2222222222222222,0,2.0,2.0,0,217.685,217.685,2.0,0,2.0,0,2,1,0.8660254037844386,0.5000000000000001,3.258096538021482,12.5,1,6.516193076042964,0.0,3.258096538021482,0.0,3.258096538021482,0.0,1.0959717250441796,1.1136845013352978,0,0.06796246883305901,0,vrai négatif
R000899,2025-01-20,2025-02-19,Trentino-Alto_Adige,Bolzano,montagne,TRE-3-2,3,solo,Italie,site_hotel,avion_correspondance,30,4,1,0.0,1,petit_dejeuner,oui,aucun,191.4,0,765.6,nouveau,0,0,0.0,0,0,0,1,0,DIRECT,1,0,0,0,1,0.0,1,1.0,1.0,0,765.6,191.4,0.0,1,-1.0,1,2,1,0.8660254037844386,0.5000000000000001,3.4339872044851463,7.5,0,0.0,3.4339872044851463,3.4339872044851463,0.0,0.0,0.0,1.2096315490109335,0.8812966203149462,1,0.3192806903087855,1,vrai positif
R000977,2025-01-20,2025-02-12,Toscana,Firenze,culturelle_rurale,TOS-4-1,4,solo,Europe_Ouest,plateforme_en_ligne,train,23,6,1,0.0,1,petit_dejeuner,oui,partiel,160.86,7,897.6,fidele,5,1,2.0,0,0,0,0,0,AG012,0,0,0,0,0,0.2,0,1.0,1.0,0,897.6,149.6,1.0,1,0.0,0,2,1,0.8660254037844386,0.5000000000000001,3.1780538303479458,3.8333333333333335,0,3.1780538303479458,3.1780538303479458,0.0,1.0,0.0,6.3561076606958915,0.7038741159355317,0.9634065999880219,0,0.23606722960940246,0,vrai négatif
R001124,2025-01-20,2025-01-26,Campania,Napoli,urbaine_cotiere,CAM-5-1,5,famille,Italie,plateforme_en_ligne,train,6,6,2,1.0,1,aucune,non,total,158.95,7,886.94,nouveau,0,0,0.0,0,0,0,0,0,AG045,0,0,0,0,0,0.0,1,3.0,3.0,1,295.6466666666667,147.82333333333335,2.0,0,2.0,0,1,1,0.49999999999999994,0.8660254037844387,1.9459101490553132,1.0,0,3.8918202981106265,0.0,0.0,0.0,0.0,0.0,0.7529785167815438,1.0340565331945482,0,0.17867037809668157,0,vrai négatif
R001207,2025-01-20,2025-02-09,Trentino-Alto_Adige,Bolzano,montagne,TRE-3-2,3,affaires,Europe_Ouest,agence,voiture,20,2,2,0.0,1,demi_pension,oui,aucun,242.66,4,465.91,nouveau,0,0,0.0,1,0,0,1,0,AG010,1,0,0,0,0,0.0,1,2.0,2.0,0,232.955,232.955,0.0,1,-1.0,1,2,1,0.8660254037844386,0.5000000000000001,3.044522437723423,10.0,1,0.0,3.044522437723423,0.0,0.0,3.044522437723423,0.0,1.533590343171333,1.1173220370199834,1,0.4182725461501849,1,vrai positif
R001228,2025-01-20,2025-04-18,Trentino-Alto_Adige,Bolzano,montagne,TRE-3-2,3,loisirs_couple,Ameriques,plateforme_en_ligne,avion_direct,88,5,2,0.0,1,aucune,oui,aucun,219.78,5,1043.96,nouveau,0,0,0.0,1,0,0,0,1,AG026,1,0,0,0,0,0.0,1,2.0,2.0,0,521.98,208.792,0.0,1,-1.0,1,4,1,0.8660254037844387,-0.4999999999999998,4.48863636973214,17.6,1,0.0,4.48863636973214,0.0,0.0,4.48863636973214,0.0,1.3889907097263479,1.2795016591954358,1,0.5041193436132506,1,vrai positif
R001488,2025-01-20,2025-04-28,Lombardia,Milano,affaires_lacs,LOM-4-2,4,famille,Italie,site_hotel,avion_direct,98,6,2,2.0,1,petit_dejeuner,oui,aucun,262.18,5,1494.43,nouveau,0,0,1.0,0,0,0,1,0,DIRECT,0,0,0,0,1,0.0,1,4.0,4.0,1,373.6075,249.0716666666667,0.0,1,-1.0,1,4,1,0.8660254037844387,-0.4999999999999998,4.59511985013459,16.333333333333332,0,0.0,4.59511985013459,4.59511985013459,0.0,0.0,4.59511985013459,1.1698719378876443,0.9929368100134447,0,0.4459237773864476,1,faux positif
R002381,2025-01-20,2025-02-05,Lazio,Roma,urbaine_culturelle,LAZ-4-1,4,famille,Europe_Centrale,site_hotel,avion_direct,16,7,2,3.0,2,demi_pension,oui,partiel,208.68,3,2833.87,nouveau,0,0,1.0,0,0,0,0,0,DIRECT,0,0,0,0,1,0.0,1,5.0,2.5,1,566.774,404.8385714285714,1.0,1,0.0,0,2,1,0.8660254037844386,0.5000000000000001,2.833213344056216,2.2857142857142856,0,2.833213344056216,2.833213344056216,2.833213344056216,1.0,0.0,2.833213344056216,1.0217391304347827,1.2154818417450564,0,0.2549956216633279,1,faux positif
R002470,2025-01-20,2025-01-31,Trentino-Alto_Adige,Bolzano,montagne,TRE-3-1,3,solo,Europe_Ouest,site_hotel,voiture,11,2,1,0.0,1,petit_dejeuner,oui,partiel,246.78,1,488.62,fidele,9,2,1.0,1,0,0,1,1,DIRECT,1,0,0,0,1,0.2222222222222222,0,1.0,1.0,0,488.62,244.31,1.0,1,0.0,0,1,1,0.49999999999999994,0.8660254037844387,2.4849066497880004,5.5,1,2.4849066497880004,2.4849066497880004,2.4849066497880004,1.0,2.4849066497880004,2.4849066497880004,1.5342721253380585,1.1139297643766364,1,0.1758356975451178,0,faux négatif
R004412,2025-01-20,2025-02-12,Toscana,Firenze,culturelle_rurale,TOS-4-1,4,affaires,Asie_Pacifique,plateforme_en_ligne,train,23,2,2,0.0,1,demi_pension,non,total,164.71,4,316.24,nouveau,0,0,1.0,0,0,0,0,0,AG043,0,0,0,0,0,0.0,1,2.0,2.0,0,158.12,158.12,2.0,0,2.0,0,2,1,0.8660254037844386,0.5000000000000001,3.1780538303479458,11.5,0,6.3561076606958915,0.0,0.0,0.0,0.0,3.1780538303479458,0.7207205373352072,0.986464634365455,0,0.10417421195299789,0,vrai négatif
R001246,2025-01-21,2025-04-29,Veneto,Venezia,urbaine_littorale,VEN-4-3,4,solo,Europe_Ouest,plateforme_en_ligne,train,98,3,1,0.0,1,petit_dejeuner,non,total,237.96,0,713.88,nouveau,0,0,2.0,1,0,0,1,0,AG033,0,0,1,0,0,0.0,1,1.0,1.0,0,713.88,237.96,2.0,0,2.0,0,4,1,0.8660254037844387,-0.4999999999999998,4.59511985013459,32.666666666666664,1,9.19023970026918,0.0,0.0,0.0,4.59511985013459,9.19023970026918,1.0903342573713029,0.9244036982363453,0,0.17069230669398416,0,vrai négatif
R002602,2025-01-21,2025-03-10,Veneto,Venezia,urbaine_littorale,VEN-3-1,3,solo,Europe_Centrale,site_hotel,train,48,2,1,0.0,1,petit_dejeuner,oui,partiel,193.84,2,379.93,nouveau,0,0,1.0,0,0,0,0,0,DIRECT,0,0,0,0,1,0.0,1,1.0,1.0,0,379.93,189.965,1.0,1,0.0,0,3,1,1.0,6.123233995736766e-17,3.8918202981106265,24.0,0,3.8918202981106265,3.8918202981106265,3.8918202981106265,1.0,0.0,3.8918202981106265,0.9869905038315641,1.0922409421310644,0,0.23368070594579585,0,vrai négatif
R002833,2025-01-21,2025-05-22,Lombardia,Milano,affaires_lacs,LOM-3-3,3,famille,Europe_Centrale,plateforme_en_ligne,avion_direct,121,3,2,3.0,2,petit_dejeuner,non,total,175.04,1,1039.74,nouveau,0,0,3.0,0,0,0,1,0,AG011,0,0,0,0,0,0.0,1,5.0,2.5,1,207.948,346.58,2.0,0,2.0,0,5,1,0.49999999999999994,-0.8660254037844387,4.804021044733257,40.333333333333336,0,9.608042089466514,0.0,0.0,0.0,0.0,14.41206313419977,0.8670067858734954,0.6408435234678187,0,0.13432205411336284,0,vrai négatif
R005389,2025-01-21,2025-02-11,Veneto,Venezia,urbaine_littorale,VEN-3-3,3,groupe,Europe_Centrale,entreprise,train,21,5,5,0.0,4,demi_pension,oui,partiel,150.0,14,2580.0,nouveau,0,0,0.0,0,0,0,0,0,DIRECT,1,0,0,1,1,0.0,1,5.0,1.25,0,516.0,516.0,1.0,1,0.0,0,2,1,0.8660254037844386,0.5000000000000001,3.091042453358316,4.2,0,3.091042453358316,3.091042453358316,3.091042453358316,1.0,0.0,0.0,0.8034737417943105,0.8036431824270024,1,0.19714233916776705,0,faux négatif
R006334,2025-01-21,2025-02-28,Veneto,Venezia,urbaine_littorale,VEN-5-1,5,affaires,Autres,plateforme_en_ligne,voiture,38,3,2,0.0,1,pension_complete,oui,partiel,214.72164948453607,3,624.84,entreprise,11,1,1.0,0,0,0,0,1,AG004,0,1,0,0,0,0.09090909090909091,0,2.0,2.0,0,312.42,208.28,1.0,1,0.0,0,2,1,0.8660254037844386,0.5000000000000001,3.6635616461296463,12.666666666666666,0,3.6635616461296463,3.6635616461296463,0.0,1.0,0.0,3.6635616461296463,0.794265182675653,1.1503972648515193,0,0.201650806452089,0,vrai négatif
R008183,2025-01-21,2025-02-21,Lazio,Roma,urbaine_culturelle,LAZ-3-3,3,groupe,Ameriques,entreprise,voiture,31,3,4,0.0,2,petit_dejeuner,non,total,150.55,8,831.04,fidele,5,1,1.0,0,0,0,0,1,DIRECT,0,0,0,0,1,0.2,0,4.0,2.0,0,207.76,277.0133333333333,2.0,0,2.0,0,2,1,0.8660254037844386,0.5000000000000001,3.4657359027997265,10.333333333333334,0,6.931471805599453,0.0,3.4657359027997265,0.0,0.0,3.4657359027997265,0.8995058263916461,0.8768966421061829,0,0.08595031882823356,0,vrai négatif
R001029,2025-01-22,2025-02-06,Liguria,Genova,littorale,LIG-4-3,4,loisirs_couple,Autres,site_hotel,voiture,15,4,2,0.0,1,petit_dejeuner,oui,aucun,184.89,1,732.16,fidele,9,2,1.0,1,0,0,0,0,DIRECT,0,0,0,0,1,0.2222222222222222,0,2.0,2.0,0,366.08,183.04,0.0,1,-1.0,1,2,1,0.8660254037844386,0.5000000000000001,2.772588722239781,3.75,1,0.0,2.772588722239781,2.772588722239781,0.0,2.772588722239781,2.772588722239781,1.066570522065186,1.2354002405452358,0,0.2463893422287339,1,faux positif
R001329,2025-01-22,2025-02-07,Toscana,Firenze,culturelle_rurale,TOS-4-2,4,loisirs_couple,Europe_Centrale,site_hotel,voiture,16,4,2,0.0,1,aucune,non,total,181.46,7,675.03,nouveau,0,0,3.0,0,0,0,0,1,DIRECT,0,0,0,0,1,0.0,1,2.0,2.0,0,337.515,168.7575,2.0,0,2.0,0,2,1,0.8660254037844386,0.5000000000000001,2.833213344056216,4.0,0,5.666426688112432,0.0,2.833213344056216,0.0,0.0,8.49964003216865,0.9130522290429707,1.0867820566568844,0,0.054720885909263356,0,vrai négatif
R002584,2025-01-22,2025-05-02,Lazio,Roma,urbaine_culturelle,LAZ-3-1,3,famille,Europe_Centrale,plateforme_en_ligne,train,100,2,2,2.0,1,aucune,oui,aucun,207.91,0,415.82,nouveau,0,0,2.0,0,0,0,1,1,AG021,0,0,0,0,0,0.0,1,4.0,4.0,1,103.955,207.91,0.0,1,-1.0,1,5,1,0.49999999999999994,-0.8660254037844387,4.61512051684126,50.0,0,0.0,4.61512051684126,0.0,0.0,0.0,9.23024103368252,1.208427782621331,0.8207081672127264,0,0.47987514846147533,1,faux positif
R004343,2025-01-22,2025-06-27,Campania,Napoli,urbaine_cotiere,CAM-3-2,3,loisirs_couple,Italie,telephone,train,156,3,2,0.0,1,petit_dejeuner,non,total,178.89,2,525.94,fidele,12,2,2.0,0,0,0,1,1,DIRECT,1,0,0,0,1,0.16666666666666666,0,2.0,2.0,0,262.97,175.31333333333336,2.0,0,2.0,0,6,1,1.2246467991473532e-16,-1.0,5.056245805348308,52.0,0,10.112491610696615,0.0,5.056245805348308,0.0,0.0,10.112491610696615,1.0476720351390922,0.8503993154592127,1,0.08024522864774938,0,faux négatif
R006626,2025-01-22,2025-01-29,Campania,Napoli,urbaine_cotiere,CAM-4-3,4,groupe,Europe_Ouest,plateforme_en_ligne,train,7,4,3,0.0,3,petit_dejeuner,oui,aucun,145.16,3,1689.66,nouveau,0,0,2.0,0,0,0,0,0,AG006,1,0,0,0,0,0.0,1,3.0,1.0,0,563.22,422.415,0.0,1,-1.0,1,1,1,0.49999999999999994,0.8660254037844387,2.0794415416798357,1.75,0,0.0,2.0794415416798357,0.0,0.0,0.0,4.1588830833596715,0.7809759509334481,0.9443450541586702,1,0.3621527180261482,1,vrai positif
R008562,2025-01-22,2025-02-15,Lazio,Roma,urbaine_culturelle,LAZ-3-1,3,famille,Europe_Ouest,plateforme_en_ligne,avion_direct,24,2,2,1.0,1,petit_dejeuner,oui,partiel,169.27,2,331.77,fidele,2,0,0.0,1,0,1,0,1,AG024,1,0,0,0,0,0.0,0,3.0,3.0,1,110.58999999999999,165.885,1.0,1,0.0,0,2,1,0.8660254037844386,0.5000000000000001,3.2188758248682006,12.0,1,3.2188758248682006,3.2188758248682006,0.0,1.0,3.2188758248682006,0.0,0.9838419064225515,0.9859335410781374,1,0.32863619388546983,1,vrai positif
R008971,2025-01-22,2025-02-12,Campania,Napoli,urbaine_cotiere,CAM-4-3,4,loisirs_couple,Europe_Ouest,plateforme_en_ligne,avion_direct,21,4,2,1.0,1,aucune,oui,aucun,148.71,1,588.89,fidele,7,1,1.0,0,0,0,0,0,AG033,1,0,0,0,0,0.14285714285714285,0,3.0,3.0,1,196.29666666666665,147.2225,0.0,1,-1.0,1,2,1,0.8660254037844386,0.5000000000000001,3.091042453358316,5.25,0,0.0,3.091042453358316,0.0,0.0,0.0,3.091042453358316,0.8000753214612364,0.9260516237506616,1,0.4229804466933208,1,vrai positif
R000420,2025-01-23,2025-03-04,Veneto,Venezia,urbaine_littorale,VEN-3-1,3,famille,Italie,site_hotel,train,40,6,2,1.0,1,petit_dejeuner,oui,aucun,159.07,2,935.33,nouveau,0,0,0.0,0,0,0,0,0,DIRECT,0,0,0,0,1,0.0,1,3.0,3.0,1,311.7766666666667,155.88833333333335,0.0,1,-1.0,1,3,1,1.0,6.123233995736766e-17,3.713572066704308,6.666666666666667,0,0.0,3.713572066704308,3.713572066704308,0.0,0.0,0.0,0.8099493367957433,0.8963205048740632,0,0.36889198164518733,1,faux positif
R000759,2025-01-23,2025-02-09,Veneto,Venezia,urbaine_littorale,VEN-3-2,3,loisirs_couple,Italie,plateforme_en_ligne,avion_correspondance,17,5,2,0.0,1,petit_dejeuner,oui,partiel,138.77,6,652.22,fidele,9,2,0.0,0,0,0,0,0,AG041,0,0,0,0,0,0.2222222222222222,0,2.0,2.0,0,326.11,130.44400000000002,1.0,1,0.0,0,2,1,0.8660254037844386,0.5000000000000001,2.8903717578961645,3.4,0,2.8903717578961645,2.8903717578961645,0.0,1.0,0.0,0.0,0.6791132426348243,0.7434770961693009,0,0.2801261193538528,1,faux positif
R000924,2025-01-23,2025-01-30,Veneto,Venezia,urbaine_littorale,VEN-3-3,3,affaires,Europe_Ouest,site_hotel,train,7,1,2,0.0,1,demi_pension,non,partiel,136.23,3,132.14,fidele,2,0,2.0,1,0,0,0,0,DIRECT,0,0,0,0,1,0.0,0,2.0,2.0,0,66.07,132.14,1.0,0,1.0,0,1,1,0.49999999999999994,0.8660254037844387,2.0794415416798357,7.0,1,2.0794415416798357,0.0,2.0794415416798357,0.0,2.0794415416798357,4.1588830833596715,0.7297148522975927,0.7012405415143871,0,0.1024661746829266,0,vrai négatif
R001062,2025-01-23,2025-01-27,Puglia,Bari,balneaire_rurale,PUG-4-1,4,affaires,Europe_Ouest,agence,voiture,4,3,2,0.0,1,demi_pension,non,total,116.96,0,350.88,nouveau,0,0,1.0,1,0,0,0,0,AG006,0,0,0,0,0,0.0,1,2.0,2.0,0,175.44,116.96,2.0,0,2.0,0,1,1,0.49999999999999994,0.8660254037844387,1.6094379124341003,1.3333333333333333,1,3.2188758248682006,0.0,0.0,0.0,1.6094379124341003,1.6094379124341003,0.7068777952375196,0.8947368421052632,0,0.1119211587850455,0,vrai négatif
R002211,2025-01-23,2025-02-27,Veneto,Venezia,urbaine_littorale,VEN-3-3,3,groupe,Autres,plateforme_en_ligne,avion_direct,35,24,3,0.0,4,aucune,oui,partiel,138.85,6,12529.82,nouveau,0,0,1.0,0,0,0,0,0,AG004,0,0,0,0,0,0.0,1,3.0,0.75,0,4176.606666666667,522.0758333333333,1.0,1,0.0,0,2,1,0.8660254037844386,0.5000000000000001,3.58351893845611,1.4583333333333333,0,3.58351893845611,3.58351893845611,0.0,1.0,0.0,3.58351893845611,0.7437488603209333,0.7439057058665952,0,0.299809602950866,1,faux positif
R003105,2025-01-23,2025-02-06,Campania,Napoli,urbaine_cotiere,CAM-3-3,3,famille,Europe_Centrale,agence,train,14,4,2,0.0,1,petit_dejeuner,non,aucun,101.77,3,394.87,fidele,6,1,2.0,0,0,0,0,0,AG008,0,0,1,0,0,0.16666666666666666,0,2.0,2.0,0,197.435,98.7175,0.0,0,0.0,0,2,1,0.8660254037844386,0.5000000000000001,2.70805020110221,3.5,0,0.0,0.0,0.0,0.0,0.0,5.41610040220442,0.6137562946657419,0.6337453684964348,0,0.28321975756096784,1,faux positif
R004759,2025-01-23,2025-03-18,Sardegna,Cagliari,insulaire_balneaire,SAR-5-2,5,loisirs_couple,Europe_Ouest,plateforme_en_ligne,avion_direct,54,6,2,0.0,1,aucune,non,partiel,207.44,7,1157.52,nouveau,0,0,2.0,0,0,0,0,0,AG036,1,0,0,0,0,0.0,1,2.0,2.0,0,578.76,192.92,1.0,0,1.0,0,3,1,1.0,6.123233995736766e-17,4.007333185232471,9.0,0,4.007333185232471,0.0,0.0,0.0,0.0,8.014666370464942,0.9995663277598419,1.1619335685879124,1,0.17716764539226484,0,faux négatif
R004893,2025-01-23,2025-03-21,Campania,Napoli,urbaine_cotiere,CAM-4-3,4,loisirs_couple,Italie,entreprise,avion_direct,57,6,2,0.0,1,petit_dejeuner,oui,aucun,204.9,13,1069.58,nouveau,0,0,2.0,1,0,0,0,1,DIRECT,0,0,0,0,1,0.0,1,2.0,2.0,0,534.79,178.26333333333332,0.0,1,-1.0,1,3,1,1.0,6.123233995736766e-17,4.060443010546419,9.5,1,0.0,4.060443010546419,4.060443010546419,0.0,4.060443010546419,8.120886021092838,1.102383386237693,1.3111921674025724,0,0.1865755110916327,0,vrai négatif
R005091,2025-01-23,2025-02-01,Lombardia,Milano,affaires_lacs,LOM-4-1,4,solo,Italie,site_hotel,avion_direct,9,3,1,0.0,1,aucune,oui,aucun,195.81,5,558.06,fidele,5,1,1.0,1,0,0,0,1,DIRECT,0,0,0,0,1,0.2,0,1.0,1.0,0,558.06,186.01999999999998,0.0,1,-1.0,1,2,1,0.8660254037844386,0.5000000000000001,2.302585092994046,3.0,1,0.0,2.302585092994046,2.302585092994046,0.0,2.302585092994046,2.302585092994046,0.8865395934259972,0.9004207573632539,0,0.3329453377911791,1,faux positif
R005621,2025-01-23,2025-02-28,Sicilia,Palermo,insulaire_mixte,SIC-3-3,3,solo,Europe_Ouest,agence,avion_direct,36,26,1,0.0,1,demi_pension,non,total,138.2,5,3413.54,fidele,4,1,0.0,0,12,0,0,1,AG008,0,0,0,0,0,0.25,0,1.0,1.0,0,3413.54,131.29,2.0,0,2.0,0,2,1,0.8660254037844386,0.5000000000000001,3.6109179126442243,1.3846153846153846,0,7.221835825288449,0.0,0.0,0.0,0.0,0.0,0.9789615357370546,0.8788553259141494,0,0.1529968868077202,0,vrai négatif
R006902,2025-01-23,2025-02-07,Lombardia,Milano,affaires_lacs,LOM-4-2,4,affaires,Italie,plateforme_en_ligne,train,15,1,2,0.0,1,demi_pension,non,total,133.77,6,125.74,nouveau,0,0,1.0,1,11,0,0,1,AG045,0,0,0,0,0,0.0,1,2.0,2.0,0,62.87,125.74,2.0,0,2.0,0,2,1,0.8660254037844386,0.5000000000000001,2.772588722239781,15.0,1,5.545177444479562,0.0,0.0,0.0,2.772588722239781,2.772588722239781,0.5968943822230155,0.6151334697537535,0,0.11322687342344914,0,vrai négatif
R006950,2025-01-23,2025-03-02,Campania,Napoli,urbaine_cotiere,CAM-4-1,4,loisirs_couple,Europe_Centrale,site_hotel,voiture,38,7,2,0.0,1,demi_pension,non,total,118.8,11,740.12,nouveau,0,0,1.0,0,0,0,0,0,DIRECT,0,0,0,0,1,0.0,1,2.0,2.0,0,370.06,105.73142857142857,2.0,0,2.0,0,3,1,1.0,6.123233995736766e-17,3.6635616461296463,5.428571428571429,0,7.327123292259293,0.0,3.6635616461296463,0.0,0.0,3.6635616461296463,0.6278074301115045,0.7602226914954885,0,0.09202985295375493,0,vrai négatif
R007090,2025-01-23,2025-03-06,Veneto,Venezia,urbaine_littorale,VEN-4-1,4,loisirs_couple,Italie,plateforme_en_ligne,avion_direct,42,3,2,0.0,1,aucune,oui,partiel,169.41,2,498.07,nouveau,0,0,1.0,0,0,0,0,0,AG022,1,0,0,0,0,0.0,1,2.0,2.0,0,249.035,166.02333333333334,1.0,1,0.0,0,3,1,1.0,6.123233995736766e-17,3.7612001156935624,14.0,0,3.7612001156935624,3.7612001156935624,0.0,1.0,0.0,3.7612001156935624,0.7677944209023544,0.9545838733307037,1,0.29054365341199984,1,vrai positif
R008141,2025-01-23,2025-02-06,Puglia,Bari,balneaire_rurale,PUG-4-2,4,affaires,Italie,site_hotel,train,14,3,2,0.0,1,petit_dejeuner,oui,partiel,178.56,9,487.47,nouveau,0,0,1.0,0,0,0,0,0,DIRECT,0,0,0,0,1,0.0,1,2.0,2.0,0,243.735,162.49,1.0,1,0.0,0,2,1,0.8660254037844386,0.5000000000000001,2.70805020110221,4.666666666666667,0,2.70805020110221,2.70805020110221,2.70805020110221,1.0,0.0,2.70805020110221,1.1866817305775237,1.5087452471482892,0,0.1678999237085687,0,vrai négatif
R000151,2025-01-24,2025-02-08,Lombardia,Milano,affaires_lacs,LOM-4-2,4,loisirs_couple,Italie,plateforme_en_ligne,train,15,7,2,0.0,1,aucune,oui,aucun,247.85,8,1596.15,nouveau,0,0,0.0,0,0,0,0,1,AG024,1,0,0,0,0,0.0,1,2.0,2.0,0,798.075,228.02142857142857,0.0,1,-1.0,1,2,1,0.8660254037844386,0.5000000000000001,2.772588722239781,2.142857142857143,0,0.0,2.772588722239781,0.0,0.0,0.0,0.0,1.1059301236000179,1.1397236336881797,1,0.4129884685752902,1,vrai positif
R000587,2025-01-24,2025-04-09,Toscana,Firenze,culturelle_rurale,TOS-3-2,3,groupe,Italie,agence,avion_direct,75,4,5,0.0,3,demi_pension,non,total,528.93,2,6220.22,nouveau,0,0,1.0,0,0,1,1,0,AG011,0,0,0,0,0,0.0,1,5.0,1.6666666666666667,0,1244.044,1555.055,2.0,0,2.0,0,4,1,0.8660254037844387,-0.4999999999999998,4.330733340286331,18.75,0,8.661466680572662,0.0,0.0,0.0,0.0,4.330733340286331,3.000170164492342,2.266583818992115,0,0.1806586459996246,0,vrai négatif
R002070,2025-01-24,2025-03-08,Trentino-Alto_Adige,Bolzano,montagne,TRE-5-1,5,loisirs_couple,Europe_Ouest,site_hotel,voiture,43,3,2,0.0,1,petit_dejeuner,oui,aucun,217.84,2,640.45,nouveau,0,0,2.0,1,0,0,0,1,DIRECT,0,0,0,0,1,0.0,1,2.0,2.0,0,320.225,213.48333333333335,0.0,1,-1.0,1,3,1,1.0,6.123233995736766e-17,3.784189633918261,14.333333333333334,1,0.0,3.784189633918261,3.784189633918261,0.0,3.784189633918261,7.568379267836522,0.9836317251032894,1.308269773587172,0,0.2689539992768487,1,faux positif
R004123,2025-01-24,2025-02-12,Puglia,Bari,balneaire_rurale,PUG-4-2,4,famille,Europe_Centrale,telephone,train,19,6,2,3.0,2,aucune,non,partiel,183.97,8,2031.03,nouveau,0,0,0.0,1,0,0,0,0,DIRECT,0,0,0,0,1,0.0,1,5.0,2.5,1,406.206,338.505,1.0,0,1.0,0,2,1,0.8660254037844386,0.5000000000000001,2.995732273553991,3.1666666666666665,1,2.995732273553991,0.0,2.995732273553991,0.0,2.995732273553991,0.0,1.2226357413437894,1.554457118715674,0,0.1852731600054158,0,vrai négatif
R006979,2025-01-24,2025-03-12,Liguria,Genova,littorale,LIG-4-3,4,famille,Italie,entreprise,voiture,47,5,2,1.0,1,petit_dejeuner,oui,aucun,189.94,11,845.23,fidele,5,1,1.0,1,0,1,0,0,DIRECT,1,0,0,0,1,0.2,0,3.0,3.0,1,281.74333333333334,169.046,0.0,1,-1.0,1,3,1,1.0,6.123233995736766e-17,3.8712010109078907,9.4,1,0.0,3.8712010109078907,3.8712010109078907,0.0,3.8712010109078907,3.8712010109078907,1.095702336313816,1.2162387142216813,1,0.22353743282248587,0,faux négatif
R007320,2025-01-24,2025-03-17,Veneto,Venezia,urbaine_littorale,VEN-4-1,4,solo,Europe_Centrale,site_hotel,train,52,7,1,0.0,1,petit_dejeuner,non,total,206.6,9,1316.04,nouveau,0,0,3.0,0,0,0,0,0,DIRECT,0,0,0,0,1,0.0,1,1.0,1.0,0,1316.04,188.00571428571428,2.0,0,2.0,0,3,1,1.0,6.123233995736766e-17,3.970291913552122,7.428571428571429,0,7.940583827104244,0.0,3.970291913552122,0.0,0.0,11.910875740656365,0.936345713703007,1.1641404180988335,0,0.06617958456216266,0,vrai négatif
R008038,2025-01-24,2025-02-10,Toscana,Firenze,culturelle_rurale,TOS-5-2,5,famille,Europe_Ouest,plateforme_en_ligne,train,17,3,2,2.0,1,demi_pension,oui,aucun,179.49,8,495.39,nouveau,0,0,2.0,0,0,0,0,0,AG027,0,0,0,0,0,0.0,1,4.0,4.0,1,123.8475,165.13,0.0,1,-1.0,1,2,1,0.8660254037844386,0.5000000000000001,2.8903717578961645,5.666666666666667,0,0.0,2.8903717578961645,0.0,0.0,0.0,5.780743515792329,0.7729308414434588,1.0749835299754447,0,0.342655842700769,1,faux positif
R008145,2025-01-24,2025-02-21,Toscana,Firenze,culturelle_rurale,TOS-3-2,3,solo,Italie,agence,voiture,28,3,1,0.0,1,demi_pension,non,total,161.77,2,475.6,nouveau,0,0,3.0,0,0,0,0,1,AG035,0,0,0,0,0,0.0,1,1.0,1.0,0,475.6,158.53333333333333,2.0,0,2.0,0,2,1,0.8660254037844386,0.5000000000000001,3.367295829986474,9.333333333333334,0,6.734591659972948,0.0,0.0,0.0,0.0,10.101887489959422,0.9175836642087352,0.9688566808408697,0,0.10312930207385396,0,vrai négatif
R008901,2025-01-24,2025-02-14,Campania,Napoli,urbaine_cotiere,CAM-4-2,4,groupe,Italie,plateforme_en_ligne,avion_direct,21,2,3,0.0,3,petit_dejeuner,oui,aucun,207.8,6,1171.99,nouveau,0,0,1.0,0,0,0,0,1,AG002,0,0,0,0,0,0.0,1,3.0,1.0,0,390.66333333333336,585.995,0.0,1,-1.0,1,2,1,0.8660254037844386,0.5000000000000001,3.091042453358316,10.5,0,0.0,3.091042453358316,0.0,0.0,0.0,3.091042453358316,1.0863939354332768,1.2940187439673694,0,0.43470824871750224,1,faux positif
R009051,2025-01-24,2025-03-05,Sardegna,Cagliari,insulaire_balneaire,SAR-5-3,5,solo,Europe_Centrale,site_hotel,avion_correspondance,40,9,1,0.0,1,petit_dejeuner,oui,partiel,185.21,12,1466.86,fidele,4,1,0.0,0,0,0,0,0,DIRECT,0,0,0,1,1,0.25,0,1.0,1.0,0,1466.86,162.98444444444442,1.0,1,0.0,0,3,1,1.0,6.123233995736766e-17,3.713572066704308,4.444444444444445,0,3.713572066704308,3.713572066704308,3.713572066704308,1.0,0.0,0.0,0.8789180211175702,1.0374166806699154,0,0.2999832397875728,1,faux positif
R009283,2025-01-24,2025-02-25,Lazio,Roma,urbaine_culturelle,LAZ-4-3,4,loisirs_couple,Italie,agence,voiture,32,2,2,0.0,1,petit_dejeuner,non,total,232.47,3,450.99,nouveau,0,0,1.0,0,0,0,0,0,AG010,0,0,0,0,0,0.0,1,2.0,2.0,0,225.495,225.495,2.0,0,2.0,0,2,1,0.8660254037844386,0.5000000000000001,3.4965075614664802,16.0,0,6.9930151229329605,0.0,0.0,0.0,0.0,3.4965075614664802,1.1255446886801588,1.354049567521915,0,0.10728846651474427,0,vrai négatif
R000149,2025-01-25,2025-02-19,Lombardia,Milano,affaires_lacs,LOM-4-3,4,loisirs_couple,Europe_Ouest,entreprise,avion_correspondance,25,7,2,0.0,1,aucune,oui,partiel,181.17,8,1166.73,nouveau,0,0,1.0,1,0,0,0,0,DIRECT,0,0,0,0,1,0.0,1,2.0,2.0,0,583.365,166.6757142857143,1.0,1,0.0,0,2,1,0.8660254037844386,0.5000000000000001,3.258096538021482,3.5714285714285716,1,3.258096538021482,3.258096538021482,3.258096538021482,1.0,3.258096538021482,3.258096538021482,0.8170748207279123,0.8330995792426367,0,0.14228278290511998,0,vrai négatif
R000355,2025-01-25,2025-02-25,Sardegna,Cagliari,insulaire_balneaire,SAR-3-3,3,loisirs_couple,Italie,plateforme_en_ligne,avion_correspondance,31,8,2,0.0,1,petit_dejeuner,non,aucun,126.57,2,992.31,fidele,2,0,2.0,0,0,0,0,0,AG020,0,0,0,0,0,0.0,0,2.0,2.0,0,496.155,124.03875,0.0,0,0.0,0,2,1,0.8660254037844386,0.5000000000000001,3.4657359027997265,3.875,0,0.0,0.0,0.0,0.0,0.0,6.931471805599453,0.7384049938743362,0.761689835710417,0,0.24973997790594435,1,faux positif
R000391,2025-01-25,2025-02-17,Lombardia,Milano,affaires_lacs,LOM-4-3,4,affaires,Italie,site_hotel,avion_direct,23,2,2,1.0,1,demi_pension,oui,aucun,216.09,6,406.25,nouveau,0,0,1.0,0,0,1,0,0,DIRECT,0,0,0,0,1,0.0,1,3.0,3.0,1,135.41666666666666,203.125,0.0,1,-1.0,1,2,1,0.8660254037844386,0.5000000000000001,3.1780538303479458,11.5,0,0.0,3.1780538303479458,3.1780538303479458,0.0,0.0,3.1780538303479458,0.9745636585035855,0.993677143448371,0,0.2738247289890403,1,faux positif
R000447,2025-01-25,2025-02-27,Liguria,Genova,littorale,LIG-3-1,3,famille,Ameriques,site_hotel,voiture,33,7,2,2.0,1,petit_dejeuner,oui,partiel,185.61,1,1286.28,nouveau,0,0,1.0,0,0,0,0,0,DIRECT,0,0,0,0,1,0.0,1,4.0,4.0,1,321.57,183.75428571428571,1.0,1,0.0,0,2,1,0.8660254037844386,0.5000000000000001,3.5263605246161616,4.714285714285714,0,3.5263605246161616,3.5263605246161616,3.5263605246161616,1.0,0.0,3.5263605246161616,1.202682563338301,1.2402111452625952,0,0.1817687659501581,0,vrai négatif
R001886,2025-01-25,2025-02-19,Puglia,Bari,balneaire_rurale,PUG-3-1,3,loisirs_couple,Inconnu,telephone,avion_direct,25,7,2,0.0,1,demi_pension,non,partiel,106.69,7,694.55,fidele,4,1,1.0,0,2,0,0,0,DIRECT,0,0,0,0,1,0.25,0,2.0,2.0,0,347.275,99.22142857142856,1.0,0,1.0,0,2,1,0.8660254037844386,0.5000000000000001,3.258096538021482,3.5714285714285716,0,3.258096538021482,0.0,3.258096538021482,0.0,0.0,3.258096538021482,0.8330600452877333,0.9014786649767639,0,0.14972850015743236,0,vrai négatif
R005884,2025-01-25,2025-02-02,Campania,Napoli,urbaine_cotiere,CAM-3-3,3,famille,Italie,agence,train,8,2,2,3.0,2,petit_dejeuner,oui,aucun,140.19,3,543.94,nouveau,0,0,0.0,0,0,0,0,0,AG003,0,0,0,1,0,0.0,1,5.0,2.5,1,108.78800000000001,271.97,0.0,1,-1.0,1,2,1,0.8660254037844386,0.5000000000000001,2.1972245773362196,4.0,0,0.0,2.1972245773362196,0.0,0.0,0.0,0.0,0.8454603021439556,0.8729956098016626,0,0.4787276226658185,1,faux positif
R006498,2025-01-25,2025-03-11,Sicilia,Palermo,insulaire_mixte,SIC-5-3,5,groupe,Ameriques,plateforme_en_ligne,avion_direct,45,7,3,0.0,2,aucune,oui,aucun,213.7,8,2752.46,nouveau,0,0,2.0,0,0,0,0,0,AG024,0,0,0,0,0,0.0,1,3.0,1.5,0,917.4866666666667,393.2085714285714,0.0,1,-1.0,1,3,1,1.0,6.123233995736766e-17,3.828641396489095,6.428571428571429,0,0.0,3.828641396489095,0.0,0.0,0.0,7.65728279297819,1.1755968753438222,1.5215379138483447,0,0.37832845542503674,1,faux positif
R007781,2025-01-25,2025-03-21,Trentino-Alto_Adige,Bolzano,montagne,TRE-4-2,4,loisirs_couple,Italie,agence,voiture,55,6,2,0.0,1,petit_dejeuner,oui,partiel,247.32,5,1409.72,fidele,4,1,3.0,0,0,0,0,1,AG019,0,0,0,0,0,0.25,0,2.0,2.0,0,704.86,234.95333333333335,1.0,1,0.0,0,3,1,1.0,6.123233995736766e-17,4.02535169073515,9.166666666666666,0,4.02535169073515,4.02535169073515,0.0,1.0,0.0,12.076055072205449,1.3128782248646353,1.4853161972253919,0,0.2483060583314377,1,faux positif
R008003,2025-01-25,2025-02-21,Liguria,Genova,littorale,LIG-3-1,3,famille,Asie_Pacifique,plateforme_en_ligne,train,27,2,2,1.0,1,petit_dejeuner,oui,aucun,163.61,1,323.95,nouveau,0,0,1.0,4,14,0,0,1,AG019,0,0,0,0,0,0.0,1,3.0,3.0,1,107.98333333333333,161.975,0.0,1,-1.0,1,2,1,0.8660254037844386,0.5000000000000001,3.332204510175204,13.5,1,0.0,3.332204510175204,0.0,0.0,3.332204510175204,3.332204510175204,1.06013088835612,1.0932112788988375,0,0.5160512226064445,1,faux positif
R008522,2025-01-25,2025-02-17,Trentino-Alto_Adige,Bolzano,montagne,TRE-3-2,3,groupe,Italie,plateforme_en_ligne,avion_direct,23,2,4,0.0,2,petit_dejeuner,oui,aucun,164.88,2,646.33,fidele,5,1,1.0,0,0,0,1,0,AG023,0,0,0,0,0,0.2,0,4.0,2.0,0,161.5825,323.165,0.0,1,-1.0,1,2,1,0.8660254037844386,0.5000000000000001,3.1780538303479458,11.5,0,0.0,3.1780538303479458,0.0,0.0,0.0,3.1780538303479458,1.0420274284269735,0.7591859287227184,0,0.4540063642023807,1,faux positif
R009221,2025-01-25,2025-02-08,Lombardia,Milano,affaires_lacs,LOM-4-2,4,loisirs_couple,Italie,plateforme_en_ligne,voiture,14,2,2,0.0,1,petit_dejeuner,oui,partiel,279.7608695652174,8,514.76,fidele,4,1,2.0,1,0,0,0,1,AG033,0,1,0,0,0,0.25,0,2.0,2.0,0,257.38,257.38,1.0,1,0.0,0,2,1,0.8660254037844386,0.5000000000000001,2.70805020110221,7.0,1,2.70805020110221,2.70805020110221,0.0,1.0,2.70805020110221,5.41610040220442,1.2483194394057264,1.2864638887417166,0,0.22523993991899066,0,vrai négatif
R000985,2025-01-26,2025-02-17,Toscana,Firenze,culturelle_rurale,TOS-4-1,4,famille,Autres,plateforme_en_ligne,train,22,4,2,1.0,1,aucune,non,total,205.55,1,813.98,nouveau,0,0,0.0,0,0,0,0,0,AG033,0,0,0,0,0,0.0,1,3.0,3.0,1,271.32666666666665,203.495,2.0,0,2.0,0,2,1,0.8660254037844386,0.5000000000000001,3.1354942159291497,5.5,0,6.270988431858299,0.0,0.0,0.0,0.0,0.0,0.8994238749878686,1.2310594717613943,0,0.12781691996831487,0,vrai négatif
R004638,2025-01-26,2025-04-08,Lazio,Roma,urbaine_culturelle,LAZ-3-3,3,affaires,Asie_Pacifique,telephone,avion_direct,72,3,2,0.0,1,aucune,oui,aucun,183.44,7,511.8,entreprise,3,0,0.0,0,0,0,1,0,DIRECT,0,0,0,0,1,0.0,0,2.0,2.0,0,255.9,170.6,0.0,1,-1.0,1,4,1,0.8660254037844387,-0.4999999999999998,4.290459441148391,24.0,0,0.0,4.290459441148391,4.290459441148391,0.0,0.0,0.0,1.0960169298790006,0.7587219522283114,0,0.38771624479142497,1,faux positif
R005219,2025-01-26,2025-01-31,Veneto,Venezia,urbaine_littorale,VEN-3-2,3,affaires,Asie_Pacifique,site_hotel,avion_direct,5,2,2,0.0,1,petit_dejeuner,oui,aucun,208.92,12,367.7,entreprise,5,1,1.0,0,0,1,0,1,DIRECT,1,0,0,0,1,0.2,0,2.0,2.0,0,183.85,183.85,0.0,1,-1.0,1,1,1,0.49999999999999994,0.8660254037844387,1.791759469228055,2.5,0,0.0,1.791759469228055,1.791759469228055,0.0,0.0,1.791759469228055,1.022413624351571,1.0754105111442835,1,0.27277110473285926,1,vrai positif
R001622,2025-01-27,2025-03-16,Sicilia,Palermo,insulaire_mixte,SIC-4-2,4,groupe,Europe_Centrale,plateforme_en_ligne,ferry,48,5,3,0.0,3,pension_complete,non,partiel,120.67,6,1701.45,nouveau,0,0,0.0,1,0,0,0,0,AG035,0,0,0,0,0,0.0,1,3.0,1.0,0,567.15,340.29,1.0,0,1.0,0,3,1,1.0,6.123233995736766e-17,3.8918202981106265,9.6,1,3.8918202981106265,0.0,0.0,0.0,3.8918202981106265,0.0,0.6963471637140055,0.8591669633321467,0,0.2925901449914151,1,faux positif
R002159,2025-01-27,2025-02-10,Lazio,Roma,urbaine_culturelle,LAZ-4-1,4,affaires,Italie,agence,train,14,2,2,0.0,1,petit_dejeuner,oui,aucun,188.53,0,377.06,fidele,3,0,2.0,0,0,0,0,0,AG004,0,0,0,0,0,0.0,0,2.0,2.0,0,188.53,188.53,0.0,1,-1.0,1,2,1,0.8660254037844386,0.5000000000000001,2.70805020110221,7.0,0,0.0,2.70805020110221,0.0,0.0,0.0,5.41610040220442,0.9230806893850372,1.0981157352127442,0,0.29187548907337246,1,faux positif
R002741,2025-01-27,2025-02-21,Liguria,Genova,littorale,LIG-3-2,3,loisirs_couple,Italie,plateforme_en_ligne,avion_direct,25,4,2,0.0,1,petit_dejeuner,oui,partiel,141.4811827956989,7,526.31,nouveau,0,0,1.0,0,0,0,0,1,AG013,0,1,0,0,0,0.0,1,2.0,2.0,0,263.155,131.5775,1.0,1,0.0,0,2,1,0.8660254037844386,0.5000000000000001,3.258096538021482,6.25,0,3.258096538021482,3.258096538021482,0.0,1.0,0.0,3.258096538021482,0.8767502187252829,0.9453506801797336,0,0.20234282324739475,0,vrai négatif
R002885,2025-01-27,2025-02-05,Lazio,Roma,urbaine_culturelle,LAZ-5-1,5,groupe,Europe_Ouest,site_hotel,avion_direct,9,4,6,0.0,4,petit_dejeuner,non,total,654.5,5,9948.4,nouveau,0,0,1.0,0,0,0,0,0,DIRECT,1,0,0,0,1,0.0,1,6.0,1.5,0,1658.0666666666666,2487.1,2.0,0,2.0,0,2,1,0.8660254037844386,0.5000000000000001,2.302585092994046,2.25,0,4.605170185988092,0.0,2.302585092994046,0.0,0.0,2.302585092994046,2.873575834741949,3.812214229548301,1,0.08125945004192087,0,faux négatif
R003055,2025-01-27,2025-02-05,Lombardia,Milano,affaires_lacs,LOM-5-2,5,affaires,Italie,telephone,avion_direct,9,2,2,0.0,1,demi_pension,non,aucun,187.33,2,367.17,fidele,8,1,3.0,0,0,0,0,0,DIRECT,0,0,0,0,1,0.125,0,2.0,2.0,0,183.585,183.585,0.0,0,0.0,0,2,1,0.8660254037844386,0.5000000000000001,2.302585092994046,4.5,0,0.0,0.0,2.302585092994046,0.0,0.0,6.907755278982138,0.7075063733358513,0.8614259765939347,0,0.16553045609262174,0,vrai négatif
R003892,2025-01-27,2025-06-24,Veneto,Venezia,urbaine_littorale,VEN-4-1,4,loisirs_couple,Europe_Centrale,agence,voiture,148,4,2,0.0,1,aucune,oui,partiel,259.22,8,953.93,nouveau,0,0,0.0,1,0,0,1,0,AG020,0,0,0,0,0,0.0,1,2.0,2.0,0,476.965,238.4825,1.0,1,0.0,0,6,1,1.2246467991473532e-16,-1.0,5.003946305945459,37.0,1,5.003946305945459,5.003946305945459,0.0,1.0,5.003946305945459,0.0,1.1748283441727663,1.0432857746563904,0,0.42198195565555213,1,faux positif
R004168,2025-01-27,2025-03-29,Sicilia,Palermo,insulaire_mixte,SIC-4-3,4,loisirs_couple,Asie_Pacifique,telephone,avion_direct,61,5,2,0.0,1,petit_dejeuner,oui,partiel,163.65,6,769.16,nouveau,0,0,0.0,1,0,0,0,1,DIRECT,1,0,0,0,1,0.0,1,2.0,2.0,0,384.58,153.832,1.0,1,0.0,0,3,1,1.0,6.123233995736766e-17,4.127134385045092,12.2,1,4.127134385045092,4.127134385045092,4.127134385045092,1.0,4.127134385045092,0.0,0.9818803623927521,1.165183339266643,1,0.23247703678358597,0,faux négatif
R004309,2025-01-27,2025-03-24,Lazio,Roma,urbaine_culturelle,LAZ-4-1,4,famille,Italie,site_hotel,train,56,2,2,1.0,1,petit_dejeuner,non,total,144.07,9,262.21,fidele,10,1,2.0,0,0,0,0,0,DIRECT,0,0,0,0,1,0.1,0,3.0,3.0,1,87.40333333333332,131.105,2.0,0,2.0,0,3,1,1.0,6.123233995736766e-17,4.04305126783455,28.0,0,8.0861025356691,0.0,4.04305126783455,0.0,0.0,8.0861025356691,0.7053956130043086,0.8443415577565493,0,0.0871338528359892,0,vrai négatif
R004905,2025-01-27,2025-02-05,Trentino-Alto_Adige,Bolzano,montagne,TRE-4-1,4,solo,Europe_Ouest,plateforme_en_ligne,voiture,9,7,1,0.0,1,aucune,oui,aucun,209.03,7,1360.79,nouveau,0,0,0.0,0,0,0,1,0,AG023,1,0,1,0,0,0.0,1,1.0,1.0,0,1360.79,194.39857142857142,0.0,1,-1.0,1,2,1,0.8660254037844386,0.5000000000000001,2.302585092994046,1.2857142857142858,0,0.0,2.302585092994046,0.0,0.0,0.0,0.0,1.0449671307521184,0.9624735242655861,1,0.4191358533479521,1,vrai positif
R005215,2025-01-27,2025-02-20,Toscana,Firenze,culturelle_rurale,TOS-3-1,3,loisirs_couple,Italie,agence,avion_direct,24,2,2,0.0,1,petit_dejeuner,oui,partiel,166.53,7,309.75,nouveau,0,0,1.0,0,0,0,0,0,AG043,0,0,0,0,0,0.0,1,2.0,2.0,0,154.875,154.875,1.0,1,0.0,0,2,1,0.8660254037844386,0.5000000000000001,3.2188758248682006,12.0,0,3.2188758248682006,3.2188758248682006,0.0,1.0,0.0,3.2188758248682006,0.9766869006773995,0.9973647960711505,0,0.22403055627510932,0,vrai négatif
R006387,2025-01-27,2025-02-21,Lombardia,Milano,affaires_lacs,LOM-4-2,4,famille,Italie,site_hotel,train,25,3,2,2.0,1,pension_complete,oui,partiel,292.43,11,780.79,nouveau,0,0,0.0,0,0,1,0,1,DIRECT,0,0,0,0,1,0.0,1,4.0,4.0,1,195.1975,260.2633333333333,1.0,1,0.0,0,2,1,0.8660254037844386,0.5000000000000001,3.258096538021482,8.333333333333334,0,3.258096538021482,3.258096538021482,3.258096538021482,1.0,0.0,0.0,1.3048502967292848,1.344722139194813,0,0.1739562108203645,0,vrai négatif
R006489,2025-01-27,2025-02-17,Lombardia,Milano,affaires_lacs,LOM-3-1,3,loisirs_couple,Europe_Ouest,site_hotel,voiture,21,4,2,0.0,1,demi_pension,oui,partiel,182.31,12,641.73,entreprise,6,1,2.0,1,0,1,0,0,DIRECT,1,0,0,0,1,0.16666666666666666,0,2.0,2.0,0,320.865,160.4325,1.0,1,0.0,0,2,1,0.8660254037844386,0.5000000000000001,3.091042453358316,5.25,1,3.091042453358316,3.091042453358316,3.091042453358316,1.0,3.091042453358316,6.182084906716632,0.9326035245671023,0.8383418021290783,1,0.18100619539624752,0,faux négatif
R006776,2025-01-27,2025-02-25,Lombardia,Milano,affaires_lacs,LOM-4-2,4,groupe,Ameriques,agence,avion_direct,29,4,6,0.0,4,petit_dejeuner,oui,partiel,243.86,1,3862.74,nouveau,0,0,0.0,0,12,0,0,0,AG011,0,0,0,0,0,0.0,1,6.0,1.5,0,643.79,965.685,1.0,1,0.0,0,2,1,0.8660254037844386,0.5000000000000001,3.4011973816621555,7.25,0,3.4011973816621555,3.4011973816621555,0.0,1.0,0.0,0.0,1.088126366516443,1.1213758535856344,0,0.3316453493756537,1,faux positif
R007042,2025-01-27,2025-02-17,Lazio,Roma,urbaine_culturelle,LAZ-4-1,4,solo,Europe_Centrale,site_hotel,avion_direct,21,7,1,0.0,1,aucune,non,total,168.57,12,1038.39,nouveau,0,0,1.0,0,0,0,0,0,DIRECT,0,0,0,0,1,0.0,1,1.0,1.0,0,1038.39,148.3414285714286,2.0,0,2.0,0,2,1,0.8660254037844386,0.5000000000000001,3.091042453358316,3.0,0,6.182084906716632,0.0,3.091042453358316,0.0,0.0,3.091042453358316,0.8253525264394829,0.9818563066080321,0,0.06911746770728648,0,vrai négatif
R007371,2025-01-27,2025-02-02,Sardegna,Cagliari,insulaire_balneaire,SAR-4-3,4,affaires,Italie,telephone,avion_direct,6,2,2,0.0,1,petit_dejeuner,oui,total,255.12,7,474.52,nouveau,0,0,1.0,0,15,0,0,0,DIRECT,0,0,0,0,1,0.0,1,2.0,2.0,0,237.26,237.26,2.0,1,1.0,0,2,1,0.8660254037844386,0.5000000000000001,1.9459101490553132,3.0,0,3.8918202981106265,1.9459101490553132,1.9459101490553132,2.0,0.0,1.9459101490553132,1.2697907075131276,1.5352951796353134,0,0.08779033352437246,0,vrai négatif
R007904,2025-01-27,2025-02-21,Lombardia,Milano,affaires_lacs,LOM-4-3,4,solo,Italie,site_hotel,voiture,25,6,1,0.0,1,petit_dejeuner,non,partiel,181.07,2,1064.69,nouveau,0,0,1.0,0,0,0,0,1,DIRECT,0,0,0,0,1,0.0,1,1.0,1.0,0,1064.69,177.44833333333335,1.0,0,1.0,0,2,1,0.8660254037844386,0.5000000000000001,3.258096538021482,4.166666666666667,0,3.258096538021482,0.0,3.258096538021482,0.0,0.0,3.258096538021482,0.81662382176521,0.832639735129791,0,0.11560351162612321,0,vrai négatif
R008810,2025-01-27,2025-02-14,Toscana,Firenze,culturelle_rurale,TOS-5-3,5,affaires,Ameriques,plateforme_en_ligne,voiture,18,2,2,0.0,1,petit_dejeuner,non,aucun,187.2,2,366.91,entreprise,1,0,1.0,0,0,0,0,1,AG029,0,0,0,0,0,0.0,0,2.0,2.0,0,183.455,183.455,0.0,0,0.0,0,2,1,0.8660254037844386,0.5000000000000001,2.9444389791664403,9.0,0,0.0,0.0,0.0,0.0,0.0,2.9444389791664403,0.7827723186284757,1.1211594897286936,0,0.23708412525583117,0,vrai négatif
R002184,2025-01-28,2025-02-18,Veneto,Venezia,urbaine_littorale,VEN-4-3,4,famille,Europe_Centrale,plateforme_en_ligne,train,21,6,2,1.0,1,petit_dejeuner,oui,aucun,170.81,6,963.37,nouveau,0,0,1.0,0,0,0,0,0,AG016,0,0,0,0,0,0.0,1,3.0,3.0,1,321.12333333333333,160.56166666666667,0.0,1,-1.0,1,2,1,0.8660254037844386,0.5000000000000001,3.091042453358316,3.5,0,0.0,3.091042453358316,0.0,0.0,0.0,3.091042453358316,0.7826525235400582,0.9151352799357085,0,0.3757393567597269,1,faux positif
R002830,2025-01-28,2025-03-13,Lazio,Roma,urbaine_culturelle,LAZ-5-3,5,famille,Europe_Ouest,plateforme_en_ligne,voiture,44,3,2,3.0,2,pension_complete,non,total,202.09,4,1164.04,fidele,4,1,3.0,1,0,0,0,0,AG007,0,0,0,0,0,0.25,0,5.0,2.5,1,232.808,388.0133333333333,2.0,0,2.0,0,3,1,1.0,6.123233995736766e-17,3.8066624897703196,14.666666666666666,1,7.613324979540639,0.0,0.0,0.0,3.8066624897703196,11.419987469310959,0.8526644445382052,1.1843755494344488,0,0.19051505288424747,0,vrai négatif
R003168,2025-01-28,2025-05-03,Campania,Napoli,urbaine_cotiere,CAM-4-3,4,famille,Europe_Ouest,plateforme_en_ligne,train,95,5,2,3.0,2,petit_dejeuner,oui,partiel,177.15,5,1682.93,nouveau,0,0,0.0,1,0,0,1,1,AG038,0,0,0,0,0,0.0,1,5.0,2.5,1,336.586,336.586,1.0,1,0.0,0,5,1,0.49999999999999994,-0.8660254037844387,4.564348191467836,19.0,1,4.564348191467836,4.564348191467836,0.0,1.0,4.564348191467836,0.0,0.9530854898585033,0.9048421697824088,0,0.5126112197184306,1,faux positif
R005423,2025-01-28,2025-02-03,Trentino-Alto_Adige,Bolzano,montagne,TRE-3-2,3,affaires,Asie_Pacifique,plateforme_en_ligne,voiture,6,2,2,0.0,1,petit_dejeuner,oui,aucun,232.22,4,445.86,nouveau,0,0,1.0,0,0,0,1,0,AG020,0,0,0,0,0,0.0,1,2.0,2.0,0,222.93,222.93,0.0,1,-1.0,1,2,1,0.8660254037844386,0.5000000000000001,1.9459101490553132,3.0,0,0.0,1.9459101490553132,0.0,0.0,0.0,1.9459101490553132,1.4676104404980093,1.0692513122755318,0,0.32262769523864143,1,faux positif
R008761,2025-01-28,2025-07-19,Toscana,Firenze,culturelle_rurale,TOS-5-2,5,loisirs_couple,Asie_Pacifique,telephone,voiture,172,3,2,0.0,1,petit_dejeuner,oui,partiel,302.7,7,844.53,nouveau,0,0,1.0,0,0,0,1,1,DIRECT,0,0,1,0,1,0.0,1,2.0,2.0,0,422.265,281.51,1.0,1,0.0,0,7,1,-0.4999999999999997,-0.8660254037844388,5.153291594497779,57.333333333333336,0,5.153291594497779,5.153291594497779,5.153291594497779,1.0,0.0,5.153291594497779,1.3035052967014038,1.3486600280692373,0,0.3894489676703689,1,faux positif
R009530,2025-01-28,2025-02-25,Trentino-Alto_Adige,Bolzano,montagne,TRE-3-2,3,loisirs_couple,Italie,plateforme_en_ligne,avion_correspondance,28,6,2,0.0,1,aucune,non,partiel,186.7,8,1030.58,fidele,3,0,0.0,0,0,0,1,0,AG004,0,0,0,0,0,0.0,0,2.0,2.0,0,515.29,171.76333333333332,1.0,0,1.0,0,2,1,0.8660254037844386,0.5000000000000001,3.367295829986474,4.666666666666667,0,3.367295829986474,0.0,0.0,0.0,0.0,0.0,1.1799279529798394,0.8596555852288423,0,0.18434677793260612,0,vrai négatif
R000375,2025-01-29,2025-05-12,Puglia,Bari,balneaire_rurale,PUG-3-2,3,famille,Europe_Ouest,site_hotel,avion_direct,103,2,2,3.0,2,petit_dejeuner,non,total,99.72,3,386.91,fidele,6,1,0.0,0,0,0,0,0,DIRECT,0,0,0,0,1,0.16666666666666666,0,5.0,2.5,1,77.382,193.455,2.0,0,2.0,0,5,1,0.49999999999999994,-0.8660254037844387,4.6443908991413725,51.5,0,9.288781798282745,0.0,4.6443908991413725,0.0,0.0,0.0,0.7214585443495876,0.8266600348172096,0,0.14189775375461863,0,vrai négatif
R000399,2025-01-29,2025-07-17,Lombardia,Milano,affaires_lacs,LOM-4-1,4,famille,Italie,plateforme_en_ligne,voiture,169,3,2,3.0,2,petit_dejeuner,non,total,146.42028985507244,8,808.24,nouveau,0,0,0.0,1,0,0,0,0,AG009,1,1,0,0,0,0.0,1,5.0,2.5,1,161.648,269.41333333333336,2.0,0,2.0,0,7,1,-0.4999999999999997,-0.8660254037844388,5.135798437050262,56.333333333333336,1,10.271596874100524,0.0,0.0,0.0,5.135798437050262,0.0,0.6629252042154772,0.7295480311662803,1,0.16437498052682237,0,faux négatif
R001287,2025-01-29,2025-02-13,Lombardia,Milano,affaires_lacs,LOM-4-3,4,famille,Ameriques,site_hotel,avion_direct,15,2,2,1.0,1,petit_dejeuner,oui,aucun,202.42,8,372.45,nouveau,0,0,0.0,0,0,0,0,0,DIRECT,0,0,0,0,1,0.0,1,3.0,3.0,1,124.14999999999999,186.225,0.0,1,-1.0,1,2,1,0.8660254037844386,0.5000000000000001,2.772588722239781,7.5,0,0.0,2.772588722239781,2.772588722239781,0.0,0.0,0.0,0.9129121003021693,0.9308164532223575,0,0.28501541412532283,1,faux positif
R002151,2025-01-29,2025-02-22,Lombardia,Milano,affaires_lacs,LOM-4-1,4,famille,Europe_Ouest,plateforme_en_ligne,voiture,24,6,2,2.0,1,petit_dejeuner,oui,aucun,178.75,6,1008.15,fidele,12,1,0.0,0,0,0,0,1,AG032,0,0,0,0,0,0.08333333333333333,0,4.0,4.0,1,252.0375,168.025,0.0,1,-1.0,1,2,1,0.8660254037844386,0.5000000000000001,3.2188758248682006,4.0,0,0.0,3.2188758248682006,0.0,0.0,0.0,0.0,0.809299587992937,0.8219713517117697,0,0.3462400588546936,1,faux positif
R002561,2025-01-29,2025-03-03,Lazio,Roma,urbaine_culturelle,LAZ-4-2,4,loisirs_couple,Autres,plateforme_en_ligne,avion_direct,33,4,2,0.0,1,petit_dejeuner,non,total,154.05,2,603.88,fidele,1,0,0.0,0,0,0,0,0,AG005,1,0,0,0,0,0.0,0,2.0,2.0,0,301.94,150.97,2.0,0,2.0,0,3,1,1.0,6.123233995736766e-17,3.5263605246161616,8.25,0,7.052721049232323,0.0,0.0,0.0,0.0,0.0,0.7601776461880089,0.9028306862802556,1,0.12023712991322273,0,faux négatif
R003088,2025-01-29,2025-03-08,Toscana,Firenze,culturelle_rurale,TOS-5-3,5,loisirs_couple,Italie,plateforme_en_ligne,avion_direct,38,3,2,0.0,1,pension_complete,oui,aucun,240.76,6,678.94,nouveau,0,0,2.0,1,0,0,0,1,AG024,0,0,0,0,0,0.0,1,2.0,2.0,0,339.47,226.31333333333336,0.0,1,-1.0,1,3,1,1.0,6.123233995736766e-17,3.6635616461296463,12.666666666666666,1,0.0,3.6635616461296463,0.0,0.0,3.6635616461296463,7.327123292259293,1.0067321764582897,1.4174025668197336,0,0.331058926206751,1,faux positif
R003211,2025-01-29,2025-04-15,Veneto,Venezia,urbaine_littorale,VEN-4-2,4,loisirs_couple,Europe_Ouest,plateforme_en_ligne,avion_correspondance,76,6,2,0.0,1,petit_dejeuner,oui,aucun,350.14,0,2100.84,nouveau,0,0,1.0,0,0,0,1,0,AG013,1,0,0,0,0,0.0,1,2.0,2.0,0,1050.42,350.14000000000004,0.0,1,-1.0,1,4,1,0.8660254037844387,-0.4999999999999998,4.343805421853684,12.666666666666666,0,0.0,4.343805421853684,0.0,0.0,0.0,4.343805421853684,1.5494291530223911,1.3601895734597156,1,0.47029916826943347,1,vrai positif
R003454,2025-01-29,2025-03-19,Campania,Napoli,urbaine_cotiere,CAM-3-3,3,famille,Europe_Ouest,site_hotel,voiture,49,3,2,2.0,1,petit_dejeuner,oui,aucun,160.11,6,451.51,fidele,4,1,2.0,0,0,0,0,0,DIRECT,0,0,0,0,1,0.25,0,4.0,4.0,1,112.8775,150.50333333333333,0.0,1,-1.0,1,3,1,1.0,6.123233995736766e-17,3.912023005428146,16.333333333333332,0,0.0,3.912023005428146,3.912023005428146,0.0,0.0,7.824046010856292,0.9655941862919519,1.0245728546746016,0,0.38706246833575864,1,faux positif
R004504,2025-01-29,2025-05-01,Veneto,Venezia,urbaine_littorale,VEN-5-3,5,solo,Autres,telephone,train,92,3,1,0.0,1,petit_dejeuner,non,total,370.85,6,1045.8,fidele,10,2,1.0,0,0,0,1,0,DIRECT,0,0,0,0,1,0.2,0,1.0,1.0,0,1045.8,348.59999999999997,2.0,0,2.0,0,5,1,0.49999999999999994,-0.8660254037844387,4.532599493153256,30.666666666666668,0,9.065198986306513,0.0,4.532599493153256,0.0,0.0,4.532599493153256,1.4344008664036512,1.4681023732705212,0,0.0651177035145173,0,vrai négatif
R004926,2025-01-29,2025-02-06,Liguria,Genova,littorale,LIG-4-1,4,affaires,Europe_Ouest,plateforme_en_ligne,voiture,8,1,2,0.0,1,aucune,oui,aucun,179.76,5,170.77,nouveau,0,0,2.0,0,0,0,0,0,AG028,0,0,0,0,0,0.0,1,2.0,2.0,0,85.385,170.77,0.0,1,-1.0,1,2,1,0.8660254037844386,0.5000000000000001,2.1972245773362196,8.0,0,0.0,2.1972245773362196,0.0,0.0,0.0,4.394449154672439,0.9955142050174447,1.2011225444340505,0,0.25050758201783774,1,faux positif
R005464,2025-01-29,2025-02-22,Lazio,Roma,urbaine_culturelle,LAZ-4-1,4,famille,Asie_Pacifique,site_hotel,voiture,24,4,2,3.0,2,demi_pension,oui,partiel,186.54,9,1358.01,nouveau,0,0,0.0,1,12,0,0,1,DIRECT,1,0,0,0,1,0.0,1,5.0,2.5,1,271.602,339.5025,1.0,1,0.0,0,2,1,0.8660254037844386,0.5000000000000001,3.2188758248682006,6.0,1,3.2188758248682006,3.2188758248682006,3.2188758248682006,1.0,3.2188758248682006,0.0,0.913337250293772,1.0865247400763025,1,0.2549571187750918,1,vrai positif
R007299,2025-01-29,2025-02-26,Campania,Napoli,urbaine_cotiere,CAM-3-2,3,affaires,Italie,agence,train,28,3,2,0.0,1,petit_dejeuner,oui,aucun,153.27,8,423.03,entreprise,1,0,2.0,0,0,0,0,0,AG038,0,0,0,0,0,0.0,0,2.0,2.0,0,211.515,141.01,0.0,1,-1.0,1,2,1,0.8660254037844386,0.5000000000000001,3.367295829986474,9.333333333333334,0,0.0,3.367295829986474,0.0,0.0,0.0,6.734591659972948,0.8976281112737922,0.9544478002304075,0,0.32263009416783933,1,faux positif
R007456,2025-01-29,2025-03-18,Trentino-Alto_Adige,Bolzano,montagne,TRE-5-1,5,famille,Europe_Ouest,agence,voiture,48,4,2,1.0,1,petit_dejeuner,oui,partiel,232.42,6,873.9,nouveau,0,0,0.0,0,0,0,0,0,AG004,0,0,0,0,0,0.0,1,3.0,3.0,1,291.3,218.475,1.0,1,0.0,0,3,1,1.0,6.123233995736766e-17,3.8918202981106265,12.0,0,3.8918202981106265,3.8918202981106265,0.0,1.0,0.0,0.0,1.0494660555844038,1.3958320821572279,0,0.27181129030045253,1,faux positif
R007655,2025-01-29,2025-02-10,Toscana,Firenze,culturelle_rurale,TOS-3-2,3,affaires,Italie,plateforme_en_ligne,avion_direct,12,2,2,0.0,1,aucune,oui,aucun,119.46969696969698,1,236.55,fidele,6,1,2.0,0,0,0,0,0,AG013,0,1,0,0,0,0.16666666666666666,0,2.0,2.0,0,118.275,118.275,0.0,1,-1.0,1,2,1,0.8660254037844386,0.5000000000000001,2.5649493574615367,6.0,0,0.0,2.5649493574615367,0.0,0.0,0.0,5.1298987149230735,0.6776500111724162,0.7155159428022817,0,0.2542868448927955,1,faux positif
R007870,2025-01-29,2025-04-22,Lombardia,Milano,affaires_lacs,LOM-3-2,3,groupe,Italie,entreprise,avion_direct,83,4,3,0.0,3,aucune,oui,aucun,250.64,16,2526.45,nouveau,0,0,0.0,0,0,1,1,0,DIRECT,0,0,0,0,1,0.0,1,3.0,1.0,0,842.15,631.6125,0.0,1,-1.0,1,4,1,0.8660254037844387,-0.4999999999999998,4.430816798843313,20.75,0,0.0,4.430816798843313,4.430816798843313,0.0,0.0,0.0,1.3111872564149512,0.949232138461247,0,0.3456532421651842,1,faux positif
R008201,2025-01-29,2025-04-03,Veneto,Venezia,urbaine_littorale,VEN-4-2,4,groupe,Europe_Centrale,plateforme_en_ligne,train,64,4,3,0.0,3,petit_dejeuner,oui,aucun,206.64,4,2380.49,nouveau,0,0,0.0,0,0,0,1,0,AG029,0,0,0,0,0,0.0,1,3.0,1.0,0,793.4966666666666,595.1225,0.0,1,-1.0,1,4,1,0.8660254037844387,-0.4999999999999998,4.174387269895637,16.0,0,0.0,4.174387269895637,0.0,0.0,0.0,0.0,0.9144172050623948,0.8027348302385207,0,0.5584983930273667,1,faux positif
R008868,2025-01-29,2025-02-06,Sicilia,Palermo,insulaire_mixte,SIC-3-2,3,affaires,Europe_Ouest,plateforme_en_ligne,avion_direct,8,2,2,0.0,1,demi_pension,non,total,126.77,7,235.79,fidele,1,0,0.0,0,0,0,0,0,AG025,0,0,0,0,0,0.0,0,2.0,2.0,0,117.895,117.895,2.0,0,2.0,0,2,1,0.8660254037844386,0.5000000000000001,2.1972245773362196,4.0,0,4.394449154672439,0.0,0.0,0.0,0.0,0.0,0.8441765998534995,0.8061685214626391,0,0.11263454987354493,0,vrai négatif
R008896,2025-01-29,2025-02-12,Lombardia,Milano,affaires_lacs,LOM-3-3,3,affaires,Italie,plateforme_en_ligne,avion_direct,14,1,2,0.0,1,petit_dejeuner,oui,aucun,173.43,5,164.76,nouveau,0,0,1.0,0,0,0,0,0,AG004,1,0,0,0,0,0.0,1,2.0,2.0,0,82.38,164.76,0.0,1,-1.0,1,2,1,0.8660254037844386,0.5000000000000001,2.70805020110221,14.0,0,0.0,2.70805020110221,0.0,0.0,0.0,2.70805020110221,0.8590321462182378,0.7975076449083761,1,0.3481862018632502,1,vrai positif
R001724,2025-01-30,2025-02-16,Veneto,Venezia,urbaine_littorale,VEN-5-1,5,solo,Italie,plateforme_en_ligne,voiture,17,6,1,0.0,1,petit_dejeuner,non,total,195.38,8,1078.5,fidele,9,1,1.0,0,0,0,0,0,AG015,0,0,0,0,0,0.1111111111111111,0,1.0,1.0,0,1078.5,179.75,2.0,0,2.0,0,2,1,0.8660254037844386,0.5000000000000001,2.8903717578961645,2.8333333333333335,0,5.780743515792329,0.0,0.0,0.0,0.0,2.8903717578961645,0.7227195383591033,1.0467720332172514,0,0.10708883606167724,0,vrai négatif
R003719,2025-01-30,2025-02-23,Trentino-Alto_Adige,Bolzano,montagne,TRE-3-2,3,loisirs_couple,Italie,plateforme_en_ligne,voiture,24,5,2,0.0,1,aucune,oui,aucun,179.4,4,861.12,fidele,3,0,1.0,0,0,0,1,0,AG035,1,0,0,0,0,0.0,0,2.0,2.0,0,430.56,172.224,0.0,1,-1.0,1,2,1,0.8660254037844386,0.5000000000000001,3.2188758248682006,4.8,0,0.0,3.2188758248682006,0.0,0.0,0.0,3.2188758248682006,1.1337925804209064,0.8260429137121282,1,0.33658818246748534,1,vrai positif
R004427,2025-01-30,2025-02-10,Lazio,Roma,urbaine_culturelle,LAZ-5-1,5,loisirs_couple,Ameriques,site_hotel,avion_correspondance,11,7,2,0.0,1,demi_pension,oui,partiel,194.44,6,1279.42,nouveau,0,0,0.0,0,0,0,0,0,DIRECT,0,0,0,0,1,0.0,1,2.0,2.0,0,639.71,182.77428571428572,1.0,1,0.0,0,2,1,0.8660254037844386,0.5000000000000001,2.4849066497880004,1.5714285714285714,0,2.4849066497880004,2.4849066497880004,2.4849066497880004,1.0,0.0,0.0,0.8536869141439642,1.1325392433817747,0,0.23334325346230494,0,vrai négatif
R006192,2025-01-30,2025-06-03,Liguria,Genova,littorale,LIG-3-3,3,loisirs_couple,Europe_Ouest,plateforme_en_ligne,train,124,7,2,0.0,1,aucune,non,total,199.4,7,1298.09,fidele,11,1,0.0,0,0,0,1,0,AG026,0,0,0,0,0,0.09090909090909091,0,2.0,2.0,0,649.045,185.44142857142856,2.0,0,2.0,0,6,1,1.2246467991473532e-16,-1.0,4.8283137373023015,17.714285714285715,0,9.656627474604603,0.0,0.0,0.0,0.0,0.0,1.263224580297751,1.054831115930912,0,0.11904981356449892,0,vrai négatif
R001550,2025-01-31,2025-02-07,Lombardia,Milano,affaires_lacs,LOM-3-3,3,famille,Ameriques,plateforme_en_ligne,train,7,6,2,2.0,1,petit_dejeuner,oui,partiel,163.79,0,982.74,nouveau,0,0,0.0,0,0,0,0,1,AG025,0,0,0,0,0,0.0,1,4.0,4.0,1,245.685,163.79,1.0,1,0.0,0,2,1,0.8660254037844386,0.5000000000000001,2.0794415416798357,1.1666666666666667,0,2.0794415416798357,2.0794415416798357,0.0,1.0,0.0,0.0,0.81128337213334,0.7531786724300462,0,0.3093380834290977,1,faux positif
R003511,2025-01-31,2025-02-27,Lazio,Roma,urbaine_culturelle,LAZ-4-3,4,loisirs_couple,Europe_Ouest,plateforme_en_ligne,avion_direct,27,2,2,0.0,1,aucune,oui,partiel,167.52,0,335.04,nouveau,0,0,1.0,0,0,0,0,0,AG028,1,0,0,0,0,0.0,1,2.0,2.0,0,167.52,167.52,1.0,1,0.0,0,2,1,0.8660254037844386,0.5000000000000001,3.332204510175204,13.5,0,3.332204510175204,3.332204510175204,0.0,1.0,0.0,3.332204510175204,0.8110777573351409,0.9757404549028745,1,0.26529223883042224,1,vrai positif
R006709,2025-01-31,2025-02-18,Veneto,Venezia,urbaine_littorale,VEN-4-3,4,affaires,Italie,site_hotel,avion_correspondance,18,3,2,0.0,1,demi_pension,oui,aucun,163.12,11,435.53,nouveau,0,0,1.0,1,0,0,0,0,DIRECT,0,0,0,0,1,0.0,1,2.0,2.0,0,217.765,145.17666666666665,0.0,1,-1.0,1,2,1,0.8660254037844386,0.5000000000000001,2.9444389791664403,6.0,1,0.0,2.9444389791664403,2.9444389791664403,0.0,2.9444389791664403,2.9444389791664403,0.7474168938578204,0.8739351727832843,0,0.30369711867951443,1,faux positif
R006741,2025-01-31,2025-03-16,Puglia,Bari,balneaire_rurale,PUG-3-2,3,groupe,Europe_Ouest,site_hotel,avion_correspondance,44,3,4,0.0,2,demi_pension,oui,partiel,142.36,12,751.66,fidele,8,1,1.0,0,0,0,0,0,DIRECT,0,0,0,0,1,0.125,0,4.0,2.0,0,187.915,250.5533333333333,1.0,1,0.0,0,3,1,1.0,6.123233995736766e-17,3.8066624897703196,14.666666666666666,0,3.8066624897703196,3.8066624897703196,3.8066624897703196,1.0,0.0,3.8066624897703196,1.0299522500361744,1.019989969191087,0,0.23723905625597858,0,vrai négatif
R007211,2025-01-31,2025-02-18,Campania,Napoli,urbaine_cotiere,CAM-3-2,3,loisirs_couple,Italie,telephone,train,18,3,2,0.0,1,petit_dejeuner,non,aucun,125.26,6,353.23,nouveau,0,0,0.0,0,0,0,0,0,DIRECT,1,0,0,0,1,0.0,1,2.0,2.0,0,176.615,117.74333333333334,0.0,0,0.0,0,2,1,0.8660254037844386,0.5000000000000001,2.9444389791664403,6.0,0,0.0,0.0,2.9444389791664403,0.0,0.0,0.0,0.7335871156661786,0.7800230407572314,1,0.24776757022199974,1,vrai positif
R009962,2025-01-31,2025-07-02,Lazio,Roma,urbaine_culturelle,LAZ-5-3,5,groupe,Inconnu,site_hotel,train,152,3,4,0.0,4,demi_pension,oui,aucun,219.59,1,2608.73,fidele,1,0,1.0,0,0,0,0,0,DIRECT,1,0,0,0,1,0.0,0,4.0,1.0,0,652.1825,869.5766666666667,0.0,1,-1.0,1,7,1,-0.4999999999999997,-0.8660254037844388,5.030437921392435,50.666666666666664,0,0.0,5.030437921392435,5.030437921392435,0.0,0.0,5.030437921392435,0.9265009915193452,1.272494790918688,1,0.45778923355262685,1,vrai positif
R000155,2025-02-01,2025-04-18,Lombardia,Milano,affaires_lacs,LOM-4-3,4,loisirs_couple,Italie,entreprise,train,76,2,2,0.0,1,petit_dejeuner,non,partiel,241.96,14,416.17,nouveau,0,0,1.0,0,0,0,1,1,DIRECT,0,0,0,0,1,0.0,1,2.0,2.0,0,208.085,208.085,1.0,0,1.0,0,4,2,0.8660254037844387,-0.4999999999999998,4.343805421853684,38.0,0,4.343805421853684,0.0,4.343805421853684,0.0,0.0,4.343805421853684,1.0912370901546928,0.91635895396618,0,0.0989414318143102,0,vrai négatif
R001479,2025-02-01,2025-02-26,Trentino-Alto_Adige,Bolzano,montagne,TRE-5-1,5,famille,Europe_Centrale,agence,train,25,5,2,1.0,1,petit_dejeuner,non,partiel,166.1,5,788.97,fidele,10,2,3.0,0,0,0,1,0,AG004,1,0,0,0,0,0.2,0,3.0,3.0,1,262.99,157.794,1.0,0,1.0,0,2,2,0.8660254037844386,0.5000000000000001,3.258096538021482,5.0,0,3.258096538021482,0.0,0.0,0.0,0.0,9.774289614064447,0.750005644232723,0.7648033888940049,1,0.09815245763755226,0,faux négatif
R002144,2025-02-01,2025-04-05,Sardegna,Cagliari,insulaire_balneaire,SAR-5-2,5,famille,Italie,plateforme_en_ligne,avion_direct,63,5,2,2.0,1,petit_dejeuner,non,aucun,174.58,0,872.9,fidele,2,0,1.0,0,0,0,0,1,AG007,0,0,0,0,0,0.0,0,4.0,4.0,1,218.225,174.57999999999998,0.0,0,0.0,0,4,2,0.8660254037844387,-0.4999999999999998,4.1588830833596715,12.6,0,0.0,0.0,0.0,0.0,0.0,4.1588830833596715,0.8412277742976919,0.8639519264757866,0,0.35620549320718853,1,faux positif
R003113,2025-02-01,2025-03-15,Veneto,Venezia,urbaine_littorale,VEN-4-1,4,famille,Europe_Ouest,plateforme_en_ligne,train,42,5,2,3.0,2,aucune,oui,aucun,243.94,0,2439.4,fidele,10,2,0.0,1,9,0,0,1,AG019,1,0,0,0,0,0.2,0,5.0,2.5,1,487.88,487.88,0.0,1,-1.0,1,3,2,1.0,6.123233995736766e-17,3.7612001156935624,8.4,1,0.0,3.7612001156935624,0.0,0.0,3.7612001156935624,0.0,1.1055768315620114,1.3745421761424466,1,0.416884544192079,1,vrai positif
R003143,2025-02-01,2025-03-12,Lazio,Roma,urbaine_culturelle,LAZ-4-2,4,loisirs_couple,Europe_Ouest,agence,train,39,4,2,0.0,1,aucune,non,partiel,202.13,0,808.52,nouveau,0,0,1.0,0,0,0,0,0,AG038,0,0,0,0,0,0.0,1,2.0,2.0,0,404.26,202.13,1.0,0,1.0,0,3,2,1.0,6.123233995736766e-17,3.6888794541139363,9.75,0,3.6888794541139363,0.0,0.0,0.0,0.0,3.6888794541139363,0.9974339995065383,1.1846099747992733,0,0.16667972922455832,0,vrai négatif
R005526,2025-02-01,2025-02-25,Veneto,Venezia,urbaine_littorale,VEN-3-2,3,famille,Europe_Centrale,plateforme_en_ligne,train,24,5,2,1.0,1,aucune,oui,aucun,156.48,1,774.58,nouveau,0,0,3.0,1,0,0,0,0,AG042,1,0,0,0,0,0.0,1,3.0,3.0,1,258.1933333333333,154.916,0.0,1,-1.0,1,2,2,0.8660254037844386,0.5000000000000001,3.2188758248682006,4.8,1,0.0,3.2188758248682006,0.0,0.0,3.2188758248682006,9.656627474604601,0.7657825193305275,0.8383605679078489,1,0.38483308969733804,1,vrai positif
R009915,2025-02-01,2025-02-07,Trentino-Alto_Adige,Bolzano,montagne,TRE-5-3,5,affaires,Europe_Centrale,agence,voiture,6,2,2,0.0,1,demi_pension,oui,partiel,353.74,8,650.88,fidele,3,1,0.0,1,0,1,1,1,AG030,1,0,0,0,0,0.3333333333333333,0,2.0,2.0,0,325.44,325.44,1.0,1,0.0,0,2,2,0.8660254037844386,0.5000000000000001,1.9459101490553132,3.0,1,1.9459101490553132,1.9459101490553132,0.0,1.0,1.9459101490553132,0.0,1.6028818704970773,1.628787181140068,1,0.37642571516665047,1,vrai positif
R000677,2025-02-02,2025-04-06,Veneto,Venezia,urbaine_littorale,VEN-4-3,4,famille,Italie,plateforme_en_ligne,voiture,63,7,2,3.0,2,petit_dejeuner,oui,aucun,186.52,7,2428.49,nouveau,0,0,1.0,0,0,0,1,0,AG002,1,0,0,0,0,0.0,1,5.0,2.5,1,485.698,346.9271428571428,0.0,1,-1.0,1,4,2,0.8660254037844387,-0.4999999999999998,4.1588830833596715,9.0,0,0.0,4.1588830833596715,0.0,0.0,0.0,4.1588830833596715,0.8546358450365416,0.7245746251262528,1,0.47640767150783414,1,vrai positif
R002260,2025-02-02,2025-03-29,Lombardia,Milano,affaires_lacs,LOM-3-1,3,loisirs_couple,Europe_Centrale,agence,avion_correspondance,55,4,2,0.0,1,petit_dejeuner,oui,partiel,182.44,0,729.76,fidele,11,1,2.0,0,0,0,0,1,AG019,0,0,0,0,0,0.09090909090909091,0,2.0,2.0,0,364.88,182.44,1.0,1,0.0,0,3,2,1.0,6.123233995736766e-17,4.02535169073515,13.75,0,4.02535169073515,4.02535169073515,0.0,1.0,0.0,8.0507033814703,0.9332685372279202,0.9015170232742007,0,0.21626114700747062,0,vrai négatif
R002439,2025-02-02,2025-02-25,Puglia,Bari,balneaire_rurale,PUG-3-3,3,loisirs_couple,Ameriques,entreprise,voiture,23,3,2,0.0,1,demi_pension,oui,aucun,140.18,6,395.31,nouveau,0,0,1.0,0,0,0,0,0,DIRECT,1,0,0,0,1,0.0,1,2.0,2.0,0,197.655,131.77,0.0,1,-1.0,1,2,2,0.8660254037844386,0.5000000000000001,3.1780538303479458,7.666666666666667,0,0.0,3.1780538303479458,3.1780538303479458,0.0,0.0,3.1780538303479458,1.0055232766659494,1.1844528939585974,1,0.16650233161295358,0,faux négatif
R006390,2025-02-02,2025-03-02,Sardegna,Cagliari,insulaire_balneaire,SAR-4-1,4,famille,Asie_Pacifique,plateforme_en_ligne,ferry,28,7,2,2.0,1,demi_pension,oui,aucun,190.34,3,1292.41,nouveau,0,0,1.0,0,0,0,0,0,AG045,0,0,0,0,0,0.0,1,4.0,4.0,1,323.1025,184.63000000000002,0.0,1,-1.0,1,3,2,1.0,6.123233995736766e-17,3.367295829986474,4.0,0,0.0,3.367295829986474,0.0,0.0,0.0,3.367295829986474,0.953941763143387,1.0661513471125301,0,0.36093834751928083,1,faux positif
R008308,2025-02-02,2025-02-21,Toscana,Firenze,culturelle_rurale,TOS-3-3,3,solo,Europe_Ouest,entreprise,avion_direct,19,3,1,0.0,1,demi_pension,oui,total,126.7,18,311.68,nouveau,0,0,0.0,0,0,0,0,1,DIRECT,0,0,0,0,1,0.0,1,1.0,1.0,0,311.68,103.89333333333333,2.0,1,1.0,0,2,2,0.8660254037844386,0.5000000000000001,2.995732273553991,6.333333333333333,0,5.991464547107982,2.995732273553991,2.995732273553991,2.0,0.0,0.0,0.7363710333604556,0.7588189495118883,0,0.09110000391224042,0,vrai négatif
R009055,2025-02-02,2025-05-04,Lombardia,Milano,affaires_lacs,LOM-5-3,5,famille,Italie,agence,avion_correspondance,91,3,2,3.0,2,demi_pension,oui,partiel,347.18,4,1999.76,fidele,8,1,0.0,0,0,0,1,0,AG022,1,0,0,0,0,0.125,0,5.0,2.5,1,399.952,666.5866666666667,1.0,1,0.0,0,5,2,0.49999999999999994,-0.8660254037844387,4.5217885770490405,30.333333333333332,0,4.5217885770490405,4.5217885770490405,0.0,1.0,0.0,0.0,1.2772422926936944,1.2710697810646556,1,0.4745044668791417,1,vrai positif
R003091,2025-02-03,2025-02-27,Liguria,Genova,littorale,LIG-4-1,4,famille,Italie,plateforme_en_ligne,train,24,6,2,1.0,1,aucune,non,partiel,149.75,5,853.58,nouveau,0,0,1.0,0,0,0,0,0,AG026,0,0,0,0,0,0.0,1,3.0,3.0,1,284.5266666666667,142.26333333333335,1.0,0,1.0,0,2,2,0.8660254037844386,0.5000000000000001,3.2188758248682006,4.0,0,3.2188758248682006,0.0,0.0,0.0,0.0,3.2188758248682006,0.8293182699230216,1.00060136308967,0,0.18284091575588787,0,vrai négatif
R003339,2025-02-03,2025-03-20,Lombardia,Milano,affaires_lacs,LOM-4-2,4,famille,Italie,plateforme_en_ligne,train,45,6,2,3.0,2,petit_dejeuner,oui,partiel,200.03,5,2280.34,fidele,11,2,2.0,1,0,0,0,0,AG011,0,0,0,0,0,0.18181818181818182,0,5.0,2.5,1,456.06800000000004,380.0566666666667,1.0,1,0.0,0,3,2,1.0,6.123233995736766e-17,3.828641396489095,7.5,1,3.828641396489095,3.828641396489095,0.0,1.0,3.828641396489095,7.65728279297819,0.8925527642675471,0.9884370212976231,0,0.2703103449318663,1,faux positif
R006831,2025-02-03,2025-02-26,Lazio,Roma,urbaine_culturelle,LAZ-5-3,5,affaires,Italie,agence,train,23,3,2,0.0,1,demi_pension,oui,partiel,250.61,6,706.72,entreprise,1,0,0.0,0,0,0,0,0,AG025,0,0,0,0,0,0.0,0,2.0,2.0,0,353.36,235.57333333333335,1.0,1,0.0,0,2,2,0.8660254037844386,0.5000000000000001,3.1780538303479458,7.666666666666667,0,3.1780538303479458,3.1780538303479458,0.0,1.0,0.0,0.0,1.0573815450824862,1.459708186504354,0,0.2896216183077497,1,faux positif
R007171,2025-02-03,2025-03-11,Lombardia,Milano,affaires_lacs,LOM-3-2,3,loisirs_couple,Europe_Ouest,plateforme_en_ligne,avion_direct,36,2,2,0.0,1,aucune,oui,partiel,161.1,0,322.2,fidele,11,2,2.0,0,0,0,0,0,AG001,0,0,0,0,0,0.18181818181818182,0,2.0,2.0,0,161.1,161.1,1.0,1,0.0,0,3,2,1.0,6.123233995736766e-17,3.6109179126442243,18.0,0,3.6109179126442243,3.6109179126442243,0.0,1.0,0.0,7.221835825288449,0.8427715728074076,0.7960666106636358,0,0.22296906540534386,0,vrai négatif
R008396,2025-02-03,2025-04-21,Toscana,Firenze,culturelle_rurale,TOS-3-2,3,solo,Europe_Ouest,plateforme_en_ligne,train,77,7,1,0.0,1,petit_dejeuner,oui,aucun,233.98,5,1555.97,fidele,3,0,1.0,2,13,0,1,0,AG035,0,0,0,0,0,0.0,0,1.0,1.0,0,1555.97,222.28142857142856,0.0,1,-1.0,1,4,2,0.8660254037844387,-0.4999999999999998,4.356708826689592,11.0,1,0.0,4.356708826689592,0.0,0.0,4.356708826689592,4.356708826689592,1.327169597277368,1.002656839218375,0,0.5319218405752693,1,faux positif
R008934,2025-02-03,2025-05-04,Trentino-Alto_Adige,Bolzano,montagne,TRE-3-1,3,affaires,Italie,plateforme_en_ligne,voiture,90,2,2,0.0,1,petit_dejeuner,oui,aucun,111.35106382978724,6,209.34,nouveau,0,0,2.0,0,0,0,0,0,AG004,0,1,0,0,0,0.0,1,2.0,2.0,0,104.67,104.67,0.0,1,-1.0,1,5,2,0.49999999999999994,-0.8660254037844387,4.51085950651685,45.0,0,0.0,4.51085950651685,0.0,0.0,0.0,9.0217190130337,0.692288002920745,0.6955094555264663,0,0.29689395033828764,1,faux positif
R009209,2025-02-03,2025-02-15,Lombardia,Milano,affaires_lacs,LOM-4-3,4,famille,Europe_Centrale,site_hotel,voiture,12,2,2,3.0,2,petit_dejeuner,non,aucun,185.21,8,681.57,nouveau,0,0,0.0,0,0,0,0,1,DIRECT,0,0,0,0,1,0.0,1,5.0,2.5,1,136.31400000000002,340.785,0.0,0,0.0,0,2,2,0.8660254037844386,0.5000000000000001,2.5649493574615367,6.0,0,0.0,0.0,2.5649493574615367,0.0,0.0,0.0,0.8352951788210888,0.8516772814016049,0,0.25271156999112077,1,faux positif
R009261,2025-02-03,2025-02-18,Campania,Napoli,urbaine_cotiere,CAM-5-1,5,famille,Ameriques,plateforme_en_ligne,avion_direct,15,4,2,1.0,1,aucune,non,total,189.78,2,743.94,nouveau,0,0,0.0,1,8,0,0,0,AG032,1,0,0,0,0,0.0,1,3.0,3.0,1,247.98000000000002,185.985,2.0,0,2.0,0,2,2,0.8660254037844386,0.5000000000000001,2.772588722239781,3.75,1,5.545177444479562,0.0,0.0,0.0,2.772588722239781,0.0,0.8990265046543026,1.1818040290188996,1,0.1606849084291743,0,faux négatif
R009505,2025-02-03,2025-03-01,Toscana,Firenze,culturelle_rurale,TOS-4-1,4,groupe,Asie_Pacifique,plateforme_en_ligne,voiture,26,2,6,0.0,4,demi_pension,non,partiel,181.43,7,1349.84,fidele,3,0,0.0,0,0,1,0,1,AG042,0,0,0,0,0,0.0,0,6.0,1.5,0,224.97333333333333,674.92,1.0,0,1.0,0,3,2,1.0,6.123233995736766e-17,3.295836866004329,13.0,0,3.295836866004329,0.0,0.0,0.0,0.0,0.0,0.7938821388423692,1.0681149181679028,0,0.25846320882982765,1,faux positif
R001051,2025-02-04,2025-03-28,Veneto,Venezia,urbaine_littorale,VEN-4-3,4,solo,Italie,site_hotel,train,52,7,1,1.0,1,petit_dejeuner,non,total,192.77,11,1200.96,nouveau,0,0,2.0,1,0,0,0,1,DIRECT,0,0,0,0,1,0.0,1,2.0,2.0,1,600.48,171.56571428571428,2.0,0,2.0,0,3,2,1.0,6.123233995736766e-17,3.970291913552122,7.428571428571429,1,7.940583827104244,0.0,3.970291913552122,0.0,3.970291913552122,7.940583827104244,0.8832733854154735,1.0862117540992844,0,0.08031826114718243,0,vrai négatif
R002410,2025-02-04,2025-08-19,Puglia,Bari,balneaire_rurale,PUG-3-2,3,solo,Italie,plateforme_en_ligne,avion_direct,196,7,1,1.0,1,aucune,non,aucun,131.86011904761907,4,886.1,nouveau,0,0,2.0,0,0,0,1,0,AG009,0,1,0,0,0,0.0,1,2.0,2.0,1,443.05,126.58571428571429,0.0,0,0.0,0,8,2,-0.8660254037844384,-0.5000000000000004,5.2832037287379885,28.0,0,0.0,0.0,0.0,0.0,0.0,10.566407457475977,0.9539872597859866,0.7650273790184443,0,0.40814423216263357,1,faux positif
R002738,2025-02-04,2025-03-11,Campania,Napoli,urbaine_cotiere,CAM-3-2,3,loisirs_couple,Europe_Ouest,site_hotel,voiture,35,4,2,0.0,1,petit_dejeuner,oui,aucun,167.28,6,628.97,nouveau,0,0,2.0,1,0,0,0,0,DIRECT,0,0,0,0,1,0.0,1,2.0,2.0,0,314.485,157.2425,0.0,1,-1.0,1,3,2,1.0,6.123233995736766e-17,3.58351893845611,8.75,1,0.0,3.58351893845611,3.58351893845611,0.0,3.58351893845611,7.16703787691222,0.9796778916544656,1.0704549817623343,0,0.2858964593613431,1,faux positif
R003390,2025-02-04,2025-02-19,Veneto,Venezia,urbaine_littorale,VEN-3-3,3,loisirs_couple,Italie,entreprise,voiture,15,2,2,0.0,1,aucune,oui,aucun,157.35,18,258.05,nouveau,0,0,0.0,1,0,0,0,0,DIRECT,0,0,0,0,1,0.0,1,2.0,2.0,0,129.025,129.025,0.0,1,-1.0,1,2,2,0.8660254037844386,0.5000000000000001,2.772588722239781,7.5,1,0.0,2.772588722239781,2.772588722239781,0.0,2.772588722239781,0.0,0.8428439551422316,0.8430216983659254,0,0.2093743342033776,0,vrai négatif
R004329,2025-02-04,2025-02-27,Veneto,Venezia,urbaine_littorale,VEN-3-2,3,loisirs_couple,Italie,plateforme_en_ligne,train,23,5,2,0.0,1,pension_complete,oui,partiel,241.06,4,1157.09,nouveau,0,0,2.0,0,0,0,0,0,AG044,0,0,0,0,0,0.0,1,2.0,2.0,0,578.545,231.41799999999998,1.0,1,0.0,0,2,2,0.8660254037844386,0.5000000000000001,3.1780538303479458,4.6,0,3.1780538303479458,3.1780538303479458,0.0,1.0,0.0,6.3561076606958915,1.1797004991680533,1.2915081703723545,0,0.20360761119256532,0,vrai négatif
R006725,2025-02-04,2025-02-27,Trentino-Alto_Adige,Bolzano,montagne,TRE-3-2,3,loisirs_couple,Europe_Ouest,agence,voiture,23,2,2,0.0,1,aucune,non,total,182.38,1,361.11,nouveau,0,0,2.0,1,0,0,1,0,AG038,0,0,1,0,0,0.0,1,2.0,2.0,0,180.555,180.555,2.0,0,2.0,0,2,2,0.8660254037844386,0.5000000000000001,3.1780538303479458,11.5,1,6.3561076606958915,0.0,0.0,0.0,3.1780538303479458,6.3561076606958915,1.1526259242874297,0.8397642508518279,0,0.1051511180221774,0,vrai négatif
R007712,2025-02-04,2025-04-08,Sardegna,Cagliari,insulaire_balneaire,SAR-4-2,4,affaires,Europe_Ouest,telephone,avion_direct,63,2,2,0.0,1,aucune,oui,aucun,198.67,4,381.45,fidele,10,1,0.0,0,0,0,0,0,DIRECT,1,0,0,0,1,0.1,0,2.0,2.0,0,190.725,190.725,0.0,1,-1.0,1,4,2,0.8660254037844387,-0.4999999999999998,4.1588830833596715,31.5,0,0.0,4.1588830833596715,4.1588830833596715,0.0,0.0,0.0,1.0642833532797629,0.98316719688936,1,0.35941977230288275,1,vrai positif
R000494,2025-02-05,2025-05-21,Sardegna,Cagliari,insulaire_balneaire,SAR-4-3,4,famille,Italie,site_hotel,avion_correspondance,105,3,2,3.0,2,aucune,oui,partiel,140.68,12,742.79,nouveau,0,0,1.0,0,0,0,0,0,DIRECT,0,0,0,0,1,0.0,1,5.0,2.5,1,148.558,247.59666666666666,1.0,1,0.0,0,5,2,0.49999999999999994,-0.8660254037844387,4.663439094112067,35.0,0,4.663439094112067,4.663439094112067,4.663439094112067,1.0,0.0,4.663439094112067,0.7001966005524725,0.8373809523809524,0,0.33964240801942164,1,faux positif
R001459,2025-02-05,2025-04-05,Toscana,Firenze,culturelle_rurale,TOS-4-1,4,groupe,Europe_Centrale,agence,voiture,59,2,6,0.0,4,petit_dejeuner,oui,aucun,266.77,2,2091.48,nouveau,0,0,0.0,0,0,1,1,1,AG017,1,0,0,0,0,0.0,1,6.0,1.5,0,348.58,1045.74,0.0,1,-1.0,1,4,2,0.8660254037844387,-0.4999999999999998,4.0943445622221,29.5,0,0.0,4.0943445622221,0.0,0.0,0.0,0.0,1.1673038537120588,1.1431693520740485,1,0.5716802144709393,1,vrai positif
R001478,2025-02-05,2025-02-15,Toscana,Firenze,culturelle_rurale,TOS-3-2,3,groupe,Ameriques,plateforme_en_ligne,avion_direct,10,5,4,0.0,2,aucune,oui,aucun,182.47,3,1769.96,fidele,12,2,0.0,1,0,0,0,1,AG034,0,0,0,0,0,0.16666666666666666,0,4.0,2.0,0,442.49,353.992,0.0,1,-1.0,1,2,2,0.8660254037844386,0.5000000000000001,2.3978952727983707,2.0,1,0.0,2.3978952727983707,0.0,0.0,2.3978952727983707,0.0,1.0349971639251276,1.0928310474935616,0,0.39052608634153807,1,faux positif
R002897,2025-02-05,2025-05-07,Veneto,Venezia,urbaine_littorale,VEN-4-2,4,famille,Ameriques,plateforme_en_ligne,train,91,5,2,1.0,1,aucune,oui,aucun,236.01,4,1132.85,nouveau,0,0,1.0,0,0,0,1,0,AG029,0,0,0,0,0,0.0,1,3.0,3.0,1,377.6166666666666,226.57,0.0,1,-1.0,1,5,2,0.49999999999999994,-0.8660254037844387,4.5217885770490405,18.2,0,0.0,4.5217885770490405,0.0,0.0,0.0,4.5217885770490405,1.0443844588016638,0.934304546624176,0,0.4822353684135874,1,faux positif
R003912,2025-02-05,2025-04-16,Liguria,Genova,littorale,LIG-4-1,4,loisirs_couple,Italie,plateforme_en_ligne,voiture,70,6,2,0.0,1,petit_dejeuner,oui,partiel,119.43,0,716.58,nouveau,0,0,0.0,0,0,0,0,0,AG011,0,0,0,0,0,0.0,1,2.0,2.0,0,358.29,119.43,1.0,1,0.0,0,4,2,0.8660254037844387,-0.4999999999999998,4.2626798770413155,11.666666666666666,0,4.2626798770413155,4.2626798770413155,0.0,1.0,0.0,0.0,0.6614055490945341,0.810079359696127,0,0.36576620182691366,1,faux positif
R005144,2025-02-05,2025-02-15,Lazio,Roma,urbaine_culturelle,LAZ-4-3,4,famille,Europe_Ouest,plateforme_en_ligne,voiture,10,4,2,1.0,1,petit_dejeuner,oui,partiel,198.33,6,745.72,nouveau,0,0,0.0,0,0,0,0,1,AG003,1,0,0,0,0,0.0,1,3.0,3.0,1,248.57333333333335,186.43,1.0,1,0.0,0,2,2,0.8660254037844386,0.5000000000000001,2.3978952727983707,2.5,0,2.3978952727983707,2.3978952727983707,0.0,1.0,0.0,0.0,0.9602498305412994,1.1551970177942161,1,0.27969049879337826,1,vrai positif
R006186,2025-02-05,2025-03-15,Sicilia,Palermo,insulaire_mixte,SIC-5-2,5,solo,Italie,plateforme_en_ligne,avion_correspondance,38,6,1,0.0,1,aucune,oui,aucun,253.17,4,1458.26,nouveau,0,0,0.0,1,0,0,0,1,AG001,0,0,1,0,0,0.0,1,1.0,1.0,0,1458.26,243.04333333333332,0.0,1,-1.0,1,3,2,1.0,6.123233995736766e-17,3.6635616461296463,6.333333333333333,1,0.0,3.6635616461296463,0.0,0.0,3.6635616461296463,0.0,1.3975324997929948,1.8025631897472412,0,0.5212440854691994,1,faux positif
R006211,2025-02-05,2025-04-30,Trentino-Alto_Adige,Bolzano,montagne,TRE-3-3,3,loisirs_couple,Italie,plateforme_en_ligne,voiture,84,6,2,1.0,1,demi_pension,oui,aucun,137.34,7,766.36,fidele,4,0,1.0,0,0,0,0,0,AG030,0,0,0,0,0,0.0,0,3.0,3.0,1,255.45333333333335,127.72666666666667,0.0,1,-1.0,1,4,2,0.8660254037844387,-0.4999999999999998,4.442651256490317,14.0,0,0.0,4.442651256490317,0.0,0.0,0.0,4.442651256490317,0.8894501651447445,0.7995575478837981,0,0.49917259221914484,1,faux positif
R006388,2025-02-05,2025-03-15,Lazio,Roma,urbaine_culturelle,LAZ-5-1,5,famille,Italie,plateforme_en_ligne,train,38,4,2,2.0,1,demi_pension,oui,partiel,185.15,1,733.19,nouveau,0,0,0.0,0,0,0,0,1,AG025,0,0,0,0,0,0.0,1,4.0,4.0,1,183.2975,183.2975,1.0,1,0.0,0,3,2,1.0,6.123233995736766e-17,3.6635616461296463,9.5,0,3.6635616461296463,3.6635616461296463,0.0,1.0,0.0,0.0,0.8128992602024017,1.085096407431284,0,0.3770035878163712,1,faux positif
R007344,2025-02-05,2025-02-26,Lombardia,Milano,affaires_lacs,LOM-4-1,4,loisirs_couple,Europe_Centrale,site_hotel,train,21,7,2,0.0,1,petit_dejeuner,non,partiel,221.88,11,1382.31,nouveau,0,0,0.0,1,0,0,0,0,DIRECT,0,0,0,0,1,0.0,1,2.0,2.0,0,691.155,197.47285714285712,1.0,0,1.0,0,2,2,0.8660254037844386,0.5000000000000001,3.091042453358316,3.0,1,3.091042453358316,0.0,3.091042453358316,0.0,3.091042453358316,0.0,1.004572825644044,1.0203021175821396,0,0.1471330870420133,0,vrai négatif
R008057,2025-02-05,2025-02-18,Liguria,Genova,littorale,LIG-4-2,4,affaires,Europe_Centrale,agence,train,13,3,2,0.0,1,demi_pension,non,total,136.5,8,376.74,fidele,11,1,1.0,0,0,0,0,0,AG017,0,0,0,0,0,0.09090909090909091,0,2.0,2.0,0,188.37,125.58,2.0,0,2.0,0,2,2,0.8660254037844386,0.5000000000000001,2.639057329615259,4.333333333333333,0,5.278114659230518,0.0,0.0,0.0,0.0,2.639057329615259,0.7394165921833102,0.912067352666043,0,0.084380254598065,0,vrai négatif
R008161,2025-02-05,2025-03-17,Liguria,Genova,littorale,LIG-4-1,4,loisirs_couple,Europe_Centrale,plateforme_en_ligne,avion_direct,40,5,2,0.0,1,petit_dejeuner,non,partiel,155.79,5,740.0,nouveau,0,0,2.0,0,0,0,0,0,AG011,0,0,0,0,0,0.0,1,2.0,2.0,0,370.0,148.0,1.0,0,1.0,0,3,2,1.0,6.123233995736766e-17,3.713572066704308,8.0,0,3.713572066704308,0.0,0.0,0.0,0.0,7.427144133408616,0.8627679016447914,0.997566754178139,0,0.15799105914321243,0,vrai négatif
R008224,2025-02-05,2025-03-03,Lombardia,Milano,affaires_lacs,LOM-5-2,5,solo,Europe_Ouest,plateforme_en_ligne,voiture,26,3,1,0.0,1,aucune,non,total,216.46048109965633,3,629.9,fidele,5,0,3.0,0,0,1,0,0,AG009,0,1,0,0,0,0.0,0,1.0,1.0,0,629.9,209.96666666666667,2.0,0,2.0,0,3,2,1.0,6.123233995736766e-17,3.295836866004329,8.666666666666666,0,6.591673732008658,0.0,0.0,0.0,0.0,9.887510598012987,0.8175261301091733,1.0696273217357135,0,0.0822577845065979,0,vrai négatif
R002309,2025-02-06,2025-02-27,Trentino-Alto_Adige,Bolzano,montagne,TRE-4-2,4,affaires,Europe_Ouest,entreprise,voiture,21,3,2,0.0,1,petit_dejeuner,non,total,152.84,5,435.59,nouveau,0,0,1.0,1,0,0,1,0,DIRECT,0,0,0,0,1,0.0,1,2.0,2.0,0,217.795,145.19666666666666,2.0,0,2.0,0,2,2,0.8660254037844386,0.5000000000000001,3.091042453358316,7.0,1,6.182084906716632,0.0,3.091042453358316,0.0,3.091042453358316,3.091042453358316,0.8113387833103303,0.7037480430978912,0,0.050082139848227694,0,vrai négatif
R005033,2025-02-06,2025-03-29,Lombardia,Milano,affaires_lacs,LOM-3-2,3,loisirs_couple,Europe_Ouest,site_hotel,train,51,5,2,1.0,1,petit_dejeuner,non,total,167.19,8,769.07,nouveau,0,0,1.0,0,0,0,0,1,DIRECT,0,0,0,0,1,0.0,1,3.0,3.0,1,256.3566666666667,153.81400000000002,2.0,0,2.0,0,3,2,1.0,6.123233995736766e-17,3.9512437185814275,10.2,0,7.902487437162855,0.0,3.9512437185814275,0.0,0.0,3.9512437185814275,0.8746305354293636,0.826160003953155,0,0.09454811993455584,0,vrai négatif
R005286,2025-02-06,2025-03-20,Liguria,Genova,littorale,LIG-4-1,4,solo,Asie_Pacifique,site_hotel,train,42,6,1,0.0,1,petit_dejeuner,oui,partiel,127.84,1,759.37,nouveau,0,0,1.0,0,0,0,0,0,DIRECT,1,0,0,0,1,0.0,1,1.0,1.0,0,759.37,126.56166666666667,1.0,1,0.0,0,3,2,1.0,6.123233995736766e-17,3.7612001156935624,7.0,0,3.7612001156935624,3.7612001156935624,3.7612001156935624,1.0,0.0,3.7612001156935624,0.7079802846541507,0.8185951207017993,1,0.18520289389200595,0,faux négatif
R006578,2025-02-06,2025-03-26,Sicilia,Palermo,insulaire_mixte,SIC-4-1,4,famille,Italie,agence,avion_direct,48,6,2,0.0,1,petit_dejeuner,oui,aucun,145.59,1,864.8,nouveau,0,0,1.0,1,0,0,0,0,AG012,1,0,1,0,0,0.0,1,2.0,2.0,0,432.4,144.13333333333333,0.0,1,-1.0,1,3,2,1.0,6.123233995736766e-17,3.8918202981106265,8.0,1,0.0,3.8918202981106265,0.0,0.0,3.8918202981106265,3.8918202981106265,0.859952746603662,1.0365966536133857,1,0.4430853768672701,1,vrai positif
R007757,2025-02-06,2025-03-11,Liguria,Genova,littorale,LIG-4-3,4,famille,Ameriques,site_hotel,avion_direct,33,6,2,1.0,1,petit_dejeuner,non,total,121.75,5,693.98,nouveau,0,0,0.0,0,0,0,0,0,DIRECT,0,0,0,0,1,0.0,1,3.0,3.0,1,231.32666666666668,115.66333333333334,2.0,0,2.0,0,3,2,1.0,6.123233995736766e-17,3.5263605246161616,5.5,0,7.052721049232323,0.0,3.5263605246161616,0.0,0.0,0.0,0.7023363138159793,0.7795991547672407,0,0.08522065915324878,0,vrai négatif
R009653,2025-02-06,2025-03-25,Lazio,Roma,urbaine_culturelle,LAZ-4-3,4,loisirs_couple,Europe_Centrale,plateforme_en_ligne,avion_direct,47,4,2,0.0,1,aucune,non,total,204.98,7,762.53,fidele,10,2,0.0,0,0,1,0,0,AG033,0,0,0,1,0,0.2,0,2.0,2.0,0,381.265,190.6325,2.0,0,2.0,0,3,2,1.0,6.123233995736766e-17,3.8712010109078907,11.75,0,7.742402021815781,0.0,0.0,0.0,0.0,0.0,0.9924469836351311,1.201312782043017,0,0.09711008005725945,0,vrai négatif
R001397,2025-02-07,2025-02-21,Trentino-Alto_Adige,Bolzano,montagne,TRE-3-2,3,famille,Inconnu,plateforme_en_ligne,train,14,2,2,1.0,1,demi_pension,non,partiel,206.08,4,395.67,fidele,3,0,2.0,0,0,0,1,1,AG016,0,0,0,0,0,0.0,0,3.0,3.0,1,131.89000000000001,197.835,1.0,0,1.0,0,2,2,0.8660254037844386,0.5000000000000001,2.70805020110221,7.0,0,2.70805020110221,0.0,0.0,0.0,0.0,5.41610040220442,1.3024078872527336,0.9488903213923935,0,0.14829930484865178,0,vrai négatif
R002399,2025-02-07,2025-02-28,Lombardia,Milano,affaires_lacs,LOM-3-1,3,loisirs_couple,Autres,telephone,avion_direct,21,5,2,0.0,1,aucune,oui,aucun,194.68958333333333,4,934.51,nouveau,0,0,0.0,0,0,0,0,1,DIRECT,0,1,0,0,1,0.0,1,2.0,2.0,0,467.255,186.902,0.0,1,-1.0,1,2,2,0.8660254037844386,0.5000000000000001,3.091042453358316,4.2,0,0.0,3.091042453358316,3.091042453358316,0.0,0.0,0.0,0.9959310603541618,0.8952685872822447,0,0.2339887905593474,0,vrai négatif
R002929,2025-02-07,2025-02-23,Lombardia,Milano,affaires_lacs,LOM-4-1,4,loisirs_couple,Inconnu,site_hotel,train,16,4,2,0.0,1,aucune,non,partiel,192.08,12,676.12,nouveau,0,0,1.0,0,0,0,0,0,DIRECT,0,0,0,0,1,0.0,1,2.0,2.0,0,338.06,169.03,1.0,0,1.0,0,2,2,0.8660254037844386,0.5000000000000001,2.833213344056216,4.0,0,2.833213344056216,0.0,2.833213344056216,0.0,0.0,2.833213344056216,0.8696518313940327,0.8832685719541076,0,0.10034135940045491,0,vrai négatif
R004362,2025-02-07,2025-02-22,Sicilia,Palermo,insulaire_mixte,SIC-4-1,4,famille,Italie,site_hotel,avion_direct,15,9,2,1.0,1,demi_pension,oui,aucun,137.91,8,1141.89,nouveau,0,0,0.0,0,0,0,0,1,DIRECT,1,0,0,0,1,0.0,1,3.0,3.0,1,380.63000000000005,126.87666666666668,0.0,1,-1.0,1,2,2,0.8660254037844386,0.5000000000000001,2.772588722239781,1.6666666666666667,0,0.0,2.772588722239781,2.772588722239781,0.0,0.0,0.0,0.8145894861193147,0.8770111287758346,1,0.3427687063631384,1,vrai positif
R005462,2025-02-07,2025-03-29,Liguria,Genova,littorale,LIG-3-2,3,loisirs_couple,Europe_Centrale,agence,voiture,50,3,2,0.0,1,petit_dejeuner,oui,aucun,150.62,2,442.82,nouveau,0,0,0.0,0,0,0,0,1,AG035,0,0,0,0,0,0.0,1,2.0,2.0,0,221.41,147.60666666666665,0.0,1,-1.0,1,3,2,1.0,6.123233995736766e-17,3.9318256327243257,16.666666666666668,0,0.0,3.9318256327243257,0.0,0.0,0.0,0.0,0.9333829088430315,0.9644618044438752,0,0.39961481146698447,1,faux positif
R005569,2025-02-07,2025-03-02,Campania,Napoli,urbaine_cotiere,CAM-4-3,4,groupe,Europe_Centrale,plateforme_en_ligne,avion_correspondance,23,2,5,0.0,4,demi_pension,non,total,141.91,5,1078.52,nouveau,0,0,0.0,1,0,0,0,0,AG028,0,0,0,0,0,0.0,1,5.0,1.25,0,215.704,539.26,2.0,0,2.0,0,3,2,1.0,6.123233995736766e-17,3.1780538303479458,11.5,1,6.3561076606958915,0.0,0.0,0.0,3.1780538303479458,0.0,0.7634906117178673,0.9081077622064375,0,0.21657041513323674,0,vrai négatif
R006089,2025-02-07,2025-03-17,Veneto,Venezia,urbaine_littorale,VEN-4-2,4,loisirs_couple,Inconnu,plateforme_en_ligne,avion_direct,38,4,2,0.0,1,aucune,oui,partiel,222.39,1,880.66,nouveau,0,0,0.0,1,0,1,0,0,AG031,1,0,0,0,0,0.0,1,2.0,2.0,0,440.33,220.165,1.0,1,0.0,0,3,2,1.0,6.123233995736766e-17,3.6635616461296463,9.5,1,3.6635616461296463,3.6635616461296463,0.0,1.0,3.6635616461296463,0.0,0.9841136383750773,1.253113202231363,1,0.3202654565695827,1,vrai positif
R009751,2025-02-07,2025-03-18,Veneto,Venezia,urbaine_littorale,VEN-3-2,3,loisirs_couple,Italie,agence,train,39,7,2,0.0,1,demi_pension,non,partiel,191.46,3,1300.01,nouveau,0,0,1.0,0,0,0,0,0,AG021,0,0,0,0,0,0.0,1,2.0,2.0,0,650.005,185.71571428571428,1.0,0,1.0,0,3,2,1.0,6.123233995736766e-17,3.6888794541139363,5.571428571428571,0,3.6888794541139363,0.0,0.0,0.0,0.0,3.6888794541139363,0.9369677987667613,1.0788302248267314,0,0.17699366325085908,0,vrai négatif
R000261,2025-02-08,2025-02-12,Trentino-Alto_Adige,Bolzano,montagne,TRE-3-1,3,affaires,Europe_Ouest,site_hotel,voiture,4,1,2,0.0,1,aucune,oui,aucun,258.82,0,258.82,entreprise,10,1,1.0,0,0,1,1,0,DIRECT,0,0,0,0,1,0.1,0,2.0,2.0,0,129.41,258.82,0.0,1,-1.0,1,2,2,0.8660254037844386,0.5000000000000001,1.6094379124341003,4.0,0,0.0,1.6094379124341003,1.6094379124341003,0.0,0.0,1.6094379124341003,1.6091267990922937,1.1917303619117783,0,0.2919067508433414,1,faux positif
R000758,2025-02-08,2025-03-12,Liguria,Genova,littorale,LIG-4-1,4,affaires,Italie,plateforme_en_ligne,avion_direct,32,2,2,0.0,1,petit_dejeuner,non,partiel,178.72,1,353.87,nouveau,0,0,2.0,0,0,0,0,0,AG033,1,0,0,0,0,0.0,1,2.0,2.0,0,176.935,176.935,1.0,0,1.0,0,3,2,1.0,6.123233995736766e-17,3.4965075614664802,16.0,0,3.4965075614664802,0.0,0.0,0.0,0.0,6.9930151229329605,0.9897546657805837,1.1443939296920023,1,0.15649340864121675,0,faux négatif
R001413,2025-02-08,2025-02-22,Lombardia,Milano,affaires_lacs,LOM-4-3,4,famille,Europe_Ouest,plateforme_en_ligne,voiture,14,6,2,1.0,1,petit_dejeuner,oui,aucun,196.76,7,1097.92,nouveau,0,0,0.0,0,0,0,0,1,AG043,0,0,0,0,0,0.0,1,3.0,3.0,1,365.97333333333336,182.98666666666668,0.0,1,-1.0,1,2,2,0.8660254037844386,0.5000000000000001,2.70805020110221,2.3333333333333335,0,0.0,2.70805020110221,0.0,0.0,0.0,0.0,0.8873855590132143,0.9047892764352884,0,0.36006152782388023,1,faux positif
R003354,2025-02-08,2025-03-13,Campania,Napoli,urbaine_cotiere,CAM-3-2,3,groupe,Asie_Pacifique,plateforme_en_ligne,voiture,33,5,3,0.0,4,petit_dejeuner,non,partiel,160.45,3,3112.73,fidele,9,1,0.0,0,0,0,0,0,AG035,0,0,0,0,0,0.1111111111111111,0,3.0,0.75,0,1037.5766666666666,622.546,1.0,0,1.0,0,3,2,1.0,6.123233995736766e-17,3.5263605246161616,6.6,0,3.5263605246161616,0.0,0.0,0.0,0.0,0.0,0.9396778916544656,1.0267485761822486,0,0.2615647998148354,1,faux positif
R003694,2025-02-08,2025-02-19,Sardegna,Cagliari,insulaire_balneaire,SAR-4-3,4,affaires,Ameriques,telephone,avion_direct,11,4,2,0.0,1,aucune,oui,aucun,176.83,5,671.95,entreprise,4,1,2.0,0,0,0,0,0,DIRECT,1,0,0,0,1,0.25,0,2.0,2.0,0,335.975,167.9875,0.0,1,-1.0,1,2,2,0.8660254037844386,0.5000000000000001,2.4849066497880004,2.75,0,0.0,2.4849066497880004,2.4849066497880004,0.0,0.0,4.969813299576001,0.8801234352835777,1.0641511704880546,1,0.30079885394544914,1,vrai positif
R004682,2025-02-08,2025-03-19,Lombardia,Milano,affaires_lacs,LOM-5-3,5,loisirs_couple,Ameriques,telephone,train,39,6,2,0.0,1,petit_dejeuner,oui,partiel,238.77,2,1403.97,nouveau,0,0,0.0,0,0,0,0,0,DIRECT,1,0,0,0,1,0.0,1,2.0,2.0,0,701.985,233.995,1.0,1,0.0,0,3,2,1.0,6.123233995736766e-17,3.6888794541139363,6.5,0,3.6888794541139363,3.6888794541139363,3.6888794541139363,1.0,0.0,0.0,0.8784121845338828,1.1798685575925285,1,0.24255887266560716,1,vrai positif
R006694,2025-02-08,2025-03-26,Campania,Napoli,urbaine_cotiere,CAM-3-1,3,loisirs_couple,Italie,agence,avion_correspondance,46,7,2,0.0,1,petit_dejeuner,non,partiel,117.0,6,769.86,nouveau,0,0,1.0,0,0,0,0,0,AG013,0,0,0,0,0,0.0,1,2.0,2.0,0,384.93,109.98,1.0,0,1.0,0,3,2,1.0,6.123233995736766e-17,3.8501476017100584,6.571428571428571,0,3.8501476017100584,0.0,0.0,0.0,0.0,3.8501476017100584,0.7211538461538461,0.748704165866769,0,0.21548929673452058,0,vrai négatif
R009765,2025-02-08,2025-03-26,Lombardia,Milano,affaires_lacs,LOM-4-2,4,loisirs_couple,Italie,plateforme_en_ligne,train,46,4,2,0.0,1,demi_pension,oui,aucun,159.45,3,618.67,fidele,8,1,1.0,1,0,0,0,0,AG021,0,0,0,0,0,0.125,0,2.0,2.0,0,309.335,154.6675,0.0,1,-1.0,1,3,2,1.0,6.123233995736766e-17,3.8501476017100584,11.5,1,0.0,3.8501476017100584,0.0,0.0,3.8501476017100584,3.8501476017100584,0.7114809691669268,0.7879132282452932,0,0.43401708739162603,1,faux positif
R000836,2025-02-09,2025-02-23,Campania,Napoli,urbaine_cotiere,CAM-4-3,4,loisirs_couple,Italie,plateforme_en_ligne,avion_correspondance,14,4,2,0.0,1,petit_dejeuner,oui,aucun,175.94,8,647.46,nouveau,0,0,0.0,0,0,0,0,0,AG043,1,0,0,0,0,0.0,1,2.0,2.0,0,323.73,161.865,0.0,1,-1.0,1,2,2,0.8660254037844386,0.5000000000000001,2.70805020110221,3.5,0,0.0,2.70805020110221,0.0,0.0,0.0,0.0,0.9465755635659332,1.095619142510197,1,0.3938877644679269,1,vrai positif
R004063,2025-02-09,2025-03-07,Lombardia,Milano,affaires_lacs,LOM-3-2,3,loisirs_couple,Italie,entreprise,train,26,6,2,0.0,1,petit_dejeuner,oui,aucun,170.18,9,929.18,nouveau,0,0,0.0,0,0,0,0,1,DIRECT,0,0,0,0,1,0.0,1,2.0,2.0,0,464.59,154.86333333333332,0.0,1,-1.0,1,3,2,1.0,6.123233995736766e-17,3.295836866004329,4.333333333333333,0,0.0,3.295836866004329,3.295836866004329,0.0,0.0,0.0,0.8902722921189611,0.84093492118397,0,0.1909825508299216,0,vrai négatif
R004880,2025-02-09,2025-03-21,Campania,Napoli,urbaine_cotiere,CAM-3-2,3,loisirs_couple,Europe_Ouest,agence,avion_direct,40,3,2,0.0,1,demi_pension,oui,partiel,155.5,1,461.84,nouveau,0,0,2.0,1,0,0,0,1,AG041,1,0,0,0,0,0.0,1,2.0,2.0,0,230.92,153.94666666666666,1.0,1,0.0,0,3,2,1.0,6.123233995736766e-17,3.713572066704308,13.333333333333334,1,3.713572066704308,3.713572066704308,0.0,1.0,3.713572066704308,7.427144133408616,0.9106881405563689,0.9950726307032699,1,0.2790299926932591,1,vrai positif
R006656,2025-02-09,2025-02-27,Lombardia,Milano,affaires_lacs,LOM-3-1,3,affaires,Europe_Centrale,entreprise,avion_direct,18,3,2,0.0,1,petit_dejeuner,oui,aucun,163.73,11,437.16,entreprise,6,1,3.0,0,0,0,0,0,DIRECT,0,0,0,0,1,0.16666666666666666,0,2.0,2.0,0,218.58,145.72,0.0,1,-1.0,1,2,2,0.8660254037844386,0.5000000000000001,2.9444389791664403,6.0,0,0.0,2.9444389791664403,2.9444389791664403,0.0,0.0,8.83331693749932,0.8375578688901961,0.7529027659623387,0,0.15424549757774803,0,vrai négatif
R007504,2025-02-09,2025-03-14,Veneto,Venezia,urbaine_littorale,VEN-3-3,3,groupe,Autres,plateforme_en_ligne,train,33,5,4,0.0,4,petit_dejeuner,non,total,171.66,8,3158.54,nouveau,0,0,1.0,0,0,0,0,1,AG021,0,0,0,0,0,0.0,1,4.0,1.0,0,789.635,631.708,2.0,0,2.0,0,3,2,1.0,6.123233995736766e-17,3.5263605246161616,6.6,0,7.052721049232323,0.0,0.0,0.0,0.0,3.5263605246161616,0.9194953501094089,0.9672620724629515,0,0.1362620756599736,0,vrai négatif
R007925,2025-02-09,2025-03-20,Campania,Napoli,urbaine_cotiere,CAM-4-2,4,famille,Europe_Centrale,entreprise,train,39,4,2,2.0,1,aucune,non,aucun,159.12,5,604.66,fidele,2,0,0.0,1,0,0,0,0,DIRECT,0,0,0,0,1,0.0,0,4.0,4.0,1,151.165,151.165,0.0,0,0.0,0,3,2,1.0,6.123233995736766e-17,3.6888794541139363,9.75,1,0.0,0.0,3.6888794541139363,0.0,3.6888794541139363,0.0,0.8318912560449614,1.018237665578806,0,0.21050865148976852,0,vrai négatif
R002078,2025-02-10,2025-04-27,Veneto,Venezia,urbaine_littorale,VEN-3-3,3,loisirs_couple,Italie,site_hotel,avion_direct,76,3,2,0.0,1,pension_complete,non,total,255.0,4,734.4,nouveau,0,0,3.0,0,0,0,1,0,DIRECT,0,0,0,0,1,0.0,1,2.0,2.0,0,367.2,244.79999999999998,2.0,0,2.0,0,4,2,0.8660254037844387,-0.4999999999999998,4.343805421853684,25.333333333333332,0,8.687610843707368,0.0,4.343805421853684,0.0,0.0,13.031416265561052,1.3659053610503278,0.990599021055085,0,0.07735045413204861,0,vrai négatif
R004457,2025-02-10,2025-03-16,Sicilia,Palermo,insulaire_mixte,SIC-4-2,4,affaires,Europe_Ouest,plateforme_en_ligne,ferry,34,4,2,0.0,1,aucune,oui,aucun,156.67,5,595.35,entreprise,2,0,0.0,1,0,0,0,0,AG009,0,0,0,0,0,0.0,0,2.0,2.0,0,297.675,148.8375,0.0,1,-1.0,1,3,2,1.0,6.123233995736766e-17,3.5553480614894135,8.5,1,0.0,3.5553480614894135,0.0,0.0,3.5553480614894135,0.0,0.9040914074672514,1.1154859380562478,0,0.45551113404263016,1,faux positif
R004869,2025-02-10,2025-05-12,Lazio,Roma,urbaine_culturelle,LAZ-4-3,4,solo,Asie_Pacifique,plateforme_en_ligne,voiture,91,5,1,0.0,1,aucune,non,total,253.2,3,1228.02,fidele,12,1,0.0,0,0,0,1,0,AG016,0,0,0,0,0,0.08333333333333333,0,1.0,1.0,0,1228.02,245.60399999999998,2.0,0,2.0,0,5,2,0.49999999999999994,-0.8660254037844387,4.5217885770490405,18.2,0,9.043577154098081,0.0,0.0,0.0,0.0,0.0,1.225912656144088,0.9994868353530967,0,0.12905736820083646,0,vrai négatif
R004929,2025-02-10,2025-02-19,Toscana,Firenze,culturelle_rurale,TOS-3-3,3,affaires,Italie,telephone,train,9,3,2,0.0,1,petit_dejeuner,oui,partiel,198.83,2,584.56,entreprise,12,2,0.0,0,0,0,0,0,DIRECT,0,0,0,0,1,0.16666666666666666,0,2.0,2.0,0,292.28,194.85333333333332,1.0,1,0.0,0,2,2,0.8660254037844386,0.5000000000000001,2.302585092994046,3.0,0,2.302585092994046,2.302585092994046,2.302585092994046,1.0,0.0,0.0,1.1555852609554806,1.1908127208480566,0,0.15922315461920486,0,vrai négatif
R005531,2025-02-10,2025-02-15,Lombardia,Milano,affaires_lacs,LOM-5-3,5,affaires,Ameriques,site_hotel,voiture,5,2,2,0.0,1,petit_dejeuner,non,total,216.35,7,402.41,entreprise,2,0,0.0,1,0,0,0,1,DIRECT,0,0,0,0,1,0.0,0,2.0,2.0,0,201.205,201.205,2.0,0,2.0,0,2,2,0.8660254037844386,0.5000000000000001,1.791759469228055,2.5,1,3.58351893845611,0.0,1.791759469228055,0.0,1.791759469228055,0.0,0.7959311308954455,0.9948727381417699,0,0.09345536976222017,0,vrai négatif
R005756,2025-02-10,2025-04-13,Toscana,Firenze,culturelle_rurale,TOS-3-3,3,groupe,Italie,agence,avion_direct,62,4,5,0.0,3,aucune,oui,partiel,199.31,5,2272.13,fidele,12,3,0.0,0,0,0,1,0,AG044,0,0,0,0,0,0.25,0,5.0,1.6666666666666667,0,454.42600000000004,568.0325,1.0,1,0.0,0,4,2,0.8660254037844387,-0.4999999999999998,4.143134726391533,15.5,0,4.143134726391533,4.143134726391533,0.0,1.0,0.0,0.0,1.1583749854701848,0.8540881042166609,0,0.3342550851071955,1,faux positif
R006470,2025-02-10,2025-05-11,Sicilia,Palermo,insulaire_mixte,SIC-3-3,3,famille,Italie,plateforme_en_ligne,ferry,90,9,2,1.0,1,petit_dejeuner,oui,aucun,146.62,2,1293.19,nouveau,0,0,0.0,0,0,0,1,0,AG020,1,0,0,0,0,0.0,1,3.0,3.0,1,431.06333333333333,143.6877777777778,0.0,1,-1.0,1,5,2,0.49999999999999994,-0.8660254037844387,4.51085950651685,10.0,0,0.0,4.51085950651685,0.0,0.0,0.0,0.0,1.038605936105405,0.7969561081668705,1,0.5649632380609381,1,vrai positif
R007362,2025-02-10,2025-02-19,Campania,Napoli,urbaine_cotiere,CAM-4-2,4,famille,Asie_Pacifique,plateforme_en_ligne,voiture,9,3,2,2.0,1,petit_dejeuner,oui,aucun,171.52,2,504.27,nouveau,0,0,1.0,0,0,0,0,0,AG037,1,0,0,0,0,0.0,1,4.0,4.0,1,126.0675,168.09,0.0,1,-1.0,1,2,2,0.8660254037844386,0.5000000000000001,2.302585092994046,3.0,0,0.0,2.302585092994046,0.0,0.0,0.0,2.302585092994046,0.8967193830871781,1.068094778466233,1,0.3514903827041618,1,vrai positif
R007882,2025-02-10,2025-02-15,Lazio,Roma,urbaine_culturelle,LAZ-4-3,4,famille,Asie_Pacifique,site_hotel,avion_direct,5,2,2,2.0,1,petit_dejeuner,oui,aucun,193.63,4,371.77,nouveau,0,0,1.0,1,0,0,0,1,DIRECT,0,0,0,0,1,0.0,1,4.0,4.0,1,92.9425,185.885,0.0,1,-1.0,1,2,2,0.8660254037844386,0.5000000000000001,1.791759469228055,2.5,1,0.0,1.791759469228055,1.791759469228055,0.0,1.791759469228055,1.791759469228055,0.9374939479035537,1.127821300637796,0,0.28050670385974397,1,faux positif
R008553,2025-02-10,2025-04-09,Lazio,Roma,urbaine_culturelle,LAZ-4-2,4,groupe,Italie,agence,avion_direct,58,4,6,0.0,4,petit_dejeuner,oui,aucun,342.59,2,5371.81,nouveau,0,0,3.0,1,0,1,1,0,AG016,0,0,0,0,0,0.0,1,6.0,1.5,0,895.3016666666667,1342.9525,0.0,1,-1.0,1,4,2,0.8660254037844387,-0.4999999999999998,4.07753744390572,14.5,1,0.0,4.07753744390572,0.0,0.0,4.07753744390572,12.23261233171716,1.690550209721194,1.4169785958018817,0,0.45368622108005724,1,faux positif
R008683,2025-02-10,2025-02-20,Campania,Napoli,urbaine_cotiere,CAM-3-1,3,affaires,Asie_Pacifique,plateforme_en_ligne,voiture,10,2,2,0.0,1,petit_dejeuner,non,partiel,146.69,6,275.78,nouveau,0,0,1.0,0,0,0,0,0,AG004,0,0,0,0,0,0.0,1,2.0,2.0,0,137.89,137.89,1.0,0,1.0,0,2,2,0.8660254037844386,0.5000000000000001,2.3978952727983707,5.0,0,2.3978952727983707,0.0,0.0,0.0,0.0,2.3978952727983707,0.904154339250493,0.9134726157486689,0,0.1968670827730367,0,vrai négatif
R009023,2025-02-10,2025-02-17,Lazio,Roma,urbaine_culturelle,LAZ-5-1,5,solo,Ameriques,site_hotel,avion_direct,7,6,1,0.0,1,petit_dejeuner,oui,aucun,180.13,11,961.89,nouveau,0,0,0.0,0,0,0,0,0,DIRECT,0,0,1,0,1,0.0,1,1.0,1.0,0,961.89,160.315,0.0,1,-1.0,1,2,2,0.8660254037844386,0.5000000000000001,2.0794415416798357,1.1666666666666667,0,0.0,2.0794415416798357,2.0794415416798357,0.0,0.0,0.0,0.7908589994072839,1.0491889215714827,0,0.33382202482395185,1,faux positif
R009721,2025-02-10,2025-02-19,Liguria,Genova,littorale,LIG-4-1,4,affaires,Italie,site_hotel,train,9,3,2,0.0,1,petit_dejeuner,non,total,146.61,5,417.84,fidele,11,1,2.0,0,0,0,0,0,DIRECT,0,0,0,0,1,0.09090909090909091,0,2.0,2.0,0,208.92,139.28,2.0,0,2.0,0,2,2,0.8660254037844386,0.5000000000000001,2.302585092994046,3.0,0,4.605170185988092,0.0,2.302585092994046,0.0,0.0,4.605170185988092,0.8119288918424988,0.9796204730722973,0,0.053220770893548194,0,vrai négatif
R000443,2025-02-11,2025-04-10,Sicilia,Palermo,insulaire_mixte,SIC-4-3,4,solo,Autres,plateforme_en_ligne,avion_direct,58,8,1,0.0,1,petit_dejeuner,non,partiel,165.6,4,1271.81,nouveau,0,0,2.0,0,0,0,0,0,AG023,0,0,0,0,0,0.0,1,1.0,1.0,0,1271.81,158.97625,1.0,0,1.0,0,4,2,0.8660254037844387,-0.4999999999999998,4.07753744390572,7.25,0,4.07753744390572,0.0,0.0,0.0,0.0,8.15507488781144,0.9935801283974319,1.141635931198511,0,0.15687649064902745,0,vrai négatif
R002599,2025-02-11,2025-03-15,Lombardia,Milano,affaires_lacs,LOM-3-3,3,affaires,Italie,plateforme_en_ligne,avion_correspondance,32,3,2,0.0,1,petit_dejeuner,oui,aucun,187.63973063973063,1,557.29,nouveau,0,0,2.0,0,0,0,0,1,AG003,0,1,0,0,0,0.0,1,2.0,2.0,0,278.645,185.76333333333332,0.0,1,-1.0,1,3,2,1.0,6.123233995736766e-17,3.4965075614664802,10.666666666666666,0,0.0,3.4965075614664802,0.0,0.0,0.0,6.9930151229329605,0.9294156750692488,0.9272112004730475,0,0.3019348544939041,1,faux positif
R003560,2025-02-11,2025-04-26,Veneto,Venezia,urbaine_littorale,VEN-3-2,3,groupe,Italie,site_hotel,avion_direct,74,2,3,0.0,4,pension_complete,oui,partiel,223.47,5,1698.37,nouveau,0,0,1.0,0,0,0,1,1,DIRECT,0,0,0,0,1,0.0,1,3.0,0.75,0,566.1233333333333,849.185,1.0,1,0.0,0,4,2,0.8660254037844387,-0.4999999999999998,4.31748811353631,37.0,0,4.31748811353631,4.31748811353631,4.31748811353631,1.0,0.0,4.31748811353631,1.093618479005579,0.8681143656281562,0,0.3400999080282445,1,faux positif
R007438,2025-02-11,2025-04-30,Campania,Napoli,urbaine_cotiere,CAM-3-2,3,groupe,Asie_Pacifique,site_hotel,avion_direct,78,3,3,0.0,4,petit_dejeuner,oui,aucun,206.32,10,2228.26,fidele,7,1,2.0,1,0,1,1,0,DIRECT,0,0,0,0,1,0.14285714285714285,0,3.0,0.75,0,742.7533333333334,742.7533333333334,0.0,1,-1.0,1,4,2,0.8660254037844387,-0.4999999999999998,4.3694478524670215,26.0,1,0.0,4.3694478524670215,4.3694478524670215,0.0,4.3694478524670215,8.738895704934043,1.2083162518301611,1.0208302409578942,0,0.44992344409554524,1,faux positif
R001022,2025-02-12,2025-03-25,Trentino-Alto_Adige,Bolzano,montagne,TRE-3-1,3,famille,Asie_Pacifique,agence,voiture,41,4,2,3.0,2,aucune,non,partiel,168.14,3,1304.77,fidele,7,1,2.0,0,5,0,0,0,AG002,0,0,0,0,0,0.14285714285714285,0,5.0,2.5,1,260.954,326.1925,1.0,0,1.0,0,3,2,1.0,6.123233995736766e-17,3.7376696182833684,10.25,0,3.7376696182833684,0.0,0.0,0.0,0.0,7.475339236566737,1.0453542230097297,1.0097892018497387,0,0.1767099570978131,0,vrai négatif
R002384,2025-02-12,2025-03-06,Toscana,Firenze,culturelle_rurale,TOS-3-2,3,famille,Italie,plateforme_en_ligne,voiture,22,5,2,1.0,1,demi_pension,oui,aucun,148.64,6,698.61,nouveau,0,0,1.0,0,0,0,0,0,AG036,0,0,0,0,0,0.0,1,3.0,3.0,1,232.87,139.722,0.0,1,-1.0,1,3,2,1.0,6.123233995736766e-17,3.1354942159291497,4.4,0,0.0,3.1354942159291497,0.0,0.0,0.0,3.1354942159291497,0.8431083380601246,0.8750735900153066,0,0.40913614970161133,1,faux positif
R003691,2025-02-12,2025-02-17,Lombardia,Milano,affaires_lacs,LOM-5-1,5,famille,Europe_Centrale,site_hotel,voiture,5,2,2,3.0,2,demi_pension,non,partiel,213.24,9,776.19,nouveau,0,0,2.0,0,0,0,0,0,DIRECT,0,0,0,0,1,0.0,1,5.0,2.5,1,155.238,388.095,1.0,0,1.0,0,2,2,0.8660254037844386,0.5000000000000001,1.791759469228055,2.5,0,1.791759469228055,0.0,1.791759469228055,0.0,0.0,3.58351893845611,0.8082477352840846,0.9805715862322673,0,0.156825295998539,0,vrai négatif
R004030,2025-02-12,2025-04-02,Toscana,Firenze,culturelle_rurale,TOS-4-2,4,affaires,Europe_Centrale,plateforme_en_ligne,voiture,49,2,2,0.0,1,demi_pension,oui,aucun,222.59,8,409.57,nouveau,0,0,2.0,1,0,0,1,0,AG016,0,0,0,0,0,0.0,1,2.0,2.0,0,204.785,204.785,0.0,1,-1.0,1,4,2,0.8660254037844387,-0.4999999999999998,3.912023005428146,24.5,1,0.0,3.912023005428146,0.0,0.0,3.912023005428146,7.824046010856292,1.1200060380396497,0.953848131642098,0,0.415045276456506,1,faux positif
R004367,2025-02-12,2025-03-06,Lazio,Roma,urbaine_culturelle,LAZ-4-3,4,loisirs_couple,Italie,plateforme_en_ligne,avion_direct,22,6,2,0.0,1,demi_pension,oui,aucun,145.85,3,848.85,fidele,11,2,1.0,1,0,0,0,0,AG009,0,0,0,0,0,0.18181818181818182,0,2.0,2.0,0,424.425,141.475,0.0,1,-1.0,1,3,2,1.0,6.123233995736766e-17,3.1354942159291497,3.6666666666666665,1,0.0,3.1354942159291497,0.0,0.0,3.1354942159291497,3.1354942159291497,0.7061586133436621,0.8547734864912383,0,0.35223423596807746,1,faux positif
R004600,2025-02-12,2025-03-15,Toscana,Firenze,culturelle_rurale,TOS-4-3,4,loisirs_couple,Ameriques,entreprise,voiture,31,3,2,0.0,1,petit_dejeuner,oui,aucun,242.06,10,653.56,nouveau,0,0,2.0,0,0,0,0,1,DIRECT,0,0,0,0,1,0.0,1,2.0,2.0,0,326.78,217.85333333333332,0.0,1,-1.0,1,3,2,1.0,6.123233995736766e-17,3.4657359027997265,10.333333333333334,0,0.0,3.4657359027997265,3.4657359027997265,0.0,0.0,6.931471805599453,1.1915626769056586,1.425055928411633,0,0.13780799801666735,0,vrai négatif
R005536,2025-02-12,2025-03-29,Sicilia,Palermo,insulaire_mixte,SIC-4-3,4,famille,Italie,agence,avion_correspondance,45,4,2,2.0,1,petit_dejeuner,oui,aucun,165.71,3,642.95,fidele,9,1,3.0,0,0,0,0,1,AG015,1,0,0,0,0,0.1111111111111111,0,4.0,4.0,1,160.7375,160.7375,0.0,1,-1.0,1,3,2,1.0,6.123233995736766e-17,3.828641396489095,11.25,0,0.0,3.828641396489095,0.0,0.0,0.0,11.485924189467285,0.994240115197696,1.1798504805980778,1,0.2844012994270655,1,vrai positif
R006670,2025-02-12,2025-04-08,Lazio,Roma,urbaine_culturelle,LAZ-4-3,4,famille,Ameriques,agence,avion_direct,55,6,2,2.0,1,petit_dejeuner,oui,partiel,241.57,2,1420.43,fidele,6,1,1.0,0,0,0,1,0,AG038,1,0,0,0,0,0.16666666666666666,0,4.0,4.0,1,355.1075,236.73833333333334,1.0,1,0.0,0,4,2,0.8660254037844387,-0.4999999999999998,4.02535169073515,9.166666666666666,0,4.02535169073515,4.02535169073515,0.0,1.0,0.0,4.02535169073515,1.1696039508085598,0.9991521042291386,1,0.3171546611259877,1,vrai positif
R009387,2025-02-12,2025-03-09,Lazio,Roma,urbaine_culturelle,LAZ-4-2,4,famille,Italie,telephone,train,25,3,2,2.0,1,aucune,oui,aucun,177.08,3,515.3,fidele,11,1,3.0,0,0,0,0,0,DIRECT,0,0,0,0,1,0.09090909090909091,0,4.0,4.0,1,128.825,171.76666666666665,0.0,1,-1.0,1,3,2,1.0,6.123233995736766e-17,3.258096538021482,8.333333333333334,0,0.0,3.258096538021482,3.258096538021482,0.0,0.0,9.774289614064447,0.8738218603503578,1.0378010900779466,0,0.2233855780011766,0,vrai négatif
R001210,2025-02-13,2025-06-16,Lazio,Roma,urbaine_culturelle,LAZ-4-3,4,famille,Italie,telephone,voiture,123,5,2,3.0,2,demi_pension,oui,partiel,192.18,6,1806.49,nouveau,0,0,0.0,0,0,0,1,0,DIRECT,1,0,0,0,1,0.0,1,5.0,2.5,1,361.298,361.298,1.0,1,0.0,0,6,2,1.2246467991473532e-16,-1.0,4.820281565605037,24.6,0,4.820281565605037,4.820281565605037,4.820281565605037,1.0,0.0,0.0,0.9304735160259513,0.8081751088122122,1,0.37360230764256575,1,vrai positif
R001669,2025-02-13,2025-03-01,Veneto,Venezia,urbaine_littorale,VEN-5-3,5,affaires,Europe_Ouest,site_hotel,voiture,16,1,2,1.0,1,petit_dejeuner,oui,aucun,173.97,10,156.57,entreprise,7,1,1.0,1,0,0,0,1,DIRECT,0,0,0,0,1,0.14285714285714285,0,3.0,3.0,1,52.19,156.57,0.0,1,-1.0,1,3,2,1.0,6.123233995736766e-17,2.833213344056216,16.0,1,0.0,2.833213344056216,2.833213344056216,0.0,2.833213344056216,2.833213344056216,0.6728939429101879,0.9802783569053924,0,0.29887936773718116,1,faux positif
R001859,2025-02-13,2025-05-15,Lombardia,Milano,affaires_lacs,LOM-4-3,4,famille,Ameriques,telephone,train,91,7,2,2.0,1,petit_dejeuner,non,partiel,264.11,7,1719.36,nouveau,0,0,2.0,0,0,1,1,0,DIRECT,0,0,0,0,1,0.0,1,4.0,4.0,1,429.84,245.62285714285713,1.0,0,1.0,0,5,2,0.49999999999999994,-0.8660254037844387,4.5217885770490405,13.0,0,4.5217885770490405,0.0,4.5217885770490405,0.0,0.0,9.043577154098081,1.1911333603932712,0.9669400307534599,0,0.1687958704489649,0,vrai négatif
R002053,2025-02-13,2025-04-19,Trentino-Alto_Adige,Bolzano,montagne,TRE-4-1,4,famille,Italie,plateforme_en_ligne,voiture,65,2,2,1.0,1,petit_dejeuner,oui,aucun,191.42,3,371.35,fidele,8,1,1.0,0,0,0,0,1,AG019,1,0,0,0,0,0.125,0,3.0,3.0,1,123.78333333333335,185.675,0.0,1,-1.0,1,4,2,0.8660254037844387,-0.4999999999999998,4.189654742026425,32.5,0,0.0,4.189654742026425,0.0,0.0,0.0,4.189654742026425,0.9569325368060589,1.1143971589916748,1,0.4092266555938442,1,vrai positif
R003383,2025-02-13,2025-03-23,Lombardia,Milano,affaires_lacs,LOM-5-3,5,loisirs_couple,Europe_Ouest,site_hotel,train,38,7,2,0.0,1,demi_pension,non,total,146.89,6,966.54,nouveau,0,0,1.0,0,0,0,0,0,DIRECT,0,0,0,0,1,0.0,1,2.0,2.0,0,483.27,138.07714285714286,2.0,0,2.0,0,3,2,1.0,6.123233995736766e-17,3.6635616461296463,5.428571428571429,0,7.327123292259293,0.0,3.6635616461296463,0.0,0.0,3.6635616461296463,0.5403943786329188,0.7258486929880911,0,0.07672123575664588,0,vrai négatif
R003925,2025-02-13,2025-02-27,Sicilia,Palermo,insulaire_mixte,SIC-5-2,5,famille,Italie,entreprise,avion_direct,14,4,2,1.0,1,aucune,non,total,132.65,10,477.54,nouveau,0,0,0.0,0,0,0,0,0,DIRECT,0,0,0,0,1,0.0,1,3.0,3.0,1,159.18,119.385,2.0,0,2.0,0,2,2,0.8660254037844386,0.5000000000000001,2.70805020110221,3.5,0,5.41610040220442,0.0,2.70805020110221,0.0,0.0,0.0,0.7322458667991499,0.8435612082670907,0,0.0719242738592446,0,vrai négatif
R004241,2025-02-13,2025-04-17,Sicilia,Palermo,insulaire_mixte,SIC-4-3,4,loisirs_couple,Europe_Ouest,agence,avion_correspondance,63,9,2,0.0,1,demi_pension,non,total,128.57,7,1076.13,fidele,12,2,0.0,1,0,0,0,0,AG044,0,0,1,0,0,0.16666666666666666,0,2.0,2.0,0,538.065,119.57000000000001,2.0,0,2.0,0,4,2,0.8660254037844387,-0.4999999999999998,4.1588830833596715,7.0,1,8.317766166719343,0.0,0.0,0.0,4.1588830833596715,0.0,0.7714045719085617,0.8863534521388438,0,0.11408374791434996,0,vrai négatif
R004295,2025-02-13,2025-02-25,Lombardia,Milano,affaires_lacs,LOM-4-1,4,affaires,Autres,plateforme_en_ligne,train,12,2,2,0.0,1,aucune,oui,partiel,334.63,1,662.57,nouveau,0,0,0.0,0,0,0,0,0,AG034,0,0,0,0,0,0.0,1,2.0,2.0,0,331.285,331.285,1.0,1,0.0,0,2,2,0.8660254037844386,0.5000000000000001,2.5649493574615367,6.0,0,2.5649493574615367,2.5649493574615367,0.0,1.0,0.0,0.0,1.5150541042242043,1.5387763548157174,0,0.2646893602382832,1,faux positif
R004922,2025-02-13,2025-03-10,Liguria,Genova,littorale,LIG-3-1,3,solo,Europe_Centrale,agence,train,25,3,1,0.0,1,aucune,non,aucun,125.94,2,370.26,nouveau,0,0,2.0,1,0,0,0,0,AG026,0,0,0,0,0,0.0,1,1.0,1.0,0,370.26,123.42,0.0,0,0.0,0,3,2,1.0,6.123233995736766e-17,3.258096538021482,8.333333333333334,1,0.0,0.0,0.0,0.0,3.258096538021482,6.516193076042964,0.8160435430570854,0.8064288915924953,0,0.26547359540556514,1,faux positif
R005154,2025-02-13,2025-02-22,Campania,Napoli,urbaine_cotiere,CAM-4-1,4,affaires,Italie,site_hotel,avion_direct,9,1,2,0.0,1,petit_dejeuner,oui,aucun,184.42,0,184.42,nouveau,0,0,1.0,0,0,0,0,1,DIRECT,0,0,0,0,1,0.0,1,2.0,2.0,0,92.21,184.42,0.0,1,-1.0,1,2,2,0.8660254037844386,0.5000000000000001,2.302585092994046,9.0,0,0.0,2.302585092994046,2.302585092994046,0.0,0.0,2.302585092994046,0.9745811974845426,1.1484260671918298,0,0.24782789565311297,1,faux positif
R006066,2025-02-13,2025-03-16,Lazio,Roma,urbaine_culturelle,LAZ-4-2,4,groupe,Asie_Pacifique,agence,avion_direct,31,2,5,0.0,3,aucune,oui,aucun,184.8,6,1042.27,nouveau,0,0,1.0,3,0,0,0,0,AG001,1,0,0,0,0,0.0,1,5.0,1.6666666666666667,0,208.454,521.135,0.0,1,-1.0,1,3,2,1.0,6.123233995736766e-17,3.4657359027997265,15.5,1,0.0,3.4657359027997265,0.0,0.0,3.4657359027997265,3.4657359027997265,0.9119170984455959,1.08304518548907,1,0.6027836291773343,1,vrai positif
R007530,2025-02-13,2025-02-24,Lombardia,Milano,affaires_lacs,LOM-4-2,4,affaires,Autres,agence,train,11,2,2,0.0,1,petit_dejeuner,oui,partiel,267.67,7,497.87,entreprise,6,1,1.0,1,0,0,0,0,AG017,1,0,0,0,0,0.16666666666666666,0,2.0,2.0,0,248.935,248.935,1.0,1,0.0,0,2,2,0.8660254037844386,0.5000000000000001,2.4849066497880004,5.5,1,2.4849066497880004,2.4849066497880004,0.0,1.0,2.4849066497880004,2.4849066497880004,1.194368836731962,1.2308647368542065,1,0.29849733128053996,1,vrai positif
R008098,2025-02-13,2025-02-24,Lombardia,Milano,affaires_lacs,LOM-4-2,4,famille,Italie,agence,avion_direct,11,4,2,2.0,1,demi_pension,oui,partiel,190.53,4,731.64,nouveau,0,0,2.0,0,0,0,0,0,AG003,0,0,0,0,0,0.0,1,4.0,4.0,1,182.91,182.91,1.0,1,0.0,0,2,2,0.8660254037844386,0.5000000000000001,2.4849066497880004,2.75,0,2.4849066497880004,2.4849066497880004,0.0,1.0,0.0,4.969813299576001,0.8501628664495113,0.8761409882049985,0,0.2125732799168193,0,vrai négatif
R008228,2025-02-13,2025-07-09,Toscana,Firenze,culturelle_rurale,TOS-5-1,5,groupe,Italie,plateforme_en_ligne,voiture,146,2,6,0.0,4,petit_dejeuner,non,total,213.98,0,1711.84,nouveau,0,0,1.0,0,0,0,1,0,AG025,0,1,0,0,0,0.0,1,6.0,1.5,0,285.3066666666667,855.92,2.0,0,2.0,0,7,2,-0.4999999999999997,-0.8660254037844388,4.990432586778736,73.0,0,9.980865173557472,0.0,0.0,0.0,0.0,4.990432586778736,0.926962398197886,0.9533738777874312,0,0.1684452229508032,0,vrai négatif
R008664,2025-02-13,2025-03-28,Veneto,Venezia,urbaine_littorale,VEN-5-1,5,loisirs_couple,Europe_Ouest,plateforme_en_ligne,train,43,6,2,0.0,1,petit_dejeuner,oui,partiel,198.34,1,1178.14,nouveau,0,0,0.0,1,0,0,0,1,AG013,1,0,0,1,0,0.0,1,2.0,2.0,0,589.07,196.35666666666668,1.0,1,0.0,0,3,2,1.0,6.123233995736766e-17,3.784189633918261,7.166666666666667,1,3.784189633918261,3.784189633918261,0.0,1.0,3.784189633918261,0.0,0.7336687134719242,1.11759734039556,1,0.3530357085375087,1,vrai positif
R008980,2025-02-13,2025-04-06,Veneto,Venezia,urbaine_littorale,VEN-5-1,5,solo,Italie,plateforme_en_ligne,train,52,4,1,0.0,1,petit_dejeuner,oui,total,244.69,2,959.18,fidele,2,0,3.0,0,0,0,1,0,AG018,0,0,0,0,0,0.0,0,1.0,1.0,0,959.18,239.795,2.0,1,1.0,0,4,2,0.8660254037844387,-0.4999999999999998,3.970291913552122,13.0,0,7.940583827104244,3.970291913552122,0.0,2.0,0.0,11.910875740656365,0.9051194791743729,0.9505477429881127,0,0.14427552136044147,0,vrai négatif
R000515,2025-02-14,2025-07-20,Trentino-Alto_Adige,Bolzano,montagne,TRE-3-2,3,groupe,Europe_Ouest,site_hotel,train,156,3,4,0.0,3,aucune,oui,aucun,193.03,12,1528.8,fidele,9,1,2.0,0,0,0,1,0,DIRECT,1,0,0,0,1,0.1111111111111111,0,4.0,1.3333333333333333,0,382.2,509.59999999999997,0.0,1,-1.0,1,7,2,-0.4999999999999997,-0.8660254037844388,5.056245805348308,52.0,0,0.0,5.056245805348308,5.056245805348308,0.0,0.0,10.112491610696615,1.219933008911079,0.9025998316655756,1,0.43314492922182973,1,vrai positif
R002333,2025-02-14,2025-03-10,Sicilia,Palermo,insulaire_mixte,SIC-5-1,5,groupe,Europe_Ouest,plateforme_en_ligne,avion_correspondance,24,5,6,0.0,2,pension_complete,non,total,162.81,3,1579.26,fidele,3,0,1.0,0,0,0,0,0,AG042,0,0,0,0,0,0.0,0,6.0,3.0,0,263.21,315.852,2.0,0,2.0,0,3,2,1.0,6.123233995736766e-17,3.2188758248682006,4.8,0,6.437751649736401,0.0,0.0,0.0,0.0,3.2188758248682006,0.8984851411384897,1.1592025631897473,0,0.12860684581171444,0,vrai négatif
R004315,2025-02-14,2025-05-05,Veneto,Venezia,urbaine_littorale,VEN-3-3,3,loisirs_couple,Europe_Ouest,agence,train,80,3,2,0.0,1,aucune,oui,partiel,223.59,5,637.23,fidele,4,1,1.0,1,0,0,1,0,AG016,0,0,0,0,0,0.25,0,2.0,2.0,0,318.615,212.41,1.0,1,0.0,0,5,2,0.49999999999999994,-0.8660254037844387,4.394449154672439,26.666666666666668,1,4.394449154672439,4.394449154672439,0.0,1.0,4.394449154672439,4.394449154672439,1.1976579595185992,0.8851368737752617,0,0.44249587068665375,1,faux positif
R004653,2025-02-14,2025-03-08,Lazio,Roma,urbaine_culturelle,LAZ-4-3,4,loisirs_couple,Italie,telephone,voiture,22,5,2,1.0,1,aucune,oui,total,135.96,2,666.2,nouveau,0,0,1.0,0,0,0,0,1,DIRECT,0,0,0,0,1,0.0,1,3.0,3.0,1,222.0666666666667,133.24,2.0,1,1.0,0,3,2,1.0,6.123233995736766e-17,3.1354942159291497,4.4,0,6.270988431858299,3.1354942159291497,3.1354942159291497,2.0,0.0,3.1354942159291497,0.6582744262612569,0.7968118150383873,0,0.11706723747941918,0,vrai négatif
R005096,2025-02-14,2025-02-21,Lombardia,Milano,affaires_lacs,LOM-5-1,5,affaires,Europe_Ouest,agence,train,7,1,2,0.0,1,aucune,oui,aucun,196.84,3,190.93,entreprise,9,1,2.0,0,0,0,0,1,AG007,0,0,0,0,0,0.1111111111111111,0,2.0,2.0,0,95.465,190.93,0.0,1,-1.0,1,2,2,0.8660254037844386,0.5000000000000001,2.0794415416798357,7.0,0,0.0,2.0794415416798357,0.0,0.0,0.0,4.1588830833596715,0.7460864950915362,0.905157151725565,0,0.26383850936170683,1,faux positif
R005408,2025-02-14,2025-04-08,Trentino-Alto_Adige,Bolzano,montagne,TRE-3-3,3,loisirs_couple,Asie_Pacifique,agence,avion_direct,53,5,2,1.0,1,demi_pension,oui,total,152.28,2,746.17,nouveau,0,0,0.0,0,0,0,0,0,AG035,0,0,0,0,0,0.0,1,3.0,3.0,1,248.72333333333333,149.23399999999998,2.0,1,1.0,0,4,2,0.8660254037844387,-0.4999999999999998,3.9889840465642745,10.6,0,7.977968093128549,3.9889840465642745,0.0,2.0,0.0,0.0,0.986205556634933,0.8865343191476974,0,0.15087041153857939,0,vrai négatif
R005555,2025-02-14,2025-03-21,Sardegna,Cagliari,insulaire_balneaire,SAR-3-1,3,loisirs_couple,Italie,agence,ferry,35,9,2,0.0,1,petit_dejeuner,oui,aucun,150.35,3,1312.56,nouveau,0,0,1.0,0,0,0,0,1,AG005,0,0,0,0,0,0.0,1,2.0,2.0,0,656.28,145.84,0.0,1,-1.0,1,3,2,1.0,6.123233995736766e-17,3.58351893845611,3.888888888888889,0,0.0,3.58351893845611,0.0,0.0,0.0,3.58351893845611,0.9222794749110539,0.8421553800481711,0,0.3864086179052434,1,faux positif
R005883,2025-02-14,2025-03-09,Campania,Napoli,urbaine_cotiere,CAM-4-1,4,affaires,Italie,plateforme_en_ligne,avion_direct,23,2,2,0.0,1,petit_dejeuner,oui,aucun,143.01,5,271.72,fidele,6,1,2.0,0,0,0,0,0,AG027,0,0,0,0,0,0.16666666666666666,0,2.0,2.0,0,135.86,135.86,0.0,1,-1.0,1,3,2,1.0,6.123233995736766e-17,3.1780538303479458,11.5,0,0.0,3.1780538303479458,0.0,0.0,0.0,6.3561076606958915,0.7557469745811974,0.915146861201766,0,0.385606651287728,1,faux positif
R006097,2025-02-14,2025-02-25,Sardegna,Cagliari,insulaire_balneaire,SAR-5-1,5,affaires,Italie,telephone,avion_direct,11,2,2,0.0,1,aucune,oui,aucun,216.44,3,419.89,nouveau,0,0,0.0,0,0,0,0,0,DIRECT,0,0,0,0,1,0.0,1,2.0,2.0,0,209.945,209.945,0.0,1,-1.0,1,2,2,0.8660254037844386,0.5000000000000001,2.4849066497880004,5.5,0,0.0,2.4849066497880004,2.4849066497880004,0.0,0.0,0.0,1.0048257185288723,1.302521514112054,0,0.3248275614153155,1,faux positif
R007033,2025-02-14,2025-03-15,Toscana,Firenze,culturelle_rurale,TOS-4-3,4,solo,Europe_Ouest,plateforme_en_ligne,train,29,4,1,0.0,1,aucune,oui,partiel,206.23,8,758.93,fidele,10,2,2.0,0,0,1,0,1,AG026,1,0,0,0,0,0.2,0,1.0,1.0,0,758.93,189.7325,1.0,1,0.0,0,3,2,1.0,6.123233995736766e-17,3.4011973816621555,7.25,0,3.4011973816621555,3.4011973816621555,0.0,1.0,0.0,6.802394763324311,1.0151861970513674,1.2141175085364415,1,0.18955704107387872,0,faux négatif
R007636,2025-02-14,2025-03-15,Lazio,Roma,urbaine_culturelle,LAZ-4-1,4,famille,Europe_Ouest,plateforme_en_ligne,voiture,29,5,2,3.0,2,aucune,oui,partiel,179.8,2,1762.04,fidele,8,2,2.0,1,0,0,0,1,AG040,1,0,0,0,0,0.25,0,5.0,2.5,1,352.408,352.408,1.0,1,0.0,0,3,2,1.0,6.123233995736766e-17,3.4011973816621555,5.8,1,3.4011973816621555,3.4011973816621555,0.0,1.0,3.4011973816621555,6.802394763324311,0.8803368585977281,1.0537420148860108,1,0.2994684642327359,1,vrai positif
R000458,2025-02-15,2025-03-10,Lombardia,Milano,affaires_lacs,LOM-4-2,4,solo,Europe_Centrale,agence,train,23,6,1,0.0,1,aucune,oui,aucun,200.88,7,1120.91,nouveau,0,0,1.0,0,0,0,0,0,AG033,0,0,0,0,0,0.0,1,1.0,1.0,0,1120.91,186.81833333333336,0.0,1,-1.0,1,3,2,1.0,6.123233995736766e-17,3.1780538303479458,3.8333333333333335,0,0.0,3.1780538303479458,0.0,0.0,0.0,3.1780538303479458,0.8963455445986345,0.992637248604042,0,0.32937231634377995,1,faux positif
R002550,2025-02-15,2025-04-15,Toscana,Firenze,culturelle_rurale,TOS-4-2,4,solo,Europe_Ouest,site_hotel,voiture,59,6,1,1.0,1,petit_dejeuner,oui,partiel,259.69,5,1480.23,fidele,4,1,0.0,0,0,0,1,0,DIRECT,0,0,0,0,1,0.25,0,2.0,2.0,1,740.115,246.705,1.0,1,0.0,0,4,2,0.8660254037844387,-0.4999999999999998,4.0943445622221,9.833333333333334,0,4.0943445622221,4.0943445622221,4.0943445622221,1.0,0.0,0.0,1.3066820972124382,1.112829962290024,0,0.32149753429390354,1,faux positif
R006708,2025-02-15,2025-02-23,Lazio,Roma,urbaine_culturelle,LAZ-5-1,5,groupe,Italie,site_hotel,voiture,8,3,3,0.0,4,petit_dejeuner,non,partiel,178.8,9,1952.5,nouveau,0,0,0.0,1,0,0,0,0,DIRECT,0,0,0,0,1,0.0,1,3.0,0.75,0,650.8333333333334,650.8333333333334,1.0,0,1.0,0,2,2,0.8660254037844386,0.5000000000000001,2.1972245773362196,2.6666666666666665,1,2.1972245773362196,0.0,2.1972245773362196,0.0,2.1972245773362196,0.0,0.7850196474436372,1.041442176078283,0,0.19417158018248692,0,vrai négatif
R006827,2025-02-15,2025-03-27,Veneto,Venezia,urbaine_littorale,VEN-4-3,4,affaires,Italie,telephone,avion_direct,40,2,2,0.0,1,petit_dejeuner,oui,aucun,192.71,3,373.86,nouveau,0,0,3.0,0,0,0,0,0,DIRECT,0,0,0,0,1,0.0,1,2.0,2.0,0,186.93,186.93,0.0,1,-1.0,1,3,2,1.0,6.123233995736766e-17,3.713572066704308,20.0,0,0.0,3.713572066704308,3.713572066704308,0.0,0.0,11.140716200112923,0.8829984650278357,1.085873668789091,0,0.25816710777958873,1,faux positif
R008306,2025-02-15,2025-03-08,Lazio,Roma,urbaine_culturelle,LAZ-5-2,5,solo,Europe_Centrale,plateforme_en_ligne,train,21,7,1,0.0,1,petit_dejeuner,non,aucun,151.99,3,1032.01,nouveau,0,0,0.0,0,0,0,0,1,AG022,1,0,0,0,0,0.0,1,1.0,1.0,0,1032.01,147.43,0.0,0,0.0,0,3,2,1.0,6.123233995736766e-17,3.091042453358316,3.0,0,0.0,0.0,0.0,0.0,0.0,0.0,0.6594498438042347,0.8907577799917952,1,0.3281744605096482,1,vrai positif
R008369,2025-02-15,2025-04-06,Sicilia,Palermo,insulaire_mixte,SIC-4-1,4,famille,Italie,plateforme_en_ligne,avion_direct,50,6,2,3.0,2,aucune,non,total,125.24,5,1427.74,fidele,6,1,3.0,0,0,0,0,0,AG028,1,0,0,0,0,0.16666666666666666,0,5.0,2.5,1,285.548,237.95666666666668,2.0,0,2.0,0,4,2,0.8660254037844387,-0.4999999999999998,3.9318256327243257,8.333333333333334,0,7.8636512654486515,0.0,0.0,0.0,0.0,11.795476898172977,0.7397519196692262,0.8633966426527868,1,0.14143437541006348,0,faux négatif
R008531,2025-02-15,2025-03-18,Veneto,Venezia,urbaine_littorale,VEN-3-2,3,loisirs_couple,Asie_Pacifique,plateforme_en_ligne,train,31,5,2,0.0,1,aucune,non,partiel,121.04,4,580.99,nouveau,0,0,0.0,1,0,0,0,0,AG023,0,0,0,0,0,0.0,1,2.0,2.0,0,290.495,116.19800000000001,1.0,0,1.0,0,3,2,1.0,6.123233995736766e-17,3.4657359027997265,6.2,1,3.4657359027997265,0.0,0.0,0.0,3.4657359027997265,0.0,0.5923460898502496,0.6820307657632276,0,0.21132903401589886,0,vrai négatif
R009804,2025-02-15,2025-05-02,Toscana,Firenze,culturelle_rurale,TOS-3-3,3,affaires,Europe_Ouest,site_hotel,avion_direct,76,3,2,0.0,1,aucune,oui,aucun,181.75,11,485.27,fidele,11,1,1.0,1,0,0,1,1,DIRECT,0,0,0,0,1,0.09090909090909091,0,2.0,2.0,0,242.635,161.75666666666666,0.0,1,-1.0,1,5,2,0.49999999999999994,-0.8660254037844387,4.343805421853684,25.333333333333332,1,0.0,4.343805421853684,4.343805421853684,0.0,4.343805421853684,4.343805421853684,1.0563175636405904,0.857513564519934,0,0.3523745405406055,1,faux positif
R000369,2025-02-16,2025-03-15,Campania,Napoli,urbaine_cotiere,CAM-5-1,5,affaires,Italie,site_hotel,avion_direct,27,1,2,0.0,1,demi_pension,oui,aucun,188.84,6,177.51,fidele,9,1,2.0,3,0,0,0,1,DIRECT,1,0,0,0,1,0.1111111111111111,0,2.0,2.0,0,88.755,177.51,0.0,1,-1.0,1,3,2,1.0,6.123233995736766e-17,3.332204510175204,27.0,1,0.0,3.332204510175204,3.332204510175204,0.0,3.332204510175204,6.664409020350408,0.8945735332433264,1.208421322070775,1,0.4449861373252901,1,vrai positif
R001247,2025-02-16,2025-02-26,Toscana,Firenze,culturelle_rurale,TOS-4-3,4,affaires,Europe_Ouest,entreprise,voiture,10,2,2,0.0,1,aucune,non,total,171.04,5,324.98,nouveau,0,0,2.0,1,0,0,0,0,DIRECT,0,0,0,0,1,0.0,1,2.0,2.0,0,162.49,162.49,2.0,0,2.0,0,2,2,0.8660254037844386,0.5000000000000001,2.3978952727983707,5.0,1,4.795790545596741,0.0,2.3978952727983707,0.0,2.3978952727983707,4.795790545596741,0.8419601762288021,1.0243756363418577,0,0.053956795286861876,0,vrai négatif
R001381,2025-02-16,2025-05-17,Puglia,Bari,balneaire_rurale,PUG-3-1,3,famille,Europe_Ouest,telephone,voiture,90,5,2,2.0,1,petit_dejeuner,oui,aucun,93.54,7,434.96,fidele,12,2,2.0,0,0,0,0,1,DIRECT,0,0,0,0,1,0.16666666666666666,0,4.0,4.0,1,108.74,86.99199999999999,0.0,1,-1.0,1,5,2,0.49999999999999994,-0.8660254037844387,4.51085950651685,18.0,0,0.0,4.51085950651685,4.51085950651685,0.0,0.0,9.0217190130337,0.7303818224408527,0.7754289977617509,0,0.2905489911838238,1,faux positif
R002485,2025-02-16,2025-03-03,Liguria,Genova,littorale,LIG-4-3,4,solo,Europe_Centrale,agence,train,15,3,1,0.0,1,aucune,oui,aucun,169.4,8,467.54,fidele,11,1,3.0,0,0,0,0,0,AG018,0,0,0,0,0,0.09090909090909091,0,1.0,1.0,0,467.54,155.84666666666666,0.0,1,-1.0,1,3,2,1.0,6.123233995736766e-17,2.772588722239781,5.0,0,0.0,2.772588722239781,0.0,0.0,0.0,8.317766166719343,0.9772137294490915,1.084715374271627,0,0.23348515437723041,0,vrai négatif
R002675,2025-02-16,2025-03-12,Lazio,Roma,urbaine_culturelle,LAZ-4-2,4,famille,Italie,site_hotel,avion_direct,24,2,2,3.0,2,demi_pension,oui,partiel,193.02,11,687.15,nouveau,0,0,1.0,1,0,0,0,0,DIRECT,0,0,0,0,1,0.0,1,5.0,2.5,1,137.43,343.575,1.0,1,0.0,0,3,2,1.0,6.123233995736766e-17,3.2188758248682006,12.0,1,3.2188758248682006,3.2188758248682006,3.2188758248682006,1.0,3.2188758248682006,3.2188758248682006,0.952479644707624,1.1312195979604993,0,0.2350996210029034,0,vrai négatif
R003391,2025-02-16,2025-03-09,Trentino-Alto_Adige,Bolzano,montagne,TRE-4-2,4,famille,Italie,site_hotel,train,21,5,2,2.0,1,aucune,oui,aucun,141.18,2,691.78,fidele,8,1,1.0,3,0,0,0,0,DIRECT,1,0,0,0,1,0.125,0,4.0,4.0,1,172.945,138.356,0.0,1,-1.0,1,3,2,1.0,6.123233995736766e-17,3.091042453358316,4.2,1,0.0,3.091042453358316,3.091042453358316,0.0,3.091042453358316,3.091042453358316,0.7494426159889586,0.8478770043841212,1,0.4731744623465415,1,vrai positif
R003725,2025-02-16,2025-03-14,Lombardia,Milano,affaires_lacs,LOM-5-1,5,loisirs_couple,Ameriques,plateforme_en_ligne,train,26,7,2,0.0,1,petit_dejeuner,oui,aucun,191.6,2,1314.38,nouveau,0,0,1.0,0,0,0,0,1,AG036,0,0,0,0,0,0.0,1,2.0,2.0,0,657.19,187.76857142857145,0.0,1,-1.0,1,3,2,1.0,6.123233995736766e-17,3.295836866004329,3.7142857142857144,0,0.0,3.295836866004329,0.0,0.0,0.0,3.295836866004329,0.7262252207861123,0.946780649305727,0,0.3486374234834723,1,faux positif
R004461,2025-02-16,2025-02-24,Lombardia,Milano,affaires_lacs,LOM-4-3,4,solo,Ameriques,agence,train,8,3,1,0.0,1,demi_pension,oui,aucun,180.59,0,541.77,fidele,11,1,0.0,1,0,0,0,0,AG041,0,0,0,0,0,0.09090909090909091,0,1.0,1.0,0,541.77,180.59,0.0,1,-1.0,1,2,2,0.8660254037844386,0.5000000000000001,2.1972245773362196,2.6666666666666665,1,0.0,2.1972245773362196,0.0,0.0,2.1972245773362196,0.0,0.8144590267442385,0.8304324833881315,0,0.3969466004563908,1,faux positif
R005798,2025-02-16,2025-03-19,Toscana,Firenze,culturelle_rurale,TOS-4-1,4,groupe,Europe_Centrale,entreprise,voiture,31,5,6,0.0,2,petit_dejeuner,oui,aucun,153.81,11,1368.91,nouveau,0,0,2.0,1,0,0,0,0,DIRECT,1,0,0,0,1,0.0,1,6.0,3.0,0,228.15166666666667,273.78200000000004,0.0,1,-1.0,1,3,2,1.0,6.123233995736766e-17,3.4657359027997265,6.2,1,0.0,3.4657359027997265,3.4657359027997265,0.0,3.4657359027997265,6.931471805599453,0.6730254741517104,0.9055104203461674,1,0.19798517670550303,0,faux négatif
R006105,2025-02-16,2025-03-12,Campania,Napoli,urbaine_cotiere,CAM-3-2,3,loisirs_couple,Inconnu,telephone,voiture,24,3,2,0.0,1,petit_dejeuner,oui,aucun,153.13,2,450.2,nouveau,0,0,1.0,1,0,0,0,0,DIRECT,0,0,0,0,1,0.0,1,2.0,2.0,0,225.1,150.06666666666666,0.0,1,-1.0,1,3,2,1.0,6.123233995736766e-17,3.2188758248682006,8.0,1,0.0,3.2188758248682006,3.2188758248682006,0.0,3.2188758248682006,3.2188758248682006,0.8968081991215227,0.9799065719587892,0,0.3285909387690094,1,faux positif
R007173,2025-02-16,2025-05-31,Toscana,Firenze,culturelle_rurale,TOS-5-1,5,loisirs_couple,Europe_Ouest,plateforme_en_ligne,voiture,104,2,2,0.0,1,aucune,non,total,279.13,7,519.18,nouveau,0,0,3.0,1,0,0,1,1,AG016,0,0,0,0,0,0.0,1,2.0,2.0,0,259.59,259.59,2.0,0,2.0,0,5,2,0.49999999999999994,-0.8660254037844387,4.653960350157523,52.0,1,9.307920700315046,0.0,0.0,0.0,4.653960350157523,13.96188105047257,1.209192514295616,1.316961547534796,0,0.13985972866488378,0,vrai négatif
R007461,2025-02-16,2025-04-04,Toscana,Firenze,culturelle_rurale,TOS-3-3,3,affaires,Europe_Ouest,entreprise,avion_direct,47,1,2,0.0,1,aucune,oui,partiel,293.09,5,278.44,nouveau,0,0,1.0,0,0,0,1,1,DIRECT,0,0,0,0,1,0.0,1,2.0,2.0,0,139.22,278.44,1.0,1,0.0,0,4,2,0.8660254037844387,-0.4999999999999998,3.8712010109078907,47.0,0,3.8712010109078907,3.8712010109078907,3.8712010109078907,1.0,0.0,3.8712010109078907,1.7034174125305124,1.2559564621186148,0,0.1589061226960144,0,vrai négatif
R007915,2025-02-16,2025-02-25,Liguria,Genova,littorale,LIG-3-1,3,famille,Europe_Centrale,plateforme_en_ligne,avion_direct,9,3,2,2.0,1,demi_pension,oui,aucun,119.5,5,340.58,fidele,12,2,1.0,0,0,0,0,0,AG014,0,0,0,0,0,0.16666666666666666,0,4.0,4.0,1,85.145,113.52666666666666,0.0,1,-1.0,1,2,2,0.8660254037844386,0.5000000000000001,2.302585092994046,3.0,0,0.0,2.302585092994046,0.0,0.0,0.0,2.302585092994046,0.774314780016847,0.7984765468395029,0,0.31419901551838825,1,faux positif
R008149,2025-02-16,2025-03-07,Lombardia,Milano,affaires_lacs,LOM-5-1,5,loisirs_couple,Europe_Ouest,site_hotel,train,19,4,2,0.0,1,aucune,oui,aucun,273.04,2,1070.32,fidele,8,1,1.0,0,0,0,0,1,DIRECT,0,0,0,0,1,0.125,0,2.0,2.0,0,535.16,267.58,0.0,1,-1.0,1,3,2,1.0,6.123233995736766e-17,2.995732273553991,4.75,0,0.0,2.995732273553991,2.995732273553991,0.0,0.0,2.995732273553991,1.0349088428154496,1.3492118396995603,0,0.2780496256542657,1,faux positif
R008866,2025-02-16,2025-05-13,Campania,Napoli,urbaine_cotiere,CAM-3-3,3,loisirs_couple,Italie,entreprise,train,86,3,2,0.0,1,petit_dejeuner,oui,aucun,132.43,13,345.64,nouveau,0,0,0.0,0,0,0,1,0,DIRECT,0,0,0,0,1,0.0,1,2.0,2.0,0,172.82,115.21333333333332,0.0,1,-1.0,1,5,2,0.49999999999999994,-0.8660254037844387,4.465908118654584,28.666666666666668,0,0.0,4.465908118654584,4.465908118654584,0.0,0.0,0.0,0.7986611585200375,0.6764225150679334,0,0.23845154097547458,0,vrai négatif
R000891,2025-02-17,2025-03-13,Veneto,Venezia,urbaine_littorale,VEN-4-2,4,loisirs_couple,Europe_Centrale,telephone,avion_direct,24,4,2,0.0,1,aucune,non,total,178.59,6,671.5,nouveau,0,0,3.0,0,0,0,0,0,DIRECT,0,0,1,0,1,0.0,1,2.0,2.0,0,335.75,167.875,2.0,0,2.0,0,3,2,1.0,6.123233995736766e-17,3.2188758248682006,6.0,0,6.437751649736401,0.0,3.2188758248682006,0.0,0.0,9.656627474604601,0.790291176210284,1.0063109257902745,0,0.06570179064567755,0,vrai négatif
R002157,2025-02-17,2025-02-26,Toscana,Firenze,culturelle_rurale,TOS-5-2,5,affaires,Europe_Centrale,entreprise,train,9,2,2,0.0,1,petit_dejeuner,oui,aucun,176.71,14,303.94,entreprise,10,1,1.0,1,0,0,0,0,DIRECT,0,0,0,0,1,0.1,0,2.0,2.0,0,151.97,151.97,0.0,1,-1.0,1,2,2,0.8660254037844386,0.5000000000000001,2.302585092994046,4.5,1,0.0,2.302585092994046,2.302585092994046,0.0,2.302585092994046,2.302585092994046,0.7609594350185169,1.0583338324249867,0,0.17203122327990092,0,vrai négatif
R002532,2025-02-17,2025-04-09,Lazio,Roma,urbaine_culturelle,LAZ-4-2,4,famille,Italie,plateforme_en_ligne,voiture,51,6,2,3.0,2,aucune,oui,aucun,295.23,0,3542.76,entreprise,10,2,1.0,0,0,1,1,0,AG033,0,0,0,0,0,0.2,0,5.0,2.5,1,708.552,590.46,0.0,1,-1.0,1,4,2,0.8660254037844387,-0.4999999999999998,3.9512437185814275,8.5,0,0.0,3.9512437185814275,0.0,0.0,0.0,3.9512437185814275,1.4568467801628424,1.2210939923482578,0,0.4134086692031717,1,faux positif
R003206,2025-02-17,2025-03-14,Sicilia,Palermo,insulaire_mixte,SIC-4-3,4,famille,Italie,entreprise,avion_direct,25,10,2,3.0,2,demi_pension,oui,aucun,147.96,11,2633.69,fidele,11,1,2.0,0,0,0,0,1,DIRECT,1,0,0,0,1,0.09090909090909091,0,5.0,2.5,1,526.738,263.369,0.0,1,-1.0,1,3,2,1.0,6.123233995736766e-17,3.258096538021482,2.5,0,0.0,3.258096538021482,3.258096538021482,0.0,0.0,6.516193076042964,0.8877422451550968,1.0534709861160556,1,0.17326501618952697,0,faux négatif
R004075,2025-02-17,2025-02-22,Lombardia,Milano,affaires_lacs,LOM-4-3,4,affaires,Italie,plateforme_en_ligne,voiture,5,3,2,0.0,1,petit_dejeuner,non,partiel,257.15,5,732.88,nouveau,0,0,1.0,0,0,1,0,1,AG003,1,0,0,0,0,0.0,1,2.0,2.0,0,366.44,244.29333333333332,1.0,0,1.0,0,2,2,0.8660254037844386,0.5000000000000001,1.791759469228055,1.6666666666666667,0,1.791759469228055,0.0,0.0,0.0,0.0,1.791759469228055,1.159743832589185,1.1824891361828338,1,0.20547325347767464,0,faux négatif
R004318,2025-02-17,2025-03-26,Lazio,Roma,urbaine_culturelle,LAZ-4-2,4,famille,Europe_Centrale,site_hotel,avion_direct,37,4,2,3.0,2,demi_pension,oui,aucun,168.07,1,1331.11,fidele,7,1,0.0,0,0,0,0,0,DIRECT,0,0,0,0,1,0.14285714285714285,0,5.0,2.5,1,266.222,332.7775,0.0,1,-1.0,1,3,2,1.0,6.123233995736766e-17,3.6375861597263857,9.25,0,0.0,3.6375861597263857,3.6375861597263857,0.0,0.0,0.0,0.8293609671848013,0.9849967766512336,0,0.4405704455175697,1,faux positif
R004514,2025-02-17,2025-03-22,Liguria,Genova,littorale,LIG-3-1,3,famille,Italie,agence,voiture,33,7,2,1.0,1,aucune,oui,aucun,156.81,8,1009.86,nouveau,0,0,0.0,0,0,0,0,1,AG002,0,0,0,0,0,0.0,1,3.0,3.0,1,336.62,144.2657142857143,0.0,1,-1.0,1,3,2,1.0,6.123233995736766e-17,3.5263605246161616,4.714285714285714,0,0.0,3.5263605246161616,0.0,0.0,0.0,0.0,1.0160694615434458,1.0040980982262917,0,0.3893288600906491,1,faux positif
R008106,2025-02-17,2025-05-31,Trentino-Alto_Adige,Bolzano,montagne,TRE-4-3,4,solo,Europe_Centrale,site_hotel,voiture,103,6,1,0.0,1,aucune,non,total,261.66,2,1538.56,nouveau,0,0,1.0,0,0,0,0,1,DIRECT,0,0,0,0,1,0.0,1,1.0,1.0,0,1538.56,256.4266666666667,2.0,0,2.0,0,5,2,0.49999999999999994,-0.8660254037844387,4.6443908991413725,17.166666666666668,0,9.288781798282745,0.0,4.6443908991413725,0.0,0.0,4.6443908991413725,1.4096921046251651,1.6343535290443474,0,0.10396361677076511,0,vrai négatif
R008374,2025-02-17,2025-04-21,Campania,Napoli,urbaine_cotiere,CAM-4-1,4,solo,Autres,site_hotel,voiture,63,5,1,0.0,1,petit_dejeuner,oui,aucun,283.14,1,1401.54,nouveau,0,0,0.0,0,0,0,1,0,DIRECT,0,0,0,0,1,0.0,1,1.0,1.0,0,1401.54,280.308,0.0,1,-1.0,1,4,2,0.8660254037844387,-0.4999999999999998,4.1588830833596715,12.6,0,0.0,4.1588830833596715,4.1588830833596715,0.0,0.0,0.0,1.4962743750990857,1.400920290930681,0,0.3614147677185278,1,faux positif
R009280,2025-02-17,2025-04-12,Liguria,Genova,littorale,LIG-3-2,3,affaires,Europe_Ouest,telephone,train,54,3,2,0.0,1,petit_dejeuner,oui,aucun,113.71,3,330.9,nouveau,0,0,2.0,0,0,0,0,1,DIRECT,0,0,0,0,1,0.0,1,2.0,2.0,0,165.45,110.3,0.0,1,-1.0,1,4,2,0.8660254037844387,-0.4999999999999998,4.007333185232471,18.0,0,0.0,4.007333185232471,4.007333185232471,0.0,0.0,8.014666370464942,0.7046539009729194,0.77128128603405,0,0.2809018270276308,1,faux positif
R000098,2025-02-18,2025-03-19,Lazio,Roma,urbaine_culturelle,LAZ-4-2,4,famille,Italie,plateforme_en_ligne,avion_direct,29,2,2,3.0,2,petit_dejeuner,non,total,199.31,7,741.43,nouveau,0,0,1.0,0,0,1,0,0,AG015,0,0,0,0,0,0.0,1,5.0,2.5,1,148.286,370.715,2.0,0,2.0,0,3,2,1.0,6.123233995736766e-17,3.4011973816621555,14.5,0,6.802394763324311,0.0,0.0,0.0,0.0,3.4011973816621555,0.9835183814458426,1.168082986579148,0,0.13641245628784904,0,vrai négatif
R000523,2025-02-18,2025-03-18,Toscana,Firenze,culturelle_rurale,TOS-4-1,4,loisirs_couple,Europe_Ouest,plateforme_en_ligne,voiture,28,6,2,0.0,1,demi_pension,oui,aucun,133.39,2,784.33,fidele,1,0,0.0,0,0,0,0,0,AG035,0,0,0,0,0,0.0,0,2.0,2.0,0,392.165,130.72166666666666,0.0,1,-1.0,1,3,2,1.0,6.123233995736766e-17,3.367295829986474,4.666666666666667,0,0.0,3.367295829986474,0.0,0.0,0.0,0.0,0.5836738053253796,0.7852937713411043,0,0.4015315720908239,1,faux positif
R002458,2025-02-18,2025-04-01,Campania,Napoli,urbaine_cotiere,CAM-4-2,4,affaires,Italie,telephone,voiture,42,1,2,0.0,1,petit_dejeuner,non,partiel,181.32,3,175.88,nouveau,0,0,1.0,0,0,0,1,0,DIRECT,0,0,0,0,1,0.0,1,2.0,2.0,0,87.94,175.88,1.0,0,1.0,0,4,2,0.8660254037844387,-0.4999999999999998,3.7612001156935624,42.0,0,3.7612001156935624,0.0,3.7612001156935624,0.0,0.0,3.7612001156935624,0.9479545157495751,0.8971352233932016,0,0.1592822626021262,0,vrai négatif
R002900,2025-02-18,2025-03-25,Sicilia,Palermo,insulaire_mixte,SIC-3-2,3,famille,Europe_Ouest,site_hotel,avion_direct,35,5,2,1.0,1,pension_complete,oui,aucun,112.3,3,544.66,nouveau,0,0,2.0,1,0,0,0,0,DIRECT,0,0,0,0,1,0.0,1,3.0,3.0,1,181.5533333333333,108.93199999999999,0.0,1,-1.0,1,3,2,1.0,6.123233995736766e-17,3.58351893845611,7.0,1,0.0,3.58351893845611,3.58351893845611,0.0,3.58351893845611,7.16703787691222,0.7478191383099154,0.7995728017087932,0,0.29944334911880377,1,faux positif
R005933,2025-02-18,2025-04-29,Toscana,Firenze,culturelle_rurale,TOS-3-3,3,groupe,Europe_Centrale,agence,avion_direct,70,4,5,0.0,4,demi_pension,oui,aucun,172.21,2,2700.25,nouveau,0,0,0.0,0,0,0,1,0,AG017,0,0,0,1,0,0.0,1,5.0,1.25,0,540.05,675.0625,0.0,1,-1.0,1,4,2,0.8660254037844387,-0.4999999999999998,4.2626798770413155,17.5,0,0.0,4.2626798770413155,0.0,0.0,0.0,0.0,1.0008717889108452,0.737958519026397,0,0.5530774731463329,1,faux positif
R006945,2025-02-18,2025-03-07,Liguria,Genova,littorale,LIG-4-3,4,affaires,Italie,site_hotel,train,17,3,2,0.0,1,pension_complete,oui,aucun,171.51,11,457.93,nouveau,0,0,1.0,0,0,0,0,1,DIRECT,1,0,0,0,1,0.0,1,2.0,2.0,0,228.965,152.64333333333335,0.0,1,-1.0,1,3,2,1.0,6.123233995736766e-17,2.8903717578961645,5.666666666666667,0,0.0,2.8903717578961645,2.8903717578961645,0.0,0.0,2.8903717578961645,0.9893856359965387,1.098226291861433,1,0.21694996881053294,0,faux négatif
R007780,2025-02-18,2025-03-10,Trentino-Alto_Adige,Bolzano,montagne,TRE-4-3,4,solo,Asie_Pacifique,telephone,avion_direct,20,4,1,0.0,1,demi_pension,non,total,159.5,4,612.48,nouveau,0,0,1.0,0,0,0,0,0,DIRECT,0,0,0,0,1,0.0,1,1.0,1.0,0,612.48,153.12,2.0,0,2.0,0,3,2,1.0,6.123233995736766e-17,3.044522437723423,5.0,0,6.089044875446846,0.0,3.044522437723423,0.0,0.0,3.044522437723423,0.8593055518142391,0.9579004264008169,0,0.0630297992331855,0,vrai négatif
R009303,2025-02-18,2025-03-17,Veneto,Venezia,urbaine_littorale,VEN-3-2,3,famille,Italie,site_hotel,train,27,3,2,2.0,1,aucune,oui,aucun,168.3,12,444.31,fidele,11,2,0.0,1,0,0,0,0,DIRECT,0,0,0,0,1,0.18181818181818182,0,4.0,4.0,1,111.0775,148.10333333333332,0.0,1,-1.0,1,3,2,1.0,6.123233995736766e-17,3.332204510175204,9.0,1,0.0,3.332204510175204,3.332204510175204,0.0,3.332204510175204,0.0,0.8236272878535774,0.9483292950921283,0,0.3409122925722995,1,faux positif
R009868,2025-02-18,2025-02-25,Lombardia,Milano,affaires_lacs,LOM-4-3,4,affaires,Italie,agence,avion_direct,7,1,2,0.0,1,petit_dejeuner,oui,aucun,267.75,4,257.04,nouveau,0,0,0.0,1,9,0,0,0,AG024,1,0,0,0,0,0.0,1,2.0,2.0,0,128.52,257.04,0.0,1,-1.0,1,2,2,0.8660254037844386,0.5000000000000001,2.0794415416798357,7.0,1,0.0,2.0794415416798357,0.0,0.0,2.0794415416798357,0.0,1.207549722635638,1.231232612144483,1,0.37636471591113346,1,vrai positif
R000378,2025-02-19,2025-09-25,Toscana,Firenze,culturelle_rurale,TOS-5-2,5,groupe,Italie,entreprise,avion_direct,218,3,3,0.0,3,aucune,non,total,341.71,17,2552.57,nouveau,0,0,2.0,0,0,1,1,0,DIRECT,1,0,0,0,1,0.0,1,3.0,1.0,0,850.8566666666667,850.8566666666667,2.0,0,2.0,0,9,2,-1.0,-1.8369701987210297e-16,5.389071729816501,72.66666666666667,0,10.778143459633002,0.0,5.389071729816501,0.0,0.0,10.778143459633002,1.4714925501679441,1.489386741053916,1,0.12274153280714245,0,faux négatif
R001189,2025-02-19,2025-03-10,Toscana,Firenze,culturelle_rurale,TOS-4-1,4,famille,Italie,telephone,train,19,5,2,3.0,2,petit_dejeuner,oui,partiel,238.56,5,2266.32,nouveau,0,0,1.0,0,0,1,0,0,DIRECT,0,0,0,0,1,0.0,1,5.0,2.5,1,453.264,453.264,1.0,1,0.0,0,3,2,1.0,6.123233995736766e-17,2.995732273553991,3.8,0,2.995732273553991,2.995732273553991,2.995732273553991,1.0,0.0,2.995732273553991,1.0438655296380732,1.4044507241257504,0,0.2524646886059602,1,faux positif
R001258,2025-02-19,2025-05-17,Veneto,Venezia,urbaine_littorale,VEN-3-3,3,famille,Europe_Centrale,agence,voiture,87,4,2,1.0,1,petit_dejeuner,oui,aucun,239.84,0,959.36,nouveau,0,0,1.0,0,0,0,1,1,AG024,0,0,0,0,0,0.0,1,3.0,3.0,1,319.7866666666667,239.84,0.0,1,-1.0,1,5,2,0.49999999999999994,-0.8660254037844387,4.477336814478207,21.75,0,0.0,4.477336814478207,0.0,0.0,0.0,4.477336814478207,1.284700948212983,0.949466558460838,0,0.47471438688640577,1,faux positif
R001961,2025-02-19,2025-02-26,Puglia,Bari,balneaire_rurale,PUG-4-3,4,affaires,Autres,plateforme_en_ligne,voiture,7,3,2,0.0,1,aucune,oui,aucun,134.22,8,370.45,nouveau,0,0,0.0,1,0,0,0,0,AG003,0,0,0,0,0,0.0,1,2.0,2.0,0,185.225,123.48333333333333,0.0,1,-1.0,1,2,2,0.8660254037844386,0.5000000000000001,2.0794415416798357,2.3333333333333335,1,0.0,2.0794415416798357,0.0,0.0,2.0794415416798357,0.0,0.8959946595460614,1.1340937896070977,0,0.4079891738918636,1,faux positif
R003307,2025-02-19,2025-03-27,Puglia,Bari,balneaire_rurale,PUG-3-1,3,loisirs_couple,Europe_Ouest,plateforme_en_ligne,voiture,36,4,2,0.0,1,petit_dejeuner,oui,aucun,131.83,6,495.68,fidele,2,0,2.0,0,0,1,0,0,AG023,0,0,0,0,0,0.0,0,2.0,2.0,0,247.84,123.92,0.0,1,-1.0,1,3,2,1.0,6.123233995736766e-17,3.6109179126442243,9.0,0,0.0,3.6109179126442243,0.0,0.0,0.0,7.221835825288449,1.0293589443273212,0.94454395643763,0,0.31208176196265847,1,faux positif
R004771,2025-02-19,2025-03-04,Lombardia,Milano,affaires_lacs,LOM-5-1,5,famille,Europe_Ouest,plateforme_en_ligne,avion_direct,13,2,2,1.0,1,petit_dejeuner,oui,partiel,239.93,8,441.47,nouveau,0,0,0.0,0,0,0,0,0,AG030,0,0,0,0,0,0.0,1,3.0,3.0,1,147.15666666666667,220.735,1.0,1,0.0,0,3,2,1.0,6.123233995736766e-17,2.639057329615259,6.5,0,2.639057329615259,2.639057329615259,0.0,1.0,0.0,0.0,0.9094113633779328,1.1856006325048178,0,0.30176156266501486,1,faux positif
R004859,2025-02-19,2025-04-18,Liguria,Genova,littorale,LIG-3-2,3,loisirs_couple,Europe_Ouest,plateforme_en_ligne,train,58,6,2,0.0,1,aucune,oui,aucun,196.93,7,1098.87,fidele,12,2,2.0,1,0,0,0,1,AG030,0,0,0,0,0,0.16666666666666666,0,2.0,2.0,0,549.435,183.14499999999998,0.0,1,-1.0,1,4,2,0.8660254037844387,-0.4999999999999998,4.07753744390572,9.666666666666666,1,0.0,4.07753744390572,0.0,0.0,4.07753744390572,8.15507488781144,1.2203631406085393,1.335752560537204,0,0.27882578181948847,1,faux positif
R005064,2025-02-19,2025-03-07,Puglia,Bari,balneaire_rurale,PUG-4-3,4,affaires,Europe_Ouest,agence,train,16,3,2,0.0,1,petit_dejeuner,oui,aucun,233.23,6,657.71,nouveau,0,0,1.0,0,0,0,0,1,AG035,1,0,0,0,0,0.0,1,2.0,2.0,0,328.855,219.23666666666668,0.0,1,-1.0,1,3,2,1.0,6.123233995736766e-17,2.833213344056216,5.333333333333333,0,0.0,2.833213344056216,0.0,0.0,0.0,2.833213344056216,1.5569425901201601,1.6710611162857347,1,0.3078503535907029,1,vrai positif
R009503,2025-02-19,2025-02-24,Lombardia,Milano,affaires_lacs,LOM-4-2,4,affaires,Italie,telephone,avion_direct,5,3,2,0.0,1,aucune,oui,partiel,182.35,6,514.23,fidele,2,0,0.0,0,0,0,0,0,DIRECT,0,0,0,0,1,0.0,0,2.0,2.0,0,257.115,171.41,1.0,1,0.0,0,2,2,0.8660254037844386,0.5000000000000001,1.791759469228055,1.6666666666666667,0,1.791759469228055,1.791759469228055,1.791759469228055,1.0,0.0,0.0,0.813662933380929,0.8385257397742165,0,0.22008440869072698,0,vrai négatif
R009755,2025-02-19,2025-03-03,Puglia,Bari,balneaire_rurale,PUG-3-1,3,affaires,Italie,plateforme_en_ligne,train,12,3,2,0.0,1,demi_pension,oui,partiel,140.07,8,386.59,nouveau,0,0,3.0,0,0,0,0,0,AG032,0,0,1,0,0,0.0,1,2.0,2.0,0,193.295,128.86333333333332,1.0,1,0.0,0,3,2,1.0,6.123233995736766e-17,2.5649493574615367,4.0,0,2.5649493574615367,2.5649493574615367,0.0,1.0,0.0,7.694848072384611,1.09369875849145,1.003582431754675,0,0.24556739135110556,1,faux positif
R000120,2025-02-20,2025-07-01,Lazio,Roma,urbaine_culturelle,LAZ-5-3,5,loisirs_couple,Ameriques,site_hotel,train,131,5,2,0.0,1,petit_dejeuner,oui,aucun,279.29,3,1354.56,nouveau,0,0,1.0,0,0,0,0,0,DIRECT,0,0,0,0,1,0.0,1,2.0,2.0,0,677.28,270.912,0.0,1,-1.0,1,7,2,-0.4999999999999997,-0.8660254037844388,4.882801922586371,26.2,0,0.0,4.882801922586371,4.882801922586371,0.0,0.0,4.882801922586371,1.1783890975064344,1.6184483362433641,0,0.3794059687902459,1,faux positif
R000488,2025-02-20,2025-05-01,Liguria,Genova,littorale,LIG-4-2,4,groupe,Inconnu,plateforme_en_ligne,voiture,70,4,3,0.0,3,petit_dejeuner,oui,aucun,143.81,2,1691.21,nouveau,0,0,3.0,0,0,0,1,0,AG016,0,0,0,0,0,0.0,1,3.0,1.0,0,563.7366666666667,422.8025,0.0,1,-1.0,1,5,2,0.49999999999999994,-0.8660254037844387,4.2626798770413155,17.5,0,0.0,4.2626798770413155,0.0,0.0,0.0,12.788039631123947,0.7790146529075593,0.7337057728119181,0,0.37837391484711547,1,faux positif
R001316,2025-02-20,2025-03-19,Campania,Napoli,urbaine_cotiere,CAM-5-2,5,groupe,Europe_Ouest,plateforme_en_ligne,voiture,27,2,3,0.0,2,aucune,oui,aucun,156.97,2,615.32,fidele,4,1,0.0,0,0,0,0,0,AG030,0,0,0,0,0,0.25,0,3.0,1.5,0,205.10666666666668,307.66,0.0,1,-1.0,1,3,2,1.0,6.123233995736766e-17,3.332204510175204,13.5,0,0.0,3.332204510175204,0.0,0.0,0.0,0.0,0.7525288844144015,1.004479426633391,0,0.576605798878809,1,faux positif
R001361,2025-02-20,2025-03-03,Toscana,Firenze,culturelle_rurale,TOS-5-1,5,loisirs_couple,Ameriques,plateforme_en_ligne,voiture,11,5,2,0.0,1,petit_dejeuner,oui,partiel,195.01,7,906.8,nouveau,0,0,0.0,0,0,0,0,0,AG009,1,0,0,0,0,0.0,1,2.0,2.0,0,453.4,181.35999999999999,1.0,1,0.0,0,3,2,1.0,6.123233995736766e-17,2.4849066497880004,2.2,0,2.4849066497880004,2.4849066497880004,0.0,1.0,0.0,0.0,0.8447842661583781,1.1480631107971269,1,0.2995886556862939,1,vrai positif
R002136,2025-02-20,2025-03-23,Sardegna,Cagliari,insulaire_balneaire,SAR-5-3,5,affaires,Ameriques,site_hotel,avion_direct,31,5,2,0.0,1,petit_dejeuner,non,total,182.37,9,829.78,nouveau,0,0,0.0,0,0,0,0,0,DIRECT,0,0,0,0,1,0.0,1,2.0,2.0,0,414.89,165.956,2.0,0,2.0,0,3,2,1.0,6.123233995736766e-17,3.4657359027997265,6.2,0,6.931471805599453,0.0,3.4657359027997265,0.0,0.0,0.0,0.8654407403013405,1.0215089900857,0,0.09430012470203662,0,vrai négatif
R002610,2025-02-20,2025-02-26,Veneto,Venezia,urbaine_littorale,VEN-3-3,3,affaires,Italie,plateforme_en_ligne,voiture,6,3,2,0.0,1,petit_dejeuner,oui,aucun,240.43,8,663.59,nouveau,0,0,1.0,0,0,0,0,0,AG014,1,0,0,0,0,0.0,1,2.0,2.0,0,331.795,221.1966666666667,0.0,1,-1.0,1,2,2,0.8660254037844386,0.5000000000000001,1.9459101490553132,2.0,0,0.0,1.9459101490553132,0.0,0.0,0.0,1.9459101490553132,1.2878612782640406,1.2881328690061613,1,0.34335655629717493,1,vrai positif
R002652,2025-02-20,2025-04-21,Campania,Napoli,urbaine_cotiere,CAM-5-1,5,famille,Autres,site_hotel,avion_direct,60,7,2,1.0,1,petit_dejeuner,oui,aucun,250.18,4,1681.21,nouveau,0,0,1.0,1,0,0,1,0,DIRECT,0,0,0,0,1,0.0,1,3.0,3.0,1,560.4033333333333,240.17285714285714,0.0,1,-1.0,1,4,2,0.8660254037844387,-0.4999999999999998,4.110873864173311,8.571428571428571,1,0.0,4.110873864173311,4.110873864173311,0.0,4.110873864173311,4.110873864173311,1.1851536038276607,1.2378407797733906,0,0.40531247003502263,1,faux positif
R002772,2025-02-20,2025-03-03,Veneto,Venezia,urbaine_littorale,VEN-4-1,4,loisirs_couple,Ameriques,plateforme_en_ligne,train,11,4,2,0.0,1,aucune,oui,aucun,163.94,4,629.53,nouveau,0,0,2.0,1,0,0,0,0,AG008,0,0,0,0,0,0.0,1,2.0,2.0,0,314.765,157.3825,0.0,1,-1.0,1,3,2,1.0,6.123233995736766e-17,2.4849066497880004,2.75,1,0.0,2.4849066497880004,0.0,0.0,2.4849066497880004,4.969813299576001,0.7430034671077975,0.9237617625514172,0,0.35101233042766283,1,faux positif
R005343,2025-02-20,2025-03-05,Lombardia,Milano,affaires_lacs,LOM-4-3,4,famille,Ameriques,telephone,train,13,7,2,3.0,2,petit_dejeuner,non,partiel,179.94,1,2493.97,nouveau,0,0,0.0,0,0,0,0,0,DIRECT,0,0,0,0,1,0.0,1,5.0,2.5,1,498.794,356.28142857142853,1.0,0,1.0,0,3,2,1.0,6.123233995736766e-17,2.639057329615259,1.8571428571428572,0,2.639057329615259,0.0,2.639057329615259,0.0,0.0,0.0,0.8115275334866731,0.8891634135494391,0,0.1802438838773528,0,vrai négatif
R006415,2025-02-20,2025-04-20,Lazio,Roma,urbaine_culturelle,LAZ-3-1,3,loisirs_couple,Europe_Ouest,agence,train,59,7,2,0.0,1,petit_dejeuner,oui,aucun,150.32,4,1010.15,nouveau,0,0,0.0,1,0,0,1,0,AG019,0,0,0,0,0,0.0,1,2.0,2.0,0,505.075,144.30714285714285,0.0,1,-1.0,1,4,2,0.8660254037844387,-0.4999999999999998,4.0943445622221,8.428571428571429,1,0.0,4.0943445622221,0.0,0.0,4.0943445622221,0.0,0.8736995059575704,0.6217350842725674,0,0.4457027166016567,1,faux positif
R006475,2025-02-20,2025-03-20,Trentino-Alto_Adige,Bolzano,montagne,TRE-3-1,3,solo,Italie,agence,voiture,28,5,1,0.0,1,petit_dejeuner,non,partiel,174.82,0,874.1,nouveau,0,0,1.0,0,11,0,0,0,AG019,0,0,0,0,0,0.0,1,1.0,1.0,0,874.1,174.82,1.0,0,1.0,0,3,2,1.0,6.123233995736766e-17,3.367295829986474,5.6,0,3.367295829986474,0.0,0.0,0.0,0.0,3.367295829986474,1.0868848891790233,1.0499069124977478,0,0.1378395522215896,0,vrai négatif
R007584,2025-02-20,2025-03-27,Trentino-Alto_Adige,Bolzano,montagne,TRE-4-2,4,loisirs_couple,Inconnu,plateforme_en_ligne,train,35,7,2,0.0,1,petit_dejeuner,oui,partiel,176.12,8,1134.21,nouveau,0,0,0.0,0,0,0,0,0,AG006,0,0,0,1,0,0.0,1,2.0,2.0,0,567.105,162.03,1.0,1,0.0,0,3,2,1.0,6.123233995736766e-17,3.58351893845611,5.0,0,3.58351893845611,3.58351893845611,0.0,1.0,0.0,0.0,0.9349187811869626,1.0577142513963127,0,0.2534388453311017,1,faux positif
R008324,2025-02-20,2025-04-17,Sicilia,Palermo,insulaire_mixte,SIC-4-3,4,famille,Italie,plateforme_en_ligne,avion_correspondance,56,8,2,0.0,2,petit_dejeuner,oui,partiel,145.93,2,2288.18,fidele,5,1,0.0,1,10,0,0,0,AG035,0,0,1,0,0,0.2,0,2.0,1.0,0,1144.09,286.0225,1.0,1,0.0,0,4,2,0.8660254037844387,-0.4999999999999998,4.04305126783455,7.0,1,4.04305126783455,4.04305126783455,0.0,1.0,4.04305126783455,0.0,0.8755624887502249,1.0060321946847748,0,0.4617154211064539,1,faux positif
R008986,2025-02-20,2025-02-28,Liguria,Genova,littorale,LIG-3-3,3,affaires,Europe_Ouest,entreprise,voiture,8,2,2,0.0,1,petit_dejeuner,non,total,133.23,18,218.5,fidele,11,2,0.0,0,0,0,0,1,DIRECT,0,0,0,0,1,0.18181818181818182,0,2.0,2.0,0,109.25,109.25,2.0,0,2.0,0,2,2,0.8660254037844386,0.5000000000000001,2.1972245773362196,4.0,0,4.394449154672439,0.0,2.1972245773362196,0.0,0.0,0.0,0.8440291415901172,0.8902178270747027,0,0.04028752158096102,0,vrai négatif
R001078,2025-02-21,2025-05-23,Toscana,Firenze,culturelle_rurale,TOS-3-3,3,loisirs_couple,Europe_Ouest,agence,train,91,5,2,0.0,1,petit_dejeuner,non,partiel,260.13,0,1300.65,fidele,2,0,1.0,1,0,1,1,1,AG015,0,0,0,0,0,0.0,0,2.0,2.0,0,650.325,260.13,1.0,0,1.0,0,5,2,0.49999999999999994,-0.8660254037844387,4.5217885770490405,18.2,1,4.5217885770490405,0.0,0.0,0.0,4.5217885770490405,4.5217885770490405,1.5118563291874927,1.2273177636234962,0,0.22506046011446446,0,vrai négatif
R001989,2025-02-21,2025-02-26,Lazio,Roma,urbaine_culturelle,LAZ-4-3,4,solo,Europe_Centrale,agence,avion_direct,5,6,1,1.0,1,petit_dejeuner,oui,aucun,193.34,1,1148.44,fidele,2,0,0.0,0,0,0,0,0,AG037,0,0,0,0,0,0.0,0,2.0,2.0,1,574.22,191.40666666666667,0.0,1,-1.0,1,2,2,0.8660254037844386,0.5000000000000001,1.791759469228055,0.8333333333333334,0,0.0,1.791759469228055,0.0,0.0,0.0,0.0,0.9360898615280332,1.1261321606430381,0,0.36454284253445013,1,faux positif
R003515,2025-02-21,2025-03-12,Trentino-Alto_Adige,Bolzano,montagne,TRE-3-2,3,loisirs_couple,Italie,plateforme_en_ligne,voiture,19,2,2,0.0,1,pension_complete,oui,aucun,128.34,7,238.71,fidele,1,0,1.0,0,0,0,0,0,AG041,0,0,0,0,0,0.0,0,2.0,2.0,0,119.355,119.355,0.0,1,-1.0,1,3,2,1.0,6.123233995736766e-17,2.995732273553991,9.5,0,0.0,2.995732273553991,0.0,0.0,0.0,2.995732273553991,0.8110977690703407,0.7707645186475287,0,0.3089526614105301,1,faux positif
R004056,2025-02-21,2025-03-09,Lombardia,Milano,affaires_lacs,LOM-4-2,4,loisirs_couple,Italie,plateforme_en_ligne,avion_direct,16,4,2,0.0,1,petit_dejeuner,oui,aucun,257.67,6,968.84,nouveau,0,0,1.0,0,0,1,0,0,AG008,0,0,0,0,0,0.0,1,2.0,2.0,0,484.42,242.21,0.0,1,-1.0,1,3,2,1.0,6.123233995736766e-17,2.833213344056216,4.0,0,0.0,2.833213344056216,0.0,0.0,0.0,2.833213344056216,1.1497478916603454,1.273261847111726,0,0.36111109212346193,1,faux positif
R005379,2025-02-21,2025-03-28,Lombardia,Milano,affaires_lacs,LOM-4-1,4,groupe,Ameriques,site_hotel,voiture,35,4,5,0.0,2,petit_dejeuner,oui,partiel,236.01,6,1774.8,fidele,6,1,0.0,0,0,0,0,1,DIRECT,0,0,0,0,1,0.16666666666666666,0,5.0,2.5,0,354.96,443.7,1.0,1,0.0,0,3,2,1.0,6.123233995736766e-17,3.58351893845611,8.75,0,3.58351893845611,3.58351893845611,3.58351893845611,1.0,0.0,0.0,1.0685471091592338,1.1662301724563917,0,0.29144919189761903,1,faux positif
R005904,2025-02-21,2025-04-11,Trentino-Alto_Adige,Bolzano,montagne,TRE-5-1,5,loisirs_couple,Italie,agence,voiture,49,6,2,0.0,1,aucune,oui,aucun,278.04,4,1601.51,nouveau,0,0,0.0,0,0,0,0,1,AG005,1,0,0,0,0,0.0,1,2.0,2.0,0,800.755,266.91833333333335,0.0,1,-1.0,1,4,2,0.8660254037844387,-0.4999999999999998,3.912023005428146,8.166666666666666,0,0.0,3.912023005428146,0.0,0.0,0.0,0.0,1.2554579730431445,1.618676136694417,1,0.39033987247451085,1,vrai positif
R006744,2025-02-21,2025-03-25,Lazio,Roma,urbaine_culturelle,LAZ-4-1,4,solo,Europe_Ouest,plateforme_en_ligne,avion_direct,32,7,1,0.0,1,petit_dejeuner,oui,partiel,166.12,4,1116.33,fidele,4,1,1.0,0,0,0,0,0,AG027,1,0,0,0,0,0.25,0,1.0,1.0,0,1116.33,159.47571428571428,1.0,1,0.0,0,3,2,1.0,6.123233995736766e-17,3.4965075614664802,4.571428571428571,0,3.4965075614664802,3.4965075614664802,0.0,1.0,0.0,3.4965075614664802,0.8133568350959656,0.9735685401160407,1,0.3105472331862116,1,vrai positif
R008461,2025-02-21,2025-05-18,Sicilia,Palermo,insulaire_mixte,SIC-4-1,4,loisirs_couple,Ameriques,site_hotel,avion_correspondance,86,7,2,0.0,1,petit_dejeuner,oui,aucun,214.26,4,1439.83,nouveau,0,0,0.0,0,0,0,1,0,DIRECT,1,0,0,0,1,0.0,1,2.0,2.0,0,719.915,205.69,0.0,1,-1.0,1,5,2,0.49999999999999994,-0.8660254037844387,4.465908118654584,12.285714285714286,0,0.0,4.465908118654584,4.465908118654584,0.0,0.0,0.0,1.265564087418783,1.1646147574398693,1,0.39272154448912006,1,vrai positif
R009040,2025-02-21,2025-03-06,Lazio,Roma,urbaine_culturelle,LAZ-4-2,4,famille,Europe_Ouest,plateforme_en_ligne,avion_correspondance,13,2,2,1.0,1,petit_dejeuner,oui,aucun,167.76,0,335.52,nouveau,0,0,2.0,0,0,0,0,0,AG001,0,0,0,0,0,0.0,1,3.0,3.0,1,111.83999999999999,167.76,0.0,1,-1.0,1,3,2,1.0,6.123233995736766e-17,2.639057329615259,6.5,0,0.0,2.639057329615259,0.0,0.0,0.0,5.278114659230518,0.8278312361213915,0.983179980073844,0,0.34263000887790274,1,faux positif
R000066,2025-02-22,2025-03-13,Liguria,Genova,littorale,LIG-4-2,4,loisirs_couple,Italie,telephone,voiture,19,5,2,0.0,1,petit_dejeuner,oui,aucun,128.29,6,602.96,nouveau,0,0,2.0,1,0,0,0,0,DIRECT,0,0,0,0,1,0.0,1,2.0,2.0,0,301.48,120.59200000000001,0.0,1,-1.0,1,3,2,1.0,6.123233995736766e-17,2.995732273553991,3.8,1,0.0,2.995732273553991,2.995732273553991,0.0,2.995732273553991,5.991464547107982,0.6949432572248855,0.8214765960171606,0,0.2664597725115371,1,faux positif
R000706,2025-02-22,2025-03-08,Liguria,Genova,littorale,LIG-3-1,3,solo,Autres,plateforme_en_ligne,train,14,6,1,0.0,1,petit_dejeuner,non,total,185.36,0,1112.16,entreprise,1,0,1.0,0,0,0,0,1,AG035,1,0,0,0,0,0.0,0,1.0,1.0,0,1112.16,185.36,2.0,0,2.0,0,3,2,1.0,6.123233995736766e-17,2.70805020110221,2.3333333333333335,0,5.41610040220442,0.0,0.0,0.0,0.0,2.70805020110221,1.2010626579407762,1.1869116987897803,1,0.10136003608743707,0,faux négatif
R002179,2025-02-22,2025-03-12,Veneto,Venezia,urbaine_littorale,VEN-4-3,4,groupe,Autres,plateforme_en_ligne,train,18,5,3,0.0,3,petit_dejeuner,oui,total,176.07,3,2561.82,nouveau,0,0,1.0,0,0,0,0,0,AG021,1,0,0,0,0,0.0,1,3.0,1.0,0,853.94,512.364,2.0,1,1.0,0,3,2,1.0,6.123233995736766e-17,2.9444389791664403,3.6,0,5.8888779583328805,2.9444389791664403,0.0,2.0,0.0,2.9444389791664403,0.8067538775229672,0.992111342762157,1,0.16148336048067796,0,faux négatif
R003845,2025-02-22,2025-03-10,Lombardia,Milano,affaires_lacs,LOM-3-1,3,solo,Ameriques,plateforme_en_ligne,train,16,6,1,0.0,1,petit_dejeuner,non,total,193.4,6,1090.78,fidele,9,1,0.0,0,0,0,0,0,AG043,0,0,0,0,0,0.1111111111111111,0,1.0,1.0,0,1090.78,181.79666666666665,2.0,0,2.0,0,3,2,1.0,6.123233995736766e-17,2.833213344056216,2.6666666666666665,0,5.666426688112432,0.0,0.0,0.0,0.0,0.0,0.9893342200168811,0.9556752483075555,0,0.11682202654234995,0,vrai négatif
R004629,2025-02-22,2025-03-02,Trentino-Alto_Adige,Bolzano,montagne,TRE-3-3,3,affaires,Asie_Pacifique,plateforme_en_ligne,train,8,2,2,0.0,1,petit_dejeuner,non,total,141.45,3,274.41,nouveau,0,0,0.0,0,0,0,0,0,AG014,0,0,0,0,0,0.0,1,2.0,2.0,0,137.205,137.205,2.0,0,2.0,0,3,2,1.0,6.123233995736766e-17,2.1972245773362196,4.0,0,4.394449154672439,0.0,0.0,0.0,0.0,0.0,0.9160676122012823,0.8494985286168999,0,0.11256215340515402,0,vrai négatif
R006619,2025-02-22,2025-06-14,Campania,Napoli,urbaine_cotiere,CAM-3-1,3,groupe,Ameriques,entreprise,train,112,4,3,0.0,2,pension_complete,oui,aucun,177.06,9,1289.0,nouveau,0,0,2.0,0,0,0,1,1,DIRECT,1,0,0,0,1,0.0,1,3.0,1.5,0,429.6666666666667,322.25,0.0,1,-1.0,1,6,2,1.2246467991473532e-16,-1.0,4.727387818712341,28.0,0,0.0,4.727387818712341,4.727387818712341,0.0,0.0,9.454775637424682,1.0913461538461537,0.8416999429549343,1,0.27047617601887763,1,vrai positif
R006849,2025-02-22,2025-03-29,Toscana,Firenze,culturelle_rurale,TOS-4-1,4,solo,Italie,site_hotel,avion_direct,35,4,1,0.0,1,pension_complete,oui,aucun,213.33,5,810.65,entreprise,4,1,0.0,0,0,1,0,1,DIRECT,0,0,0,0,1,0.25,0,1.0,1.0,0,810.65,202.6625,0.0,1,-1.0,1,3,2,1.0,6.123233995736766e-17,3.58351893845611,8.75,0,0.0,3.58351893845611,3.58351893845611,0.0,0.0,0.0,0.9334667732968233,1.2559166372306605,0,0.36267337041030556,1,faux positif
R006963,2025-02-22,2025-03-04,Veneto,Venezia,urbaine_littorale,VEN-3-1,3,affaires,Italie,agence,train,10,2,2,0.0,1,aucune,oui,aucun,195.32,5,371.11,nouveau,0,0,0.0,0,0,0,0,0,AG017,0,0,0,0,0,0.0,1,2.0,2.0,0,185.555,185.555,0.0,1,-1.0,1,3,2,1.0,6.123233995736766e-17,2.3978952727983707,5.0,0,0.0,2.3978952727983707,0.0,0.0,0.0,0.0,0.9945263372285446,1.1005803797824985,0,0.3828247474234306,1,faux positif
R007791,2025-02-22,2025-03-21,Veneto,Venezia,urbaine_littorale,VEN-3-1,3,loisirs_couple,Europe_Ouest,plateforme_en_ligne,avion_direct,27,6,2,0.0,1,aucune,non,partiel,220.23,4,1268.52,nouveau,0,0,0.0,1,0,1,0,1,AG027,0,0,0,0,0,0.0,1,2.0,2.0,0,634.26,211.42,1.0,0,1.0,0,3,2,1.0,6.123233995736766e-17,3.332204510175204,4.5,1,3.332204510175204,0.0,0.0,0.0,3.332204510175204,0.0,1.1213625601466433,1.240942131064405,0,0.22954907499370375,0,vrai négatif
R008193,2025-02-22,2025-03-23,Lombardia,Milano,affaires_lacs,LOM-5-1,5,famille,Italie,site_hotel,voiture,29,7,2,1.0,1,petit_dejeuner,oui,partiel,155.24,4,1043.21,nouveau,0,0,1.0,0,0,0,0,0,DIRECT,0,0,0,0,1,0.0,1,3.0,3.0,1,347.7366666666667,149.03,1.0,1,0.0,0,3,2,1.0,6.123233995736766e-17,3.4011973816621555,4.142857142857143,0,3.4011973816621555,3.4011973816621555,3.4011973816621555,1.0,0.0,3.4011973816621555,0.5884092028958042,0.7671097494687948,0,0.20583593988951016,0,vrai négatif
R008922,2025-02-22,2025-04-23,Sicilia,Palermo,insulaire_mixte,SIC-4-2,4,famille,Europe_Ouest,plateforme_en_ligne,ferry,60,5,2,1.0,1,demi_pension,oui,aucun,121.8,3,590.73,nouveau,0,0,0.0,0,0,0,0,0,AG039,0,0,0,0,0,0.0,1,3.0,3.0,1,196.91,118.146,0.0,1,-1.0,1,4,2,0.8660254037844387,-0.4999999999999998,4.110873864173311,12.0,0,0.0,4.110873864173311,0.0,0.0,0.0,0.0,0.7028680246984823,0.8396815001206438,0,0.4862083123626763,1,faux positif
R001793,2025-02-23,2025-07-17,Lombardia,Milano,affaires_lacs,LOM-4-2,4,famille,Europe_Ouest,plateforme_en_ligne,avion_direct,144,3,2,2.0,1,aucune,oui,aucun,238.17,5,678.78,nouveau,0,0,0.0,0,0,0,0,0,AG016,0,0,0,0,0,0.0,1,4.0,4.0,1,169.695,226.26,0.0,1,-1.0,1,7,2,-0.4999999999999997,-0.8660254037844388,4.976733742420574,48.0,0,0.0,4.976733742420574,0.0,0.0,0.0,0.0,1.0627370487706929,1.1866965620328849,0,0.46182251774479577,1,faux positif
R002981,2025-02-23,2025-06-16,Trentino-Alto_Adige,Bolzano,montagne,TRE-4-2,4,loisirs_couple,Italie,agence,voiture,113,2,2,1.0,1,demi_pension,oui,aucun,153.91,3,298.59,nouveau,0,0,2.0,0,0,0,0,0,AG016,1,0,0,0,0,0.0,1,3.0,3.0,1,99.52999999999999,149.295,0.0,1,-1.0,1,6,2,1.2246467991473532e-16,-1.0,4.736198448394496,56.5,0,0.0,4.736198448394496,0.0,0.0,0.0,9.472396896788991,0.8170187918038009,0.996503722887666,1,0.44264777817259304,1,vrai positif
R003363,2025-02-23,2025-04-05,Trentino-Alto_Adige,Bolzano,montagne,TRE-4-1,4,solo,Europe_Centrale,telephone,voiture,41,2,1,0.0,1,petit_dejeuner,non,total,161.59,6,303.79,nouveau,0,0,0.0,0,0,0,0,1,DIRECT,0,0,0,0,1,0.0,1,1.0,1.0,0,303.79,151.895,2.0,0,2.0,0,4,2,0.8660254037844387,-0.4999999999999998,3.7376696182833684,20.5,0,7.475339236566737,0.0,3.7376696182833684,0.0,0.0,0.0,0.8078086334891394,0.9407347033824299,0,0.10300333677771847,0,vrai négatif
R003496,2025-02-23,2025-03-29,Sardegna,Cagliari,insulaire_balneaire,SAR-4-1,4,solo,Italie,site_hotel,avion_direct,34,8,1,0.0,1,petit_dejeuner,non,partiel,155.54,6,1169.66,nouveau,0,0,2.0,0,0,0,0,1,DIRECT,0,0,0,0,1,0.0,1,1.0,1.0,0,1169.66,146.2075,1.0,0,1.0,0,3,2,1.0,6.123233995736766e-17,3.5553480614894135,4.25,0,3.5553480614894135,0.0,3.5553480614894135,0.0,0.0,7.110696122978827,0.7795318999649176,0.8712261244608749,0,0.11755508945444607,0,vrai négatif
R003607,2025-02-23,2025-04-01,Lazio,Roma,urbaine_culturelle,LAZ-3-3,3,affaires,Autres,agence,voiture,37,2,2,0.0,1,petit_dejeuner,oui,aucun,217.07,6,408.09,fidele,8,1,0.0,0,0,1,1,0,AG005,1,0,0,0,0,0.125,0,2.0,2.0,0,204.045,204.045,0.0,1,-1.0,1,4,2,0.8660254037844387,-0.4999999999999998,3.6375861597263857,18.5,0,0.0,3.6375861597263857,0.0,0.0,0.0,0.0,1.296949383824873,0.8978182194188812,1,0.40210821916378925,1,vrai positif
R004115,2025-02-23,2025-03-30,Toscana,Firenze,culturelle_rurale,TOS-3-1,3,loisirs_couple,Asie_Pacifique,agence,voiture,35,5,2,0.0,1,petit_dejeuner,non,total,137.68,2,674.63,fidele,6,1,2.0,0,0,0,0,0,AG002,0,0,0,0,0,0.16666666666666666,0,2.0,2.0,0,337.315,134.926,2.0,0,2.0,0,3,2,1.0,6.123233995736766e-17,3.58351893845611,7.0,0,7.16703787691222,0.0,0.0,0.0,0.0,7.16703787691222,0.807483651505821,0.8105498645943718,0,0.10086656673454567,0,vrai négatif
R004217,2025-02-23,2025-03-30,Sardegna,Cagliari,insulaire_balneaire,SAR-4-1,4,affaires,Europe_Ouest,telephone,avion_direct,35,6,2,0.0,1,demi_pension,non,partiel,156.2,3,909.08,fidele,8,1,2.0,1,0,0,0,0,DIRECT,0,0,0,0,1,0.125,0,2.0,2.0,0,454.54,151.51333333333335,1.0,0,1.0,0,3,2,1.0,6.123233995736766e-17,3.58351893845611,5.833333333333333,1,3.58351893845611,0.0,3.58351893845611,0.0,3.58351893845611,7.16703787691222,0.7828396732320954,0.8749229821318545,0,0.13896916266001777,0,vrai négatif
R005808,2025-02-23,2025-03-14,Sardegna,Cagliari,insulaire_balneaire,SAR-5-1,5,affaires,Italie,plateforme_en_ligne,ferry,19,5,2,0.0,1,petit_dejeuner,oui,aucun,253.67,2,1242.98,nouveau,0,0,2.0,0,0,0,0,1,AG003,1,0,0,0,0,0.0,1,2.0,2.0,0,621.49,248.596,0.0,1,-1.0,1,3,2,1.0,6.123233995736766e-17,2.995732273553991,3.8,0,0.0,2.995732273553991,0.0,0.0,0.0,5.991464547107982,1.1776665127481936,1.4208816445415335,1,0.34061164915439435,1,vrai positif
R005850,2025-02-23,2025-07-31,Veneto,Venezia,urbaine_littorale,VEN-5-1,5,loisirs_couple,Italie,site_hotel,train,158,2,2,0.0,1,aucune,non,total,264.12,5,501.83,nouveau,0,0,0.0,0,0,0,1,0,DIRECT,1,0,0,0,1,0.0,1,2.0,2.0,0,250.915,250.915,2.0,0,2.0,0,7,2,-0.4999999999999997,-0.8660254037844388,5.0689042022202315,79.0,0,10.137808404440463,0.0,5.0689042022202315,0.0,0.0,0.0,0.9769919360804912,1.021800104454804,1,0.1469634488732146,0,faux négatif
R009791,2025-02-23,2025-03-21,Veneto,Venezia,urbaine_littorale,VEN-3-3,3,affaires,Ameriques,site_hotel,train,26,2,2,0.0,1,demi_pension,oui,aucun,237.54,4,456.08,fidele,3,0,0.0,1,0,0,0,1,DIRECT,0,0,0,0,1,0.0,0,2.0,2.0,0,228.04,228.04,0.0,1,-1.0,1,3,2,1.0,6.123233995736766e-17,3.295836866004329,13.0,1,0.0,3.295836866004329,3.295836866004329,0.0,3.295836866004329,0.0,1.27238101750547,1.3384797430551643,0,0.3366732008630101,1,faux positif
R000623,2025-02-24,2025-03-10,Puglia,Bari,balneaire_rurale,PUG-3-2,3,affaires,Europe_Centrale,agence,train,14,3,2,0.0,1,petit_dejeuner,oui,partiel,165.32,7,461.24,entreprise,4,1,2.0,0,0,0,0,0,AG014,0,0,0,0,0,0.25,0,2.0,2.0,0,230.62,153.74666666666667,1.0,1,0.0,0,3,2,1.0,6.123233995736766e-17,2.70805020110221,4.666666666666667,0,2.70805020110221,2.70805020110221,0.0,1.0,0.0,5.41610040220442,1.1960642454058747,1.1844952353657663,0,0.2648341812147733,1,faux positif
R003364,2025-02-24,2025-04-19,Veneto,Venezia,urbaine_littorale,VEN-3-2,3,famille,Italie,entreprise,train,54,4,2,2.0,1,petit_dejeuner,non,aucun,228.74,15,777.72,nouveau,0,0,1.0,1,0,0,1,1,DIRECT,0,0,0,0,1,0.0,1,4.0,4.0,1,194.43,194.43,0.0,0,0.0,0,4,2,0.8660254037844387,-0.4999999999999998,4.007333185232471,13.5,1,0.0,0.0,4.007333185232471,0.0,4.007333185232471,4.007333185232471,1.1194088284232162,0.8885867453966281,0,0.16774622270854936,0,vrai négatif
R005125,2025-02-24,2025-03-19,Toscana,Firenze,culturelle_rurale,TOS-4-3,4,loisirs_couple,Italie,site_hotel,avion_direct,23,3,2,0.0,1,demi_pension,non,partiel,162.37,2,477.37,nouveau,0,0,0.0,0,0,0,0,0,DIRECT,1,0,0,0,1,0.0,1,2.0,2.0,0,238.685,159.12333333333333,1.0,0,1.0,0,3,2,1.0,6.123233995736766e-17,3.1780538303479458,7.666666666666667,0,3.1780538303479458,0.0,3.1780538303479458,0.0,0.0,0.0,0.7992813015333876,0.9559048628282114,1,0.13491618725757692,0,faux négatif
R001148,2025-02-25,2025-03-27,Liguria,Genova,littorale,LIG-3-3,3,groupe,Italie,telephone,avion_direct,30,4,4,1.0,2,petit_dejeuner,oui,partiel,158.73,0,1269.84,fidele,9,1,1.0,0,7,0,0,0,DIRECT,0,0,0,0,1,0.1111111111111111,0,5.0,2.5,1,253.968,317.46,1.0,1,0.0,0,3,2,1.0,6.123233995736766e-17,3.4339872044851463,7.5,0,3.4339872044851463,3.4339872044851463,3.4339872044851463,1.0,0.0,3.4339872044851463,1.005574912891986,1.0163923929051673,0,0.19498456952512982,0,vrai négatif
R003612,2025-02-25,2025-03-09,Lombardia,Milano,affaires_lacs,LOM-5-1,5,famille,Europe_Centrale,site_hotel,avion_direct,12,4,2,2.0,1,aucune,oui,aucun,207.24,12,729.48,nouveau,0,0,0.0,1,0,0,0,0,DIRECT,0,0,0,0,1,0.0,1,4.0,4.0,1,182.37,182.37,0.0,1,-1.0,1,3,2,1.0,6.123233995736766e-17,2.5649493574615367,3.0,1,0.0,2.5649493574615367,2.5649493574615367,0.0,2.5649493574615367,0.0,0.7855058181404693,1.0240648317438357,0,0.3298563119606232,1,faux positif
R003770,2025-02-25,2025-04-04,Sicilia,Palermo,insulaire_mixte,SIC-3-1,3,famille,Inconnu,entreprise,avion_direct,38,8,2,3.0,2,petit_dejeuner,oui,aucun,125.59,7,1868.78,nouveau,0,0,1.0,0,0,0,0,1,DIRECT,0,0,0,0,1,0.0,1,5.0,2.5,1,373.756,233.5975,0.0,1,-1.0,1,4,2,0.8660254037844387,-0.4999999999999998,3.6635616461296463,4.75,0,0.0,3.6635616461296463,3.6635616461296463,0.0,0.0,3.6635616461296463,0.8561300657827465,0.8658095205266968,0,0.2391695309205648,0,vrai négatif
R004656,2025-02-25,2025-03-11,Campania,Napoli,urbaine_cotiere,CAM-3-3,3,famille,Italie,entreprise,voiture,14,4,2,2.0,1,petit_dejeuner,oui,aucun,160.44,11,571.17,nouveau,0,0,2.0,0,0,0,0,0,DIRECT,0,0,0,0,1,0.0,1,4.0,4.0,1,142.7925,142.7925,0.0,1,-1.0,1,3,2,1.0,6.123233995736766e-17,2.70805020110221,3.5,0,0.0,2.70805020110221,2.70805020110221,0.0,0.0,5.41610040220442,0.9675843560594639,1.0266845843732002,0,0.16640676243862068,0,vrai négatif
R005516,2025-02-25,2025-03-11,Liguria,Genova,littorale,LIG-4-1,4,affaires,Europe_Ouest,plateforme_en_ligne,voiture,14,3,2,0.0,1,demi_pension,oui,partiel,134.54,3,391.51,entreprise,9,1,2.0,0,0,0,0,0,AG028,1,0,0,0,0,0.1111111111111111,0,2.0,2.0,0,195.755,130.50333333333333,1.0,1,0.0,0,3,2,1.0,6.123233995736766e-17,2.70805020110221,4.666666666666667,0,2.70805020110221,2.70805020110221,0.0,1.0,0.0,5.41610040220442,0.7450850085839287,0.8614970865082922,1,0.19943745517677655,0,faux négatif
R005806,2025-02-25,2025-03-28,Lazio,Roma,urbaine_culturelle,LAZ-5-1,5,famille,Europe_Centrale,site_hotel,train,31,3,2,1.0,1,pension_complete,oui,aucun,272.5,1,809.33,fidele,4,1,0.0,0,0,0,0,1,DIRECT,0,0,0,0,1,0.25,0,3.0,3.0,1,269.7766666666667,269.7766666666667,0.0,1,-1.0,1,3,2,1.0,6.123233995736766e-17,3.4657359027997265,10.333333333333334,0,0.0,3.4657359027997265,3.4657359027997265,0.0,0.0,0.0,1.1964085790178474,1.5970227978667293,0,0.4217286147014568,1,faux positif
R006291,2025-02-25,2025-04-10,Trentino-Alto_Adige,Bolzano,montagne,TRE-5-3,5,loisirs_couple,Europe_Ouest,agence,voiture,44,7,2,0.0,1,demi_pension,oui,aucun,138.73,5,922.55,nouveau,0,0,1.0,0,0,0,0,0,AG025,0,0,0,0,0,0.0,1,2.0,2.0,0,461.275,131.79285714285714,0.0,1,-1.0,1,4,2,0.8660254037844387,-0.4999999999999998,3.8066624897703196,6.285714285714286,0,0.0,3.8066624897703196,0.0,0.0,0.0,3.8066624897703196,0.6286193302822964,0.8076497642195959,0,0.3688008485410741,1,faux positif
R008614,2025-02-25,2025-04-05,Lazio,Roma,urbaine_culturelle,LAZ-5-1,5,loisirs_couple,Italie,plateforme_en_ligne,train,39,3,2,0.0,1,aucune,non,total,278.77,5,794.49,nouveau,0,0,2.0,0,0,1,1,1,AG002,0,0,0,0,0,0.0,1,2.0,2.0,0,397.245,264.83,2.0,0,2.0,0,4,2,0.8660254037844387,-0.4999999999999998,3.6888794541139363,13.0,0,7.3777589082278725,0.0,0.0,0.0,0.0,7.3777589082278725,1.2239369525607533,1.1530141660634887,0,0.12459262706687424,0,vrai négatif
R008943,2025-02-25,2025-03-30,Trentino-Alto_Adige,Bolzano,montagne,TRE-4-2,4,famille,Italie,agence,voiture,33,5,2,1.0,1,petit_dejeuner,oui,partiel,197.36,4,947.33,nouveau,0,0,2.0,4,0,0,0,0,AG043,1,0,0,0,0,0.0,1,3.0,3.0,1,315.7766666666667,189.466,1.0,1,0.0,0,3,2,1.0,6.123233995736766e-17,3.5263605246161616,6.6,1,3.5263605246161616,3.5263605246161616,0.0,1.0,3.5263605246161616,7.052721049232323,1.0476696039919313,1.185274157708246,1,0.3860744837509665,1,vrai positif
R009255,2025-02-25,2025-05-03,Veneto,Venezia,urbaine_littorale,VEN-4-1,4,groupe,Europe_Ouest,plateforme_en_ligne,train,67,4,4,0.0,3,petit_dejeuner,non,partiel,189.36,4,2181.43,nouveau,0,0,2.0,0,0,0,1,1,AG017,0,0,0,0,0,0.0,1,4.0,1.3333333333333333,0,545.3575,545.3575,1.0,0,1.0,0,5,2,0.49999999999999994,-0.8660254037844387,4.219507705176107,16.75,0,4.219507705176107,0.0,0.0,0.0,0.0,8.439015410352214,0.8582111536631241,0.7496288672037371,0,0.2637165976262464,1,faux positif
R000656,2025-02-26,2025-04-04,Lombardia,Milano,affaires_lacs,LOM-4-3,4,affaires,Ameriques,plateforme_en_ligne,avion_correspondance,37,3,2,0.0,1,petit_dejeuner,oui,aucun,229.19,0,687.57,fidele,1,0,1.0,0,0,0,1,1,AG020,1,0,0,0,0,0.0,0,2.0,2.0,0,343.785,229.19000000000003,0.0,1,-1.0,1,4,2,0.8660254037844387,-0.4999999999999998,3.6375861597263857,12.333333333333334,0,0.0,3.6375861597263857,0.0,0.0,0.0,3.6375861597263857,1.033644522617598,0.867995985532769,1,0.3647742339758424,1,vrai positif
R000832,2025-02-26,2025-04-13,Liguria,Genova,littorale,LIG-4-3,4,famille,Italie,plateforme_en_ligne,train,46,2,2,2.0,1,petit_dejeuner,oui,aucun,146.48,6,275.38,nouveau,0,0,0.0,0,0,0,0,0,AG006,0,0,0,0,0,0.0,1,4.0,4.0,1,68.845,137.69,0.0,1,-1.0,1,4,2,0.8660254037844387,-0.4999999999999998,3.8501476017100584,23.0,0,0.0,3.8501476017100584,0.0,0.0,0.0,0.0,0.8449956734929334,0.9935562639896899,0,0.43597123612702615,1,faux positif
R003219,2025-02-26,2025-04-28,Lombardia,Milano,affaires_lacs,LOM-4-1,4,loisirs_couple,Europe_Centrale,plateforme_en_ligne,avion_direct,61,5,2,0.0,1,demi_pension,oui,partiel,242.48,1,1200.28,fidele,9,1,1.0,1,0,0,1,0,AG038,1,0,0,0,0,0.1111111111111111,0,2.0,2.0,0,600.14,240.05599999999998,1.0,1,0.0,0,4,2,0.8660254037844387,-0.4999999999999998,4.127134385045092,12.2,1,4.127134385045092,4.127134385045092,0.0,1.0,4.127134385045092,4.127134385045092,1.0978403585819712,0.9183283152492945,1,0.34202422942536836,1,vrai positif
R003962,2025-02-26,2025-07-05,Sardegna,Cagliari,insulaire_balneaire,SAR-4-3,4,solo,Italie,agence,ferry,129,9,1,0.0,1,petit_dejeuner,non,partiel,220.2,7,1843.07,nouveau,0,0,1.0,1,0,0,1,1,AG039,0,0,1,0,0,0.0,1,1.0,1.0,0,1843.07,204.78555555555556,1.0,0,1.0,0,7,2,-0.4999999999999997,-0.8660254037844388,4.867534450455582,14.333333333333334,1,4.867534450455582,0.0,0.0,0.0,4.867534450455582,4.867534450455582,1.0959858646691387,0.8806062666213432,0,0.23918968750111608,0,vrai négatif
R004057,2025-02-26,2025-04-18,Toscana,Firenze,culturelle_rurale,TOS-5-3,5,famille,Europe_Ouest,plateforme_en_ligne,train,51,5,2,3.0,2,petit_dejeuner,non,partiel,344.94,7,3207.94,nouveau,0,0,0.0,0,0,1,1,1,AG040,0,0,0,0,0,0.0,1,5.0,2.5,1,641.588,641.588,1.0,0,1.0,0,4,2,0.8660254037844387,-0.4999999999999998,3.9512437185814275,10.2,0,3.9512437185814275,0.0,0.0,0.0,0.0,0.0,1.4423583524984318,1.4781453548165924,0,0.283935298306286,1,faux positif
R004326,2025-02-26,2025-03-22,Veneto,Venezia,urbaine_littorale,VEN-5-3,5,loisirs_couple,Asie_Pacifique,telephone,train,24,3,2,0.0,1,petit_dejeuner,non,total,200.72,0,602.16,nouveau,0,0,2.0,1,0,0,0,1,DIRECT,0,0,0,0,1,0.0,1,2.0,2.0,0,301.08,200.72,2.0,0,2.0,0,3,2,1.0,6.123233995736766e-17,3.2188758248682006,8.0,1,6.437751649736401,0.0,3.2188758248682006,0.0,3.2188758248682006,6.437751649736401,0.7763595575152781,1.1310080576998929,0,0.0745920608330337,0,vrai négatif
R007449,2025-02-26,2025-05-22,Toscana,Firenze,culturelle_rurale,TOS-5-2,5,solo,Europe_Ouest,site_hotel,voiture,85,3,1,1.0,1,petit_dejeuner,oui,partiel,287.39,3,836.3,nouveau,0,0,2.0,0,0,0,1,0,DIRECT,1,0,0,0,1,0.0,1,2.0,2.0,1,418.15,278.76666666666665,1.0,1,0.0,0,5,2,0.49999999999999994,-0.8660254037844387,4.454347296253507,28.333333333333332,0,4.454347296253507,4.454347296253507,4.454347296253507,1.0,0.0,8.908694592507015,1.2375764361381447,1.3559330030667611,1,0.21764162762989614,0,faux négatif
R009037,2025-02-26,2025-03-30,Toscana,Firenze,culturelle_rurale,TOS-3-2,3,groupe,Italie,agence,train,32,2,4,0.0,2,petit_dejeuner,oui,partiel,132.08,6,496.62,nouveau,0,0,1.0,0,0,0,0,0,AG002,0,0,0,0,0,0.0,1,4.0,2.0,0,124.155,248.31,1.0,1,0.0,0,3,2,1.0,6.123233995736766e-17,3.4965075614664802,16.0,0,3.4965075614664802,3.4965075614664802,0.0,1.0,0.0,3.4965075614664802,0.7491775382870108,0.7775815377369598,0,0.33390857292920073,1,faux positif
R009860,2025-02-26,2025-05-02,Lazio,Roma,urbaine_culturelle,LAZ-4-2,4,loisirs_couple,Europe_Ouest,agence,avion_direct,65,7,2,0.0,1,petit_dejeuner,oui,aucun,328.32,6,2160.35,nouveau,0,0,2.0,0,0,1,1,1,AG036,0,0,0,0,0,0.0,1,2.0,2.0,0,1080.175,308.62142857142857,0.0,1,-1.0,1,5,2,0.49999999999999994,-0.8660254037844387,4.189654742026425,9.285714285714286,0,0.0,4.189654742026425,0.0,0.0,0.0,8.37930948405285,1.6201332346410067,1.2960170528559585,0,0.35157004973654116,1,faux positif
R001108,2025-02-27,2025-03-07,Toscana,Firenze,culturelle_rurale,TOS-5-1,5,affaires,Italie,site_hotel,voiture,8,2,2,0.0,1,aucune,oui,partiel,210.61,6,395.95,nouveau,0,0,0.0,0,0,0,0,1,DIRECT,0,0,0,0,1,0.0,1,2.0,2.0,0,197.975,197.975,1.0,1,0.0,0,3,2,1.0,6.123233995736766e-17,2.1972245773362196,4.0,0,2.1972245773362196,2.1972245773362196,2.1972245773362196,1.0,0.0,0.0,0.912363541847167,1.2399034498999175,0,0.20488095222050906,0,vrai négatif
R001181,2025-02-27,2025-03-13,Lombardia,Milano,affaires_lacs,LOM-4-1,4,loisirs_couple,Italie,plateforme_en_ligne,train,14,2,2,0.0,1,aucune,oui,aucun,263.32,4,505.57,fidele,4,1,0.0,0,0,0,0,0,AG027,1,0,0,0,0,0.25,0,2.0,2.0,0,252.785,252.785,0.0,1,-1.0,1,3,2,1.0,6.123233995736766e-17,2.70805020110221,7.0,0,0.0,2.70805020110221,0.0,0.0,0.0,0.0,1.1921945035541268,1.301181005089687,1,0.5114753513728254,1,vrai positif
R003591,2025-02-27,2025-03-21,Campania,Napoli,urbaine_cotiere,CAM-5-3,5,loisirs_couple,Autres,site_hotel,train,22,5,2,0.0,1,aucune,oui,partiel,227.89,10,1025.5,fidele,12,2,0.0,0,0,1,0,1,DIRECT,0,0,0,0,1,0.16666666666666666,0,2.0,2.0,0,512.75,205.1,1.0,1,0.0,0,3,2,1.0,6.123233995736766e-17,3.1354942159291497,4.4,0,3.1354942159291497,3.1354942159291497,3.1354942159291497,1.0,0.0,0.0,1.124133678628684,1.45830933640494,0,0.14938016242932922,0,vrai négatif
R003716,2025-02-27,2025-03-16,Lazio,Roma,urbaine_culturelle,LAZ-4-2,4,affaires,Europe_Ouest,site_hotel,avion_direct,17,3,2,0.0,1,aucune,oui,partiel,161.94,10,437.24,nouveau,0,0,1.0,0,0,0,0,0,DIRECT,0,0,0,0,1,0.0,1,2.0,2.0,0,218.62,145.74666666666667,1.0,1,0.0,0,3,2,1.0,6.123233995736766e-17,2.8903717578961645,5.666666666666667,0,2.8903717578961645,2.8903717578961645,2.8903717578961645,1.0,0.0,2.8903717578961645,0.7991117690599555,0.949071089491883,0,0.17778572909811968,0,vrai négatif
R003889,2025-02-27,2025-03-08,Toscana,Firenze,culturelle_rurale,TOS-3-2,3,groupe,Europe_Ouest,plateforme_en_ligne,voiture,9,5,5,1.0,3,aucune,oui,aucun,217.84,6,3071.54,fidele,11,2,2.0,1,0,1,0,1,AG008,0,0,0,0,0,0.18181818181818182,0,6.0,2.0,1,511.92333333333335,614.308,0.0,1,-1.0,1,3,2,1.0,6.123233995736766e-17,2.302585092994046,1.8,1,0.0,2.302585092994046,0.0,0.0,2.302585092994046,4.605170185988092,1.2356211003970505,1.2824679147533262,0,0.3876118874657175,1,faux positif
R003897,2025-02-27,2025-03-15,Sicilia,Palermo,insulaire_mixte,SIC-4-2,4,loisirs_couple,Europe_Ouest,agence,avion_direct,16,6,2,0.0,1,demi_pension,oui,partiel,157.19,1,933.71,nouveau,0,0,2.0,0,0,0,0,1,AG026,1,0,0,0,0,0.0,1,2.0,2.0,0,466.855,155.61833333333334,1.0,1,0.0,0,3,2,1.0,6.123233995736766e-17,2.833213344056216,2.6666666666666665,0,2.833213344056216,2.833213344056216,0.0,1.0,0.0,5.666426688112432,0.9070921576547983,1.119188323246707,1,0.1917124803093322,0,faux négatif
R004643,2025-02-27,2025-03-11,Lazio,Roma,urbaine_culturelle,LAZ-5-1,5,loisirs_couple,Europe_Ouest,plateforme_en_ligne,avion_direct,12,5,2,0.0,1,aucune,oui,aucun,174.42,7,811.05,nouveau,0,0,0.0,1,0,0,0,0,AG042,1,0,0,0,0,0.0,1,2.0,2.0,0,405.525,162.20999999999998,0.0,1,-1.0,1,3,2,1.0,6.123233995736766e-17,2.5649493574615367,2.4,1,0.0,2.5649493574615367,0.0,0.0,2.5649493574615367,0.0,0.765789300375387,1.0222118033171188,1,0.45507281880040906,1,vrai positif
R004848,2025-02-27,2025-03-15,Liguria,Genova,littorale,LIG-3-3,3,groupe,Italie,plateforme_en_ligne,voiture,16,3,4,0.0,3,petit_dejeuner,oui,aucun,186.85,0,1681.65,nouveau,0,0,1.0,0,0,1,0,1,AG003,0,0,0,0,0,0.0,1,4.0,1.3333333333333333,0,420.4125,560.5500000000001,0.0,1,-1.0,1,3,2,1.0,6.123233995736766e-17,2.833213344056216,5.333333333333333,0,0.0,2.833213344056216,0.0,0.0,0.0,2.833213344056216,1.1837187203040862,1.196452583722866,0,0.4546628917420898,1,faux positif
R006196,2025-02-27,2025-03-07,Lazio,Roma,urbaine_culturelle,LAZ-5-3,5,loisirs_couple,Asie_Pacifique,entreprise,avion_direct,8,3,2,0.0,1,demi_pension,oui,partiel,279.65,5,797.0,nouveau,0,0,1.0,1,0,0,0,1,DIRECT,0,0,0,0,1,0.0,1,2.0,2.0,0,398.5,265.6666666666667,1.0,1,0.0,0,3,2,1.0,6.123233995736766e-17,2.1972245773362196,2.6666666666666665,1,2.1972245773362196,2.1972245773362196,2.1972245773362196,1.0,2.1972245773362196,2.1972245773362196,1.1799080207586177,1.6389263318291039,0,0.11708093293515007,0,vrai négatif
R006443,2025-02-27,2025-03-23,Toscana,Firenze,culturelle_rurale,TOS-3-2,3,famille,Italie,plateforme_en_ligne,train,24,5,2,1.0,1,petit_dejeuner,oui,partiel,148.82,6,699.45,nouveau,0,0,1.0,0,0,0,0,0,AG009,0,0,0,0,0,0.0,1,3.0,3.0,1,233.15,139.89000000000001,1.0,1,0.0,0,3,2,1.0,6.123233995736766e-17,3.2188758248682006,4.8,0,3.2188758248682006,3.2188758248682006,0.0,1.0,0.0,3.2188758248682006,0.8441293250141803,0.8761332862357234,0,0.3029287071611571,1,faux positif
R006653,2025-02-27,2025-04-07,Sicilia,Palermo,insulaire_mixte,SIC-5-2,5,solo,Autres,agence,avion_direct,39,8,1,0.0,1,petit_dejeuner,oui,partiel,215.88,2,1692.5,fidele,1,0,0.0,0,0,1,0,0,AG019,0,0,0,0,0,0.0,0,1.0,1.0,0,1692.5,211.5625,1.0,1,0.0,0,4,2,0.8660254037844387,-0.4999999999999998,3.6888794541139363,4.875,0,3.6888794541139363,3.6888794541139363,0.0,1.0,0.0,0.0,1.1916866771549226,1.4882630726276238,0,0.295102879555968,1,faux positif
R009464,2025-02-27,2025-03-23,Sicilia,Palermo,insulaire_mixte,SIC-3-3,3,loisirs_couple,Ameriques,plateforme_en_ligne,avion_direct,24,6,2,0.0,1,petit_dejeuner,oui,aucun,134.28,3,781.51,fidele,4,1,0.0,0,0,0,0,0,AG007,1,0,0,0,0,0.25,0,2.0,2.0,0,390.755,130.25166666666667,0.0,1,-1.0,1,3,2,1.0,6.123233995736766e-17,3.2188758248682006,4.0,0,0.0,3.2188758248682006,0.0,0.0,0.0,0.0,0.9511935963731672,0.9560697757208972,1,0.4506715569599742,1,vrai positif
R001048,2025-02-28,2025-05-28,Toscana,Firenze,culturelle_rurale,TOS-3-1,3,solo,Europe_Centrale,entreprise,train,89,2,1,0.0,1,demi_pension,oui,partiel,151.23,10,272.21,nouveau,0,0,0.0,0,0,0,1,0,DIRECT,0,0,0,0,1,0.0,1,1.0,1.0,0,272.21,136.105,1.0,1,0.0,0,5,2,0.49999999999999994,-0.8660254037844387,4.499809670330265,44.5,0,4.499809670330265,4.499809670330265,4.499809670330265,1.0,0.0,0.0,0.8869534617753144,0.713517338995046,0,0.1923372425004134,0,vrai négatif
R004861,2025-02-28,2025-04-04,Lazio,Roma,urbaine_culturelle,LAZ-3-1,3,groupe,Inconnu,site_hotel,avion_direct,35,2,3,0.0,2,petit_dejeuner,non,partiel,214.27,0,857.08,nouveau,0,0,1.0,0,0,0,1,1,DIRECT,0,0,0,0,1,0.0,1,3.0,1.5,0,285.6933333333333,428.54,1.0,0,1.0,0,4,2,0.8660254037844387,-0.4999999999999998,3.58351893845611,17.5,0,3.58351893845611,0.0,3.58351893845611,0.0,0.0,3.58351893845611,1.2453937808776518,0.8862372040119947,0,0.16570657240824918,0,vrai négatif
R004958,2025-02-28,2025-04-04,Lombardia,Milano,affaires_lacs,LOM-5-3,5,loisirs_couple,Italie,plateforme_en_ligne,voiture,35,2,2,0.0,1,petit_dejeuner,oui,aucun,352.7,0,705.4,entreprise,5,1,2.0,0,0,0,1,1,AG027,1,0,0,0,0,0.2,0,2.0,2.0,0,352.7,352.7,0.0,1,-1.0,1,4,2,0.8660254037844387,-0.4999999999999998,3.58351893845611,17.5,0,0.0,3.58351893845611,0.0,0.0,0.0,7.16703787691222,1.2975498491648885,1.335757162604859,1,0.34753946372815625,1,vrai positif
R005206,2025-02-28,2025-07-07,Lombardia,Milano,affaires_lacs,LOM-4-2,4,loisirs_couple,Ameriques,plateforme_en_ligne,train,129,5,2,0.0,1,petit_dejeuner,oui,partiel,218.39,8,1004.59,nouveau,0,0,1.0,3,0,0,0,0,AG015,1,0,0,0,0,0.0,1,2.0,2.0,0,502.295,200.918,1.0,1,0.0,0,7,2,-0.4999999999999997,-0.8660254037844388,4.867534450455582,25.8,1,4.867534450455582,4.867534450455582,0.0,1.0,4.867534450455582,4.867534450455582,0.9744768194190352,1.088141504733433,1,0.4866441129614533,1,vrai positif
R005790,2025-02-28,2025-03-10,Lazio,Roma,urbaine_culturelle,LAZ-4-2,4,affaires,Europe_Ouest,site_hotel,train,10,3,2,0.0,1,petit_dejeuner,oui,aucun,598.28,1,1776.89,nouveau,0,0,0.0,0,0,0,0,0,DIRECT,0,0,0,0,1,0.0,1,2.0,2.0,0,888.445,592.2966666666667,0.0,1,-1.0,1,3,2,1.0,6.123233995736766e-17,2.3978952727983707,3.3333333333333335,0,0.0,2.3978952727983707,2.3978952727983707,0.0,0.0,0.0,2.9522822600542806,3.5063001816796575,0,0.34140753704558546,1,faux positif
R007043,2025-02-28,2025-06-07,Sardegna,Cagliari,insulaire_balneaire,SAR-5-1,5,famille,Asie_Pacifique,entreprise,avion_correspondance,99,6,2,0.0,2,demi_pension,non,total,178.13,11,1902.43,entreprise,9,1,1.0,0,0,0,1,1,DIRECT,0,0,1,0,1,0.1111111111111111,0,2.0,1.0,0,951.215,317.07166666666666,2.0,0,2.0,0,6,2,1.2246467991473532e-16,-1.0,4.605170185988092,16.5,0,9.210340371976184,0.0,4.605170185988092,0.0,0.0,4.605170185988092,0.8269710092475883,0.7771984554636882,0,0.08522172798593819,0,vrai négatif
R007739,2025-02-28,2025-05-29,Puglia,Bari,balneaire_rurale,PUG-3-2,3,groupe,Europe_Ouest,site_hotel,avion_direct,90,5,3,0.0,4,aucune,non,total,100.61,8,1851.22,fidele,2,0,0.0,1,0,0,0,0,DIRECT,0,0,0,0,1,0.0,0,3.0,0.75,0,617.0733333333334,370.244,2.0,0,2.0,0,5,2,0.49999999999999994,-0.8660254037844387,4.51085950651685,18.0,1,9.0217190130337,0.0,4.51085950651685,0.0,4.51085950651685,0.0,0.7278975546230647,0.8340379673381415,0,0.11293293070379623,0,vrai négatif
R008180,2025-02-28,2025-03-15,Trentino-Alto_Adige,Bolzano,montagne,TRE-4-1,4,affaires,Italie,plateforme_en_ligne,voiture,15,3,2,0.0,1,petit_dejeuner,oui,aucun,217.96,3,634.26,nouveau,0,0,1.0,0,0,0,0,1,AG030,0,0,0,0,0,0.0,1,2.0,2.0,0,317.13,211.42,0.0,1,-1.0,1,3,2,1.0,6.123233995736766e-17,2.772588722239781,5.0,0,0.0,2.772588722239781,0.0,0.0,0.0,2.772588722239781,1.0896093183692854,1.3089904510239627,0,0.31853904609965256,1,faux positif
R000563,2025-03-01,2025-03-15,Campania,Napoli,urbaine_cotiere,CAM-5-3,5,loisirs_couple,Europe_Centrale,site_hotel,voiture,14,6,2,0.0,1,petit_dejeuner,non,partiel,222.33,1,1320.64,fidele,11,2,2.0,0,5,1,0,1,DIRECT,0,0,0,0,1,0.18181818181818182,0,2.0,2.0,0,660.32,220.10666666666668,1.0,0,1.0,0,3,3,1.0,6.123233995736766e-17,2.70805020110221,2.3333333333333335,0,2.70805020110221,0.0,2.70805020110221,0.0,0.0,5.41610040220442,1.096707362190159,1.4227298905740065,0,0.07903314995550138,0,vrai négatif
R000608,2025-03-01,2025-07-12,Veneto,Venezia,urbaine_littorale,VEN-3-2,3,loisirs_couple,Italie,plateforme_en_ligne,voiture,133,2,2,0.0,1,pension_complete,non,partiel,178.33,1,353.09,fidele,3,1,2.0,0,0,0,1,1,AG018,1,0,0,0,0,0.3333333333333333,0,2.0,2.0,0,176.545,176.545,1.0,0,1.0,0,7,3,-0.4999999999999997,-0.8660254037844388,4.897839799950911,66.5,0,4.897839799950911,0.0,0.0,0.0,0.0,9.795679599901822,0.872712146422629,0.6899046366326866,1,0.2689072881378193,1,vrai positif
R001931,2025-03-01,2025-04-09,Campania,Napoli,urbaine_cotiere,CAM-3-2,3,loisirs_couple,Ameriques,site_hotel,train,39,7,2,0.0,1,petit_dejeuner,non,total,154.37,0,1080.59,nouveau,0,0,2.0,0,0,0,1,0,DIRECT,0,0,0,0,1,0.0,1,2.0,2.0,0,540.295,154.36999999999998,2.0,0,2.0,0,4,3,0.8660254037844387,-0.4999999999999998,3.6888794541139363,5.571428571428571,0,7.3777589082278725,0.0,3.6888794541139363,0.0,0.0,7.3777589082278725,0.9040702781844803,0.7637919944584631,0,0.08001826117462467,0,vrai négatif
R003108,2025-03-01,2025-03-06,Campania,Napoli,urbaine_cotiere,CAM-5-1,5,affaires,Asie_Pacifique,plateforme_en_ligne,train,5,3,2,0.0,1,aucune,oui,aucun,169.44,3,493.07,entreprise,11,1,0.0,0,0,0,0,0,AG036,0,0,0,0,0,0.09090909090909091,0,2.0,2.0,0,246.535,164.35666666666665,0.0,1,-1.0,1,3,3,1.0,6.123233995736766e-17,1.791759469228055,1.6666666666666667,0,0.0,1.791759469228055,0.0,0.0,0.0,0.0,0.8026717828465857,1.0842772125167979,0,0.42700015703098004,1,faux positif
R004591,2025-03-01,2025-04-05,Trentino-Alto_Adige,Bolzano,montagne,TRE-3-2,3,loisirs_couple,Italie,site_hotel,voiture,35,3,2,0.0,1,petit_dejeuner,non,partiel,139.33,1,413.81,entreprise,3,0,1.0,0,0,0,0,1,DIRECT,0,0,0,0,1,0.0,0,2.0,2.0,0,206.905,137.93666666666667,1.0,0,1.0,0,4,3,0.8660254037844387,-0.4999999999999998,3.58351893845611,11.666666666666666,0,3.58351893845611,0.0,3.58351893845611,0.0,0.0,3.58351893845611,0.8805536244707073,0.8111428072422425,0,0.11905982472610546,0,vrai négatif
R005327,2025-03-01,2025-04-24,Sardegna,Cagliari,insulaire_balneaire,SAR-4-3,4,famille,Europe_Centrale,plateforme_en_ligne,avion_direct,54,6,2,1.0,1,petit_dejeuner,non,total,126.64,4,729.45,nouveau,0,0,0.0,0,0,0,0,0,AG014,0,0,0,0,0,0.0,1,3.0,3.0,1,243.15,121.575,2.0,0,2.0,0,4,3,0.8660254037844387,-0.4999999999999998,4.007333185232471,9.0,0,8.014666370464942,0.0,0.0,0.0,0.0,0.0,0.6303163029141677,0.6267090844821491,0,0.1403356215884029,0,vrai négatif
R006598,2025-03-01,2025-03-13,Veneto,Venezia,urbaine_littorale,VEN-3-2,3,affaires,Ameriques,entreprise,train,12,3,2,0.0,1,petit_dejeuner,oui,partiel,214.37,7,598.09,entreprise,8,1,1.0,0,0,0,0,0,DIRECT,0,0,0,0,1,0.125,0,2.0,2.0,0,299.045,199.36333333333334,1.0,1,0.0,0,3,3,1.0,6.123233995736766e-17,2.5649493574615367,4.0,0,2.5649493574615367,2.5649493574615367,2.5649493574615367,1.0,0.0,2.5649493574615367,1.0490848585690515,1.2079224657688623,0,0.11763505236064559,0,vrai négatif
R008419,2025-03-01,2025-03-10,Lazio,Roma,urbaine_culturelle,LAZ-5-1,5,affaires,Europe_Ouest,entreprise,avion_direct,9,1,2,0.0,1,aucune,oui,aucun,205.98,10,185.38,nouveau,0,0,1.0,0,0,0,0,0,DIRECT,0,0,0,0,1,0.0,1,2.0,2.0,0,92.69,185.38,0.0,1,-1.0,1,3,3,1.0,6.123233995736766e-17,2.302585092994046,9.0,0,0.0,2.302585092994046,2.302585092994046,0.0,0.0,2.302585092994046,0.9043531710315457,1.207173416163629,0,0.16547971006052822,0,vrai négatif
R008635,2025-03-01,2025-04-28,Lazio,Roma,urbaine_culturelle,LAZ-4-2,4,groupe,Inconnu,agence,voiture,58,2,3,0.0,3,pension_complete,oui,aucun,264.73,4,1524.84,fidele,12,2,1.0,1,0,0,1,0,AG040,1,0,0,0,0,0.16666666666666666,0,3.0,1.0,0,508.28,762.42,0.0,1,-1.0,1,4,3,0.8660254037844387,-0.4999999999999998,4.07753744390572,29.0,1,0.0,4.07753744390572,0.0,0.0,4.07753744390572,4.07753744390572,1.3063409819886505,1.0949436459518147,1,0.4282605388074201,1,vrai positif
R009578,2025-03-01,2025-03-14,Lombardia,Milano,affaires_lacs,LOM-4-2,4,loisirs_couple,Asie_Pacifique,plateforme_en_ligne,avion_direct,13,6,2,0.0,1,demi_pension,oui,partiel,165.74,2,974.55,nouveau,0,0,0.0,0,0,0,0,1,AG005,0,0,0,0,0,0.0,1,2.0,2.0,0,487.275,162.42499999999998,1.0,1,0.0,0,3,3,1.0,6.123233995736766e-17,2.639057329615259,2.1666666666666665,0,2.639057329615259,2.639057329615259,0.0,1.0,0.0,0.0,0.7395475436169738,0.8189949103127935,0,0.2574206677674548,1,faux positif
R001826,2025-03-02,2025-04-05,Sardegna,Cagliari,insulaire_balneaire,SAR-4-2,4,solo,Europe_Ouest,plateforme_en_ligne,avion_correspondance,34,6,1,0.0,1,aucune,oui,partiel,173.74,6,979.89,fidele,10,2,1.0,0,0,0,0,1,AG026,1,0,0,0,0,0.2,0,1.0,1.0,0,979.89,163.315,1.0,1,0.0,0,4,3,0.8660254037844387,-0.4999999999999998,3.5553480614894135,5.666666666666667,0,3.5553480614894135,3.5553480614894135,0.0,1.0,0.0,3.5553480614894135,0.9307323189149143,0.8597949805585012,1,0.2204800094640733,0,faux négatif
R002749,2025-03-02,2025-07-09,Sicilia,Palermo,insulaire_mixte,SIC-5-3,5,famille,Europe_Ouest,site_hotel,voiture,129,4,2,3.0,2,petit_dejeuner,oui,aucun,250.05,7,1860.37,fidele,7,1,2.0,1,0,0,1,0,DIRECT,0,0,0,0,1,0.14285714285714285,0,5.0,2.5,1,372.07399999999996,465.0925,0.0,1,-1.0,1,7,3,-0.4999999999999997,-0.8660254037844388,4.867534450455582,32.25,1,0.0,4.867534450455582,4.867534450455582,0.0,4.867534450455582,9.735068900911164,1.3755638684123666,1.359632428905443,0,0.4598519067924231,1,faux positif
R002860,2025-03-02,2025-03-13,Campania,Napoli,urbaine_cotiere,CAM-5-3,5,solo,Europe_Centrale,site_hotel,train,11,4,1,0.0,1,aucune,oui,aucun,154.07,9,560.81,nouveau,0,0,2.0,0,0,0,0,0,DIRECT,0,0,0,0,1,0.0,1,1.0,1.0,0,560.81,140.2025,0.0,1,-1.0,1,3,3,1.0,6.123233995736766e-17,2.4849066497880004,2.75,0,0.0,2.4849066497880004,2.4849066497880004,0.0,0.0,4.969813299576001,0.7599950672092736,0.9859218020093427,0,0.30178473600595895,1,faux positif
R002937,2025-03-02,2025-03-30,Lombardia,Milano,affaires_lacs,LOM-4-3,4,famille,Europe_Centrale,site_hotel,avion_direct,28,4,2,1.0,1,demi_pension,oui,aucun,212.19,7,789.35,fidele,3,0,1.0,1,0,0,0,0,DIRECT,0,0,0,0,1,0.0,0,3.0,3.0,1,263.1166666666667,197.3375,0.0,1,-1.0,1,3,3,1.0,6.123233995736766e-17,3.367295829986474,7.0,1,0.0,3.367295829986474,3.367295829986474,0.0,3.367295829986474,3.367295829986474,0.9569746989581924,1.0485249789988635,0,0.3178435650851929,1,faux positif
R007119,2025-03-02,2025-03-16,Sicilia,Palermo,insulaire_mixte,SIC-5-1,5,affaires,Italie,plateforme_en_ligne,avion_direct,14,2,2,0.0,1,aucune,oui,partiel,168.76,1,334.14,nouveau,0,0,0.0,0,0,0,0,0,AG001,1,0,0,0,0,0.0,1,2.0,2.0,0,167.07,167.07,1.0,1,0.0,0,3,3,1.0,6.123233995736766e-17,2.70805020110221,7.0,0,2.70805020110221,2.70805020110221,0.0,1.0,0.0,0.0,0.9313208796666759,1.2015663937344252,1,0.3045422750619676,1,vrai positif
R007196,2025-03-02,2025-03-14,Lombardia,Milano,affaires_lacs,LOM-3-3,3,groupe,Europe_Ouest,plateforme_en_ligne,avion_correspondance,12,4,5,0.0,2,aucune,non,partiel,158.39,5,1203.76,fidele,11,2,1.0,0,0,1,0,1,AG010,0,0,0,0,0,0.18181818181818182,0,5.0,2.5,0,240.752,300.94,1.0,0,1.0,0,3,3,1.0,6.123233995736766e-17,2.5649493574615367,3.0,0,2.5649493574615367,0.0,0.0,0.0,0.0,2.5649493574615367,0.7845361335380653,0.7826752977219943,0,0.16631748708691416,0,vrai négatif
R007507,2025-03-02,2025-03-09,Lazio,Roma,urbaine_culturelle,LAZ-4-2,4,affaires,Europe_Ouest,plateforme_en_ligne,voiture,7,1,2,0.0,1,aucune,oui,aucun,234.75,7,218.32,fidele,12,2,2.0,0,0,1,0,0,AG009,0,0,0,0,0,0.16666666666666666,0,2.0,2.0,0,109.16,218.32,0.0,1,-1.0,1,3,3,1.0,6.123233995736766e-17,2.0794415416798357,7.0,0,0.0,2.0794415416798357,0.0,0.0,0.0,4.1588830833596715,1.15840118430792,1.3757838598136318,0,0.2271388627857561,0,vrai négatif
R008925,2025-03-02,2025-07-06,Lombardia,Milano,affaires_lacs,LOM-4-2,4,groupe,Europe_Centrale,site_hotel,voiture,126,3,6,0.0,4,petit_dejeuner,oui,aucun,211.79,10,2287.33,fidele,3,0,0.0,0,0,0,0,0,DIRECT,1,0,0,0,1,0.0,0,6.0,1.5,0,381.22166666666664,762.4433333333333,0.0,1,-1.0,1,7,3,-0.4999999999999997,-0.8660254037844388,4.844187086458591,42.0,0,0.0,4.844187086458591,4.844187086458591,0.0,0.0,0.0,0.9450269956717683,1.0552566018933731,1,0.4799242907896129,1,vrai positif
R009130,2025-03-02,2025-03-19,Lombardia,Milano,affaires_lacs,LOM-5-2,5,affaires,Europe_Ouest,plateforme_en_ligne,voiture,17,3,2,0.0,1,aucune,non,partiel,155.71,3,453.12,entreprise,7,1,0.0,0,0,0,0,0,AG044,0,0,0,0,0,0.14285714285714285,0,2.0,2.0,0,226.56,151.04,1.0,0,1.0,0,3,3,1.0,6.123233995736766e-17,2.8903717578961645,5.666666666666667,0,2.8903717578961645,0.0,0.0,0.0,0.0,0.0,0.5880842224530263,0.76943222809705,0,0.21686720296769108,0,vrai négatif
R009144,2025-03-02,2025-03-22,Campania,Napoli,urbaine_cotiere,CAM-3-3,3,famille,Italie,entreprise,avion_direct,20,5,2,3.0,2,petit_dejeuner,non,total,119.65,12,1052.92,nouveau,0,0,0.0,0,0,0,0,1,DIRECT,1,1,0,0,1,0.0,1,5.0,2.5,1,210.584,210.584,2.0,0,2.0,0,3,3,1.0,6.123233995736766e-17,3.044522437723423,4.0,0,6.089044875446846,0.0,3.044522437723423,0.0,0.0,0.0,0.7215873111600278,0.7656619952646061,1,0.07699898818574574,0,faux négatif
R009541,2025-03-02,2025-03-20,Sardegna,Cagliari,insulaire_balneaire,SAR-4-2,4,loisirs_couple,Europe_Centrale,plateforme_en_ligne,avion_correspondance,18,7,2,0.0,1,pension_complete,oui,aucun,138.78,0,971.46,fidele,11,1,2.0,0,0,0,0,0,AG023,0,0,1,0,0,0.09090909090909091,0,2.0,2.0,0,485.73,138.78,0.0,1,-1.0,1,3,3,1.0,6.123233995736766e-17,2.9444389791664403,2.5714285714285716,0,0.0,2.9444389791664403,0.0,0.0,0.0,5.8888779583328805,0.7434501624209267,0.7773483448159973,0,0.3700373551060878,1,faux positif
R000873,2025-03-03,2025-03-25,Liguria,Genova,littorale,LIG-4-2,4,groupe,Italie,entreprise,voiture,22,3,4,0.0,2,petit_dejeuner,oui,partiel,170.83,5,973.73,fidele,3,0,2.0,2,0,0,0,0,DIRECT,0,0,0,0,1,0.0,0,4.0,2.0,0,243.4325,324.57666666666665,1.0,1,0.0,0,3,3,1.0,6.123233995736766e-17,3.1354942159291497,7.333333333333333,1,3.1354942159291497,3.1354942159291497,3.1354942159291497,1.0,3.1354942159291497,6.270988431858299,0.9253812193602556,1.0938720624959979,0,0.15628665973548347,0,vrai négatif
R001057,2025-03-03,2025-03-13,Sardegna,Cagliari,insulaire_balneaire,SAR-4-1,4,affaires,Europe_Ouest,site_hotel,avion_direct,10,4,2,0.0,1,aucune,non,partiel,158.49,1,627.62,nouveau,0,0,1.0,0,0,0,0,0,DIRECT,0,0,0,0,1,0.0,1,2.0,2.0,0,313.81,156.905,1.0,0,1.0,0,3,3,1.0,6.123233995736766e-17,2.3978952727983707,2.5,0,2.3978952727983707,0.0,2.3978952727983707,0.0,0.0,2.3978952727983707,0.7943166441136672,0.8877499579902538,0,0.12745369019051522,0,vrai négatif
R001434,2025-03-03,2025-03-29,Liguria,Genova,littorale,LIG-3-2,3,famille,Italie,plateforme_en_ligne,voiture,26,4,2,1.0,1,petit_dejeuner,oui,partiel,155.58,2,609.87,nouveau,0,0,1.0,0,0,0,0,1,AG036,1,0,0,0,0,0.0,1,3.0,3.0,1,203.29,152.4675,1.0,1,0.0,0,3,3,1.0,6.123233995736766e-17,3.295836866004329,6.5,0,3.295836866004329,3.295836866004329,0.0,1.0,0.0,3.295836866004329,0.9641197248559212,0.9962220656976372,1,0.2577159400142879,1,vrai positif
R002005,2025-03-03,2025-03-16,Lazio,Roma,urbaine_culturelle,LAZ-4-1,4,loisirs_couple,Europe_Ouest,plateforme_en_ligne,voiture,13,6,2,0.0,1,aucune,oui,total,185.63,1,1102.64,nouveau,0,0,1.0,0,0,1,0,0,AG029,0,0,0,0,0,0.0,1,2.0,2.0,0,551.32,183.77333333333334,2.0,1,1.0,0,3,3,1.0,6.123233995736766e-17,2.639057329615259,2.1666666666666665,0,5.278114659230518,2.639057329615259,0.0,2.0,0.0,2.639057329615259,0.9088817077947512,1.0879095118091777,0,0.1483600398411794,0,vrai négatif
R007003,2025-03-03,2025-03-29,Lazio,Roma,urbaine_culturelle,LAZ-4-2,4,affaires,Europe_Ouest,telephone,voiture,26,1,2,0.0,1,petit_dejeuner,oui,aucun,203.05,4,194.93,entreprise,3,0,2.0,0,0,0,0,1,DIRECT,0,0,0,0,1,0.0,0,2.0,2.0,0,97.465,194.93,0.0,1,-1.0,1,3,3,1.0,6.123233995736766e-17,3.295836866004329,26.0,0,0.0,3.295836866004329,3.295836866004329,0.0,0.0,6.591673732008658,1.001973846533432,1.1900017581902362,0,0.19750912297717726,0,vrai négatif
R007337,2025-03-03,2025-03-08,Puglia,Bari,balneaire_rurale,PUG-3-1,3,affaires,Italie,site_hotel,voiture,5,2,2,0.0,1,aucune,oui,aucun,150.08,8,276.15,nouveau,0,0,2.0,0,0,0,0,1,DIRECT,0,0,0,0,1,0.0,1,2.0,2.0,0,138.075,138.075,0.0,1,-1.0,1,3,3,1.0,6.123233995736766e-17,1.791759469228055,2.5,0,0.0,1.791759469228055,1.791759469228055,0.0,0.0,3.58351893845611,1.171859139533068,1.0753027154832702,0,0.2514673003633569,1,faux positif
R007943,2025-03-03,2025-03-22,Lazio,Roma,urbaine_culturelle,LAZ-5-1,5,groupe,Ameriques,site_hotel,avion_direct,19,3,5,0.0,4,demi_pension,non,total,193.13,7,2155.33,nouveau,0,0,1.0,0,0,0,0,1,DIRECT,0,0,0,0,1,0.0,1,5.0,1.25,0,431.066,718.4433333333333,2.0,0,2.0,0,3,3,1.0,6.123233995736766e-17,2.995732273553991,6.333333333333333,0,5.991464547107982,0.0,2.995732273553991,0.0,0.0,2.995732273553991,0.847935371984282,1.1318642677137667,0,0.11816751820264326,0,vrai négatif
R001107,2025-03-04,2025-03-24,Toscana,Firenze,culturelle_rurale,TOS-3-1,3,affaires,Italie,plateforme_en_ligne,avion_correspondance,20,3,2,0.0,1,petit_dejeuner,oui,aucun,181.95,2,534.93,nouveau,0,0,0.0,0,0,1,0,0,AG032,1,0,0,0,0,0.0,1,2.0,2.0,0,267.465,178.30999999999997,0.0,1,-1.0,1,3,3,1.0,6.123233995736766e-17,3.044522437723423,6.666666666666667,0,0.0,3.044522437723423,0.0,0.0,0.0,0.0,1.0671241312571478,1.0711762628046626,1,0.4226924327539522,1,vrai positif
R001187,2025-03-04,2025-03-29,Lombardia,Milano,affaires_lacs,LOM-4-3,4,famille,Italie,site_hotel,avion_direct,25,7,2,1.0,1,petit_dejeuner,non,total,231.23,7,1505.31,nouveau,0,0,1.0,1,9,0,0,1,DIRECT,0,0,0,0,1,0.0,1,3.0,3.0,1,501.77,215.0442857142857,2.0,0,2.0,0,3,3,1.0,6.123233995736766e-17,3.258096538021482,3.5714285714285716,1,6.516193076042964,0.0,3.258096538021482,0.0,3.258096538021482,3.258096538021482,1.0428449014567267,1.1426100706626476,0,0.08151758297972453,0,vrai négatif
R002386,2025-03-04,2025-04-02,Sardegna,Cagliari,insulaire_balneaire,SAR-4-3,4,loisirs_couple,Ameriques,plateforme_en_ligne,avion_correspondance,29,5,2,0.0,1,petit_dejeuner,oui,partiel,238.55,8,1097.33,nouveau,0,0,1.0,1,0,0,0,0,AG032,0,0,0,0,0,0.0,1,2.0,2.0,0,548.665,219.46599999999998,1.0,1,0.0,0,4,3,0.8660254037844387,-0.4999999999999998,3.4011973816621555,5.8,1,3.4011973816621555,3.4011973816621555,0.0,1.0,3.4011973816621555,3.4011973816621555,1.1873180200582336,1.1805231530576175,0,0.291820170026325,1,faux positif
R002513,2025-03-04,2025-06-03,Lazio,Roma,urbaine_culturelle,LAZ-4-1,4,groupe,Europe_Ouest,site_hotel,avion_correspondance,91,18,4,0.0,3,petit_dejeuner,non,total,232.29,7,11665.6,fidele,7,1,1.0,0,0,0,1,0,DIRECT,0,0,0,0,1,0.14285714285714285,0,4.0,1.3333333333333333,0,2916.4,648.088888888889,2.0,0,2.0,0,6,3,1.2246467991473532e-16,-1.0,4.5217885770490405,5.055555555555555,0,9.043577154098081,0.0,4.5217885770490405,0.0,0.0,4.5217885770490405,1.1373384253819037,0.9768498076073928,0,0.08374384984591446,0,vrai négatif
R003722,2025-03-04,2025-03-13,Liguria,Genova,littorale,LIG-4-2,4,loisirs_couple,Ameriques,plateforme_en_ligne,train,9,4,2,0.0,1,petit_dejeuner,oui,aucun,146.03,3,566.6,fidele,11,2,2.0,0,0,0,0,0,AG021,0,0,0,0,0,0.18181818181818182,0,2.0,2.0,0,283.3,141.65,0.0,1,-1.0,1,3,3,1.0,6.123233995736766e-17,2.302585092994046,2.25,0,0.0,2.302585092994046,0.0,0.0,0.0,4.605170185988092,0.7910403293518593,0.9350707562271883,0,0.2518912029255188,1,faux positif
R004189,2025-03-04,2025-04-22,Trentino-Alto_Adige,Bolzano,montagne,TRE-3-2,3,famille,Italie,plateforme_en_ligne,voiture,49,4,2,1.0,1,petit_dejeuner,oui,partiel,168.02,3,651.92,nouveau,0,0,2.0,0,0,0,0,0,AG016,0,0,0,0,0,0.0,1,3.0,3.0,1,217.30666666666664,162.98,1.0,1,0.0,0,4,3,0.8660254037844387,-0.4999999999999998,3.912023005428146,12.25,0,3.912023005428146,3.912023005428146,0.0,1.0,0.0,7.824046010856292,1.061871958541364,0.978168481108459,0,0.2569820774785423,1,faux positif
R004408,2025-03-04,2025-06-23,Lombardia,Milano,affaires_lacs,LOM-4-3,4,solo,Autres,plateforme_en_ligne,avion_direct,111,6,1,0.0,1,petit_dejeuner,non,total,185.65,8,1024.79,nouveau,0,0,1.0,0,0,1,0,0,AG038,0,0,0,0,0,0.0,1,1.0,1.0,0,1024.79,170.79833333333332,2.0,0,2.0,0,6,3,1.2246467991473532e-16,-1.0,4.718498871295094,18.5,0,9.436997742590188,0.0,0.0,0.0,0.0,4.718498871295094,0.8372795742569793,0.8667133520074696,0,0.1151209559423435,0,vrai négatif
R005920,2025-03-04,2025-03-29,Campania,Napoli,urbaine_cotiere,CAM-5-2,5,groupe,Italie,site_hotel,train,25,3,6,0.0,3,aucune,oui,aucun,190.13,2,1676.95,fidele,1,0,2.0,4,0,0,0,1,DIRECT,0,0,0,0,1,0.0,0,6.0,2.0,0,279.4916666666667,558.9833333333333,0.0,1,-1.0,1,3,3,1.0,6.123233995736766e-17,3.258096538021482,8.333333333333334,1,0.0,3.258096538021482,3.258096538021482,0.0,3.258096538021482,6.516193076042964,0.9115010307301404,1.2166762654380239,0,0.5970186297530773,1,faux positif
R006101,2025-03-04,2025-03-27,Puglia,Bari,balneaire_rurale,PUG-3-2,3,loisirs_couple,Ameriques,plateforme_en_ligne,voiture,23,6,2,0.0,1,petit_dejeuner,non,total,103.72,7,578.76,fidele,4,0,1.0,0,0,0,0,0,AG002,0,0,0,0,0,0.0,0,2.0,2.0,0,289.38,96.46,2.0,0,2.0,0,3,3,1.0,6.123233995736766e-17,3.1780538303479458,3.8333333333333335,0,6.3561076606958915,0.0,0.0,0.0,0.0,3.1780538303479458,0.7503979163652149,0.7431396431897973,0,0.11578894510498304,0,vrai négatif
R006466,2025-03-04,2025-03-29,Lombardia,Milano,affaires_lacs,LOM-4-3,4,famille,Italie,site_hotel,train,25,3,2,1.0,1,aucune,oui,aucun,208.53,6,588.05,nouveau,0,0,1.0,0,0,0,0,1,DIRECT,0,0,0,0,1,0.0,1,3.0,3.0,1,196.01666666666665,196.01666666666665,0.0,1,-1.0,1,3,3,1.0,6.123233995736766e-17,3.258096538021482,8.333333333333334,0,0.0,3.258096538021482,3.258096538021482,0.0,0.0,3.258096538021482,0.9404681369232851,1.0304392943618126,0,0.2815154899665802,1,faux positif
R006625,2025-03-04,2025-03-24,Lombardia,Milano,affaires_lacs,LOM-4-2,4,famille,Italie,plateforme_en_ligne,train,20,4,2,2.0,1,petit_dejeuner,oui,aucun,159.71,5,606.9,nouveau,0,0,0.0,0,0,0,0,0,AG008,0,0,0,0,0,0.0,1,4.0,4.0,1,151.725,151.725,0.0,1,-1.0,1,3,3,1.0,6.123233995736766e-17,3.044522437723423,5.0,0,0.0,3.044522437723423,0.0,0.0,0.0,0.0,0.712641113738789,0.7891980036566685,0,0.42630455024586267,1,faux positif
R006787,2025-03-04,2025-04-18,Lazio,Roma,urbaine_culturelle,LAZ-4-1,4,affaires,Italie,site_hotel,avion_direct,45,3,2,0.0,1,petit_dejeuner,oui,aucun,467.56,5,1332.55,nouveau,0,0,2.0,0,0,1,1,1,DIRECT,0,0,0,0,1,0.0,1,2.0,2.0,0,666.275,444.18333333333334,0.0,1,-1.0,1,4,3,0.8660254037844387,-0.4999999999999998,3.828641396489095,15.0,0,0.0,3.828641396489095,3.828641396489095,0.0,0.0,7.65728279297819,2.289267528397963,1.9338641298728156,0,0.30073274591787685,1,faux positif
R007324,2025-03-04,2025-03-25,Lombardia,Milano,affaires_lacs,LOM-4-3,4,famille,Europe_Centrale,agence,train,21,2,2,1.0,1,petit_dejeuner,oui,partiel,209.75,7,390.14,nouveau,0,0,0.0,0,0,0,0,0,AG004,0,0,0,0,0,0.0,1,3.0,3.0,1,130.04666666666665,195.07,1.0,1,0.0,0,3,3,1.0,6.123233995736766e-17,3.091042453358316,10.5,0,3.091042453358316,3.091042453358316,0.0,1.0,0.0,0.0,0.9459703242682542,1.0364678559074962,0,0.2725927116288502,1,faux positif
R007761,2025-03-04,2025-03-21,Veneto,Venezia,urbaine_littorale,VEN-3-3,3,famille,Autres,site_hotel,train,17,6,2,1.0,1,petit_dejeuner,oui,partiel,189.34,12,999.72,nouveau,0,0,0.0,1,0,0,0,1,DIRECT,0,0,0,0,1,0.0,1,3.0,3.0,1,333.24,166.62,1.0,1,0.0,0,3,3,1.0,6.123233995736766e-17,2.8903717578961645,2.8333333333333335,1,2.8903717578961645,2.8903717578961645,2.8903717578961645,1.0,2.8903717578961645,0.0,1.0141981218088985,1.066884543866569,0,0.21487191749942267,0,vrai négatif
R009079,2025-03-04,2025-05-11,Lazio,Roma,urbaine_culturelle,LAZ-4-3,4,solo,Europe_Centrale,agence,voiture,68,4,1,0.0,1,petit_dejeuner,non,total,233.86,8,860.6,nouveau,0,0,0.0,1,0,0,1,0,AG028,0,0,0,0,0,0.0,1,1.0,1.0,0,860.6,215.15,2.0,0,2.0,0,5,3,0.49999999999999994,-0.8660254037844387,4.23410650459726,17.0,1,8.46821300919452,0.0,0.0,0.0,4.23410650459726,0.0,1.132274619928343,0.9231437255753365,0,0.13580781380496781,0,vrai négatif
R009322,2025-03-04,2025-05-16,Sicilia,Palermo,insulaire_mixte,SIC-4-1,4,famille,Ameriques,telephone,avion_correspondance,73,7,2,3.0,2,petit_dejeuner,non,total,210.76,1,2921.13,nouveau,0,0,0.0,0,0,0,1,1,DIRECT,0,0,0,0,1,0.0,1,5.0,2.5,1,584.226,417.30428571428575,2.0,0,2.0,0,5,3,0.49999999999999994,-0.8660254037844387,4.304065093204169,10.428571428571429,0,8.608130186408339,0.0,4.304065093204169,0.0,0.0,0.0,1.2448907265209685,1.14559043348281,0,0.12095185929639363,0,vrai négatif
R001005,2025-03-05,2025-05-14,Lombardia,Milano,affaires_lacs,LOM-5-1,5,loisirs_couple,Italie,agence,avion_direct,70,7,2,0.0,1,petit_dejeuner,non,partiel,299.19,0,2094.33,nouveau,0,0,1.0,1,0,0,1,0,AG041,0,0,0,0,0,0.0,1,2.0,2.0,0,1047.165,299.19,1.0,0,1.0,0,5,3,0.49999999999999994,-0.8660254037844387,4.2626798770413155,10.0,1,4.2626798770413155,0.0,0.0,0.0,4.2626798770413155,4.2626798770413155,1.1340256983663723,1.0953723365307169,0,0.23005290483845978,0,vrai négatif
R002497,2025-03-05,2025-05-09,Veneto,Venezia,urbaine_littorale,VEN-4-1,4,famille,Europe_Centrale,plateforme_en_ligne,train,65,6,2,1.0,1,demi_pension,non,total,292.38,4,1684.11,nouveau,0,0,3.0,0,0,1,1,1,AG012,1,0,0,0,0,0.0,1,3.0,3.0,1,561.37,280.685,2.0,0,2.0,0,5,3,0.49999999999999994,-0.8660254037844387,4.189654742026425,10.833333333333334,0,8.37930948405285,0.0,0.0,0.0,0.0,12.568964226079276,1.3251150037390378,1.1574592743611567,1,0.13559167837442435,0,faux négatif
R003030,2025-03-05,2025-03-23,Campania,Napoli,urbaine_cotiere,CAM-4-3,4,loisirs_couple,Italie,plateforme_en_ligne,avion_direct,18,5,2,0.0,1,petit_dejeuner,oui,aucun,211.42,2,1035.96,nouveau,0,0,0.0,1,0,0,0,0,AG043,1,0,0,0,0,0.0,1,2.0,2.0,0,517.98,207.192,0.0,1,-1.0,1,3,3,1.0,6.123233995736766e-17,2.9444389791664403,3.6,1,0.0,2.9444389791664403,0.0,0.0,2.9444389791664403,0.0,1.137461666756335,1.3529148269021563,1,0.4174857483672111,1,vrai positif
R004438,2025-03-05,2025-05-18,Campania,Napoli,urbaine_cotiere,CAM-5-2,5,loisirs_couple,Europe_Ouest,plateforme_en_ligne,voiture,74,3,2,0.0,1,petit_dejeuner,oui,partiel,195.95,5,558.46,nouveau,0,0,1.0,0,0,0,1,0,AG021,1,0,0,0,0,0.0,1,2.0,2.0,0,279.23,186.15333333333334,1.0,1,0.0,0,5,3,0.49999999999999994,-0.8660254037844387,4.31748811353631,24.666666666666668,0,4.31748811353631,4.31748811353631,0.0,1.0,0.0,4.31748811353631,0.9394026559278967,1.000868321585453,1,0.3650275802132275,1,vrai positif
R009568,2025-03-05,2025-07-03,Trentino-Alto_Adige,Bolzano,montagne,TRE-3-3,3,groupe,Europe_Ouest,agence,train,120,4,6,0.0,4,petit_dejeuner,oui,aucun,193.06,4,2965.4,fidele,4,1,0.0,1,0,1,1,0,AG036,0,0,0,0,0,0.25,0,6.0,1.5,0,494.23333333333335,741.35,0.0,1,-1.0,1,7,3,-0.4999999999999997,-0.8660254037844388,4.795790545596741,30.0,1,0.0,4.795790545596741,0.0,0.0,4.795790545596741,0.0,1.2503076225633056,0.9027401103525671,0,0.6122258689073684,1,faux positif
R009939,2025-03-05,2025-04-10,Liguria,Genova,littorale,LIG-4-1,4,famille,Italie,plateforme_en_ligne,voiture,36,5,2,3.0,2,petit_dejeuner,oui,aucun,143.46,4,1377.22,nouveau,0,0,1.0,0,0,0,0,0,AG006,0,0,0,0,0,0.0,1,5.0,2.5,1,275.444,275.444,0.0,1,-1.0,1,4,3,0.8660254037844387,-0.4999999999999998,3.6109179126442243,7.2,0,0.0,3.6109179126442243,0.0,0.0,0.0,3.6109179126442243,0.7944841335770062,0.9730719663569152,0,0.4440210527325929,1,faux positif
R000281,2025-03-06,2025-04-10,Lazio,Roma,urbaine_culturelle,LAZ-4-3,4,affaires,Europe_Ouest,entreprise,voiture,35,1,2,0.0,1,petit_dejeuner,oui,aucun,208.78,18,171.2,nouveau,0,0,1.0,1,0,0,1,0,DIRECT,0,0,0,0,1,0.0,1,2.0,2.0,0,85.6,171.2,0.0,1,-1.0,1,4,3,0.8660254037844387,-0.4999999999999998,3.58351893845611,35.0,1,0.0,3.58351893845611,3.58351893845611,0.0,3.58351893845611,3.58351893845611,1.0108453568316065,0.8635301416606349,0,0.18760363135470148,0,vrai négatif
R000716,2025-03-06,2025-04-22,Lombardia,Milano,affaires_lacs,LOM-5-3,5,loisirs_couple,Europe_Ouest,plateforme_en_ligne,train,47,7,2,0.0,1,demi_pension,oui,aucun,288.7,6,1899.65,fidele,10,2,0.0,1,0,0,1,0,AG012,0,0,0,0,0,0.2,0,2.0,2.0,0,949.825,271.37857142857143,0.0,1,-1.0,1,4,3,0.8660254037844387,-0.4999999999999998,3.8712010109078907,6.714285714285714,1,0.0,3.8712010109078907,0.0,0.0,3.8712010109078907,0.0,1.0620999190640865,1.0933742354522902,0,0.42084663161615654,1,faux positif
R001349,2025-03-06,2026-05-09,Veneto,Venezia,urbaine_littorale,VEN-4-2,4,groupe,Europe_Ouest,entreprise,avion_direct,429,4,4,0.0,3,petit_dejeuner,oui,aucun,387.24,14,3996.32,fidele,1,0,0.0,0,0,0,1,1,DIRECT,0,0,0,0,1,0.0,0,4.0,1.3333333333333333,0,999.08,999.08,0.0,1,-1.0,1,5,3,0.49999999999999994,-0.8660254037844387,6.063785208687608,107.25,0,0.0,6.063785208687608,6.063785208687608,0.0,0.0,0.0,1.713602973714488,1.5329862829318501,0,0.6796263344262861,1,faux positif
R002716,2025-03-06,2025-03-13,Toscana,Firenze,culturelle_rurale,TOS-5-2,5,loisirs_couple,Italie,site_hotel,avion_direct,7,4,2,0.0,1,petit_dejeuner,non,partiel,118.53,11,421.97,nouveau,0,0,1.0,1,0,0,0,0,DIRECT,0,0,0,0,1,0.0,1,2.0,2.0,0,210.985,105.4925,1.0,0,1.0,0,3,3,1.0,6.123233995736766e-17,2.0794415416798357,1.75,1,2.0794415416798357,0.0,2.0794415416798357,0.0,2.0794415416798357,2.0794415416798357,0.510421152355525,0.6978099611444719,0,0.12097908777637631,0,vrai négatif
R003191,2025-03-06,2025-06-01,Lombardia,Milano,affaires_lacs,LOM-4-3,4,famille,Europe_Ouest,plateforme_en_ligne,train,87,2,2,1.0,1,petit_dejeuner,oui,partiel,119.22,7,221.75,nouveau,0,0,0.0,1,0,0,0,0,AG011,0,0,0,0,0,0.0,1,3.0,3.0,1,73.91666666666667,110.875,1.0,1,0.0,0,6,3,1.2246467991473532e-16,-1.0,4.477336814478207,43.5,1,4.477336814478207,4.477336814478207,0.0,1.0,4.477336814478207,0.0,0.5376809633337843,0.5565826330532212,0,0.36750029132378004,1,faux positif
R004749,2025-03-06,2025-04-15,Campania,Napoli,urbaine_cotiere,CAM-4-1,4,loisirs_couple,Europe_Ouest,plateforme_en_ligne,train,40,2,2,0.0,1,petit_dejeuner,non,aucun,163.92,6,308.17,nouveau,0,0,2.0,0,0,0,1,0,AG029,0,0,0,0,0,0.0,1,2.0,2.0,0,154.085,154.085,0.0,0,0.0,0,4,3,0.8660254037844387,-0.4999999999999998,3.713572066704308,20.0,0,0.0,0.0,0.0,0.0,0.0,7.427144133408616,0.8662474237700153,0.8110434911681756,0,0.27892789637946774,1,faux positif
R004779,2025-03-06,2025-03-14,Lombardia,Milano,affaires_lacs,LOM-4-1,4,affaires,Autres,plateforme_en_ligne,avion_direct,8,1,2,0.0,1,petit_dejeuner,oui,partiel,290.88,4,279.24,nouveau,0,0,1.0,0,0,1,0,1,AG003,1,0,0,0,0,0.0,1,2.0,2.0,0,139.62,279.24,1.0,1,0.0,0,3,3,1.0,6.123233995736766e-17,2.1972245773362196,8.0,0,2.1972245773362196,2.1972245773362196,0.0,1.0,0.0,2.1972245773362196,1.3169737854846741,1.4373671986954588,1,0.22285679462981384,0,faux négatif
R009408,2025-03-06,2025-03-26,Trentino-Alto_Adige,Bolzano,montagne,TRE-3-1,3,affaires,Europe_Centrale,agence,voiture,20,1,2,0.0,1,petit_dejeuner,non,total,133.22,2,130.56,nouveau,0,0,0.0,0,0,0,0,0,AG030,0,0,1,0,0,0.0,1,2.0,2.0,0,65.28,130.56,2.0,0,2.0,0,3,3,1.0,6.123233995736766e-17,3.044522437723423,20.0,0,6.089044875446846,0.0,0.0,0.0,0.0,0.0,0.8282508004600703,0.8000720677436791,0,0.1299073263544873,0,vrai négatif
R000304,2025-03-07,2025-03-25,Lombardia,Milano,affaires_lacs,LOM-4-2,4,affaires,Italie,plateforme_en_ligne,train,18,3,2,0.0,1,demi_pension,non,total,209.69,7,585.04,fidele,12,1,1.0,0,0,1,0,0,AG033,0,0,0,0,0,0.08333333333333333,0,2.0,2.0,0,292.52,195.01333333333332,2.0,0,2.0,0,3,3,1.0,6.123233995736766e-17,2.9444389791664403,6.0,0,5.8888779583328805,0.0,0.0,0.0,0.0,2.9444389791664403,0.9356565972067288,1.036171369274102,0,0.09827856054018581,0,vrai négatif
R001077,2025-03-07,2025-03-23,Toscana,Firenze,culturelle_rurale,TOS-4-1,4,loisirs_couple,Europe_Centrale,site_hotel,train,16,7,2,0.0,1,aucune,oui,aucun,200.75,5,1334.99,fidele,3,1,0.0,0,0,0,0,0,DIRECT,0,0,0,0,1,0.3333333333333333,0,2.0,2.0,0,667.495,190.71285714285713,0.0,1,-1.0,1,3,3,1.0,6.123233995736766e-17,2.833213344056216,2.2857142857142856,0,0.0,2.833213344056216,2.833213344056216,0.0,0.0,0.0,0.8784205444116499,1.1818556458259741,0,0.40618012040120766,1,faux positif
R002705,2025-03-07,2025-03-29,Veneto,Venezia,urbaine_littorale,VEN-4-2,4,affaires,Inconnu,site_hotel,avion_direct,22,1,2,0.0,1,petit_dejeuner,oui,partiel,271.9,6,255.59,entreprise,11,2,1.0,1,0,0,0,1,DIRECT,1,0,0,0,1,0.18181818181818182,0,2.0,2.0,0,127.795,255.59,1.0,1,0.0,0,3,3,1.0,6.123233995736766e-17,3.1354942159291497,22.0,1,3.1354942159291497,3.1354942159291497,3.1354942159291497,1.0,3.1354942159291497,3.1354942159291497,1.2032038233471987,1.5320899306925113,1,0.15236806993455584,0,faux négatif
R003518,2025-03-07,2025-03-22,Veneto,Venezia,urbaine_littorale,VEN-3-2,3,solo,Italie,agence,train,15,7,1,0.0,1,petit_dejeuner,oui,aucun,215.41,2,1477.71,fidele,7,1,2.0,0,0,1,0,1,AG005,0,0,0,0,0,0.14285714285714285,0,1.0,1.0,0,1477.71,211.10142857142858,0.0,1,-1.0,1,3,3,1.0,6.123233995736766e-17,2.772588722239781,2.142857142857143,0,0.0,2.772588722239781,0.0,0.0,0.0,5.545177444479562,1.054174415190369,1.2137826111455456,0,0.33393153968408174,1,faux positif
R003904,2025-03-07,2025-04-02,Sicilia,Palermo,insulaire_mixte,SIC-3-2,3,loisirs_couple,Italie,site_hotel,avion_direct,26,9,2,0.0,1,demi_pension,non,aucun,122.19047619047619,2,1077.72,fidele,12,2,1.0,0,8,0,0,0,DIRECT,1,1,0,0,1,0.16666666666666666,0,2.0,2.0,0,538.86,119.74666666666667,0.0,0,0.0,0,4,3,0.8660254037844387,-0.4999999999999998,3.295836866004329,2.888888888888889,0,0.0,0.0,3.295836866004329,0.0,0.0,3.295836866004329,0.8136810028000013,0.842373418292897,1,0.1133761335500015,0,faux négatif
R004885,2025-03-07,2025-05-18,Campania,Napoli,urbaine_cotiere,CAM-5-1,5,loisirs_couple,Italie,site_hotel,avion_direct,72,7,2,0.0,1,petit_dejeuner,oui,aucun,198.41,1,1374.98,nouveau,0,0,0.0,1,0,0,1,0,DIRECT,1,0,0,0,1,0.0,1,2.0,2.0,0,687.49,196.4257142857143,0.0,1,-1.0,1,5,3,0.49999999999999994,-0.8660254037844387,4.290459441148391,10.285714285714286,1,0.0,4.290459441148391,4.290459441148391,0.0,4.290459441148391,0.0,0.9399085719699661,1.0134334457043621,1,0.4321545712372924,1,vrai positif
R005308,2025-03-07,2025-03-19,Lazio,Roma,urbaine_culturelle,LAZ-4-1,4,affaires,Europe_Ouest,plateforme_en_ligne,voiture,12,3,2,0.0,1,demi_pension,non,total,162.43,8,448.31,fidele,10,2,0.0,0,0,0,0,0,AG021,0,0,0,0,0,0.2,0,2.0,2.0,0,224.155,149.43666666666667,2.0,0,2.0,0,3,3,1.0,6.123233995736766e-17,2.5649493574615367,4.0,0,5.1298987149230735,0.0,0.0,0.0,0.0,0.0,0.7952898550724637,0.9519428002109829,0,0.09453876769437806,0,vrai négatif
R005512,2025-03-07,2025-05-10,Lazio,Roma,urbaine_culturelle,LAZ-4-3,4,solo,Autres,entreprise,train,64,6,1,0.0,1,petit_dejeuner,oui,aucun,274.53,7,1531.88,nouveau,0,0,1.0,0,0,0,1,1,DIRECT,0,0,0,0,1,0.0,1,1.0,1.0,0,1531.88,255.31333333333336,0.0,1,-1.0,1,5,3,0.49999999999999994,-0.8660254037844387,4.174387269895637,10.666666666666666,0,0.0,4.174387269895637,4.174387269895637,0.0,0.0,4.174387269895637,1.3291856299021978,1.0836853116488374,0,0.2310700677012693,0,vrai négatif
R008417,2025-03-07,2025-03-29,Toscana,Firenze,culturelle_rurale,TOS-5-1,5,affaires,Europe_Ouest,telephone,voiture,22,2,2,0.0,1,petit_dejeuner,oui,aucun,202.37,1,400.69,entreprise,2,0,1.0,0,0,0,0,1,DIRECT,1,0,0,0,1,0.0,0,2.0,2.0,0,200.345,200.345,0.0,1,-1.0,1,3,3,1.0,6.123233995736766e-17,3.1354942159291497,11.0,0,0.0,3.1354942159291497,3.1354942159291497,0.0,0.0,3.1354942159291497,0.8766678218679606,1.1913929118097255,1,0.2565262925853645,1,vrai positif
R008959,2025-03-07,2025-04-10,Veneto,Venezia,urbaine_littorale,VEN-5-2,5,famille,Italie,agence,avion_direct,34,7,2,2.0,1,petit_dejeuner,non,aucun,215.35,1,1492.38,fidele,12,2,0.0,0,0,0,1,0,AG015,0,0,0,0,0,0.16666666666666666,0,4.0,4.0,1,373.095,213.19714285714286,0.0,0,0.0,0,4,3,0.8660254037844387,-0.4999999999999998,3.5553480614894135,4.857142857142857,0,0.0,0.0,0.0,0.0,0.0,0.0,0.869714470336416,0.8365705850361277,0,0.2251344096414463,0,vrai négatif
R009410,2025-03-07,2025-04-06,Puglia,Bari,balneaire_rurale,PUG-4-1,4,loisirs_couple,Inconnu,plateforme_en_ligne,voiture,30,4,2,0.0,1,aucune,non,total,140.32,4,538.83,nouveau,0,0,0.0,1,0,0,0,0,AG022,0,0,0,0,0,0.0,1,2.0,2.0,0,269.415,134.7075,2.0,0,2.0,0,4,3,0.8660254037844387,-0.4999999999999998,3.4339872044851463,7.5,1,6.8679744089702925,0.0,0.0,0.0,3.4339872044851463,0.0,0.8480599540674483,1.1070611439842208,0,0.14841916584062365,0,vrai négatif
R009893,2025-03-07,2025-05-25,Lombardia,Milano,affaires_lacs,LOM-4-2,4,famille,Ameriques,site_hotel,train,79,6,2,1.0,1,aucune,non,total,216.22,7,1206.51,nouveau,0,0,1.0,0,0,0,1,0,DIRECT,0,0,0,0,1,0.0,1,3.0,3.0,1,402.17,201.085,2.0,0,2.0,0,5,3,0.49999999999999994,-0.8660254037844387,4.382026634673881,13.166666666666666,0,8.764053269347762,0.0,4.382026634673881,0.0,0.0,4.382026634673881,0.9647940743384944,0.7916086988357619,0,0.09408275607336195,0,vrai négatif
R001178,2025-03-08,2025-03-18,Campania,Napoli,urbaine_cotiere,CAM-5-1,5,groupe,Italie,entreprise,avion_direct,10,2,5,0.0,4,aucune,non,total,153.49,17,1019.17,nouveau,0,0,1.0,1,0,0,0,0,DIRECT,0,0,0,0,1,0.0,1,5.0,1.25,0,203.834,509.585,2.0,0,2.0,0,3,3,1.0,6.123233995736766e-17,2.3978952727983707,5.0,1,4.795790545596741,0.0,2.3978952727983707,0.0,2.3978952727983707,2.3978952727983707,0.7271133849688529,0.9822102770845331,0,0.09095039160090987,0,vrai négatif
R001543,2025-03-08,2025-04-07,Lombardia,Milano,affaires_lacs,LOM-3-1,3,solo,Ameriques,plateforme_en_ligne,train,30,7,1,0.0,1,petit_dejeuner,oui,partiel,216.39,6,1423.85,fidele,1,0,1.0,0,0,0,1,0,AG026,1,0,0,0,0,0.0,0,1.0,1.0,0,1423.85,203.40714285714284,1.0,1,0.0,0,4,3,0.8660254037844387,-0.4999999999999998,3.4339872044851463,4.285714285714286,0,3.4339872044851463,3.4339872044851463,0.0,1.0,0.0,3.4339872044851463,1.106939151341535,0.8195194001022552,1,0.2825848349123347,1,vrai positif
R003633,2025-03-08,2025-05-27,Liguria,Genova,littorale,LIG-4-1,4,loisirs_couple,Autres,plateforme_en_ligne,voiture,80,3,2,0.0,1,petit_dejeuner,oui,aucun,236.42,7,659.61,fidele,9,1,0.0,0,0,0,1,0,AG039,0,0,0,0,0,0.1111111111111111,0,2.0,2.0,0,329.805,219.87,0.0,1,-1.0,1,5,3,0.49999999999999994,-0.8660254037844387,4.394449154672439,26.666666666666668,0,0.0,4.394449154672439,0.0,0.0,0.0,0.0,1.3092983330564323,1.2061937195479706,0,0.4082827204490579,1,faux positif
R004738,2025-03-08,2025-03-19,Veneto,Venezia,urbaine_littorale,VEN-3-3,3,affaires,Europe_Ouest,entreprise,avion_correspondance,11,1,2,0.0,1,petit_dejeuner,oui,aucun,168.42,14,144.84,fidele,10,1,2.0,0,0,0,0,0,DIRECT,1,0,0,0,1,0.1,0,2.0,2.0,0,72.42,144.84,0.0,1,-1.0,1,3,3,1.0,6.123233995736766e-17,2.4849066497880004,11.0,0,0.0,2.4849066497880004,2.4849066497880004,0.0,0.0,4.969813299576001,0.9021403172866518,0.9490054657125148,1,0.13419961460390836,0,faux négatif
R005712,2025-03-08,2025-03-13,Trentino-Alto_Adige,Bolzano,montagne,TRE-3-1,3,affaires,Italie,plateforme_en_ligne,voiture,5,1,2,0.0,1,petit_dejeuner,oui,aucun,175.06,6,164.56,nouveau,0,0,1.0,0,0,0,0,0,AG004,0,0,0,0,0,0.0,1,2.0,2.0,0,82.28,164.56,0.0,1,-1.0,1,3,3,1.0,6.123233995736766e-17,1.791759469228055,5.0,0,0.0,1.791759469228055,0.0,0.0,0.0,1.791759469228055,1.0883770089216327,1.051348267371329,0,0.32635996188626004,1,faux positif
R006603,2025-03-08,2025-05-08,Sicilia,Palermo,insulaire_mixte,SIC-4-1,4,loisirs_couple,Autres,entreprise,ferry,61,8,2,0.0,1,aucune,oui,aucun,210.4,12,1481.22,nouveau,0,0,1.0,0,0,0,1,0,DIRECT,1,0,0,0,1,0.0,1,2.0,2.0,0,740.61,185.1525,0.0,1,-1.0,1,5,3,0.49999999999999994,-0.8660254037844387,4.127134385045092,7.625,0,0.0,4.127134385045092,4.127134385045092,0.0,0.0,4.127134385045092,1.2427643236857648,1.1436336458757983,1,0.2093184251679828,0,faux négatif
R007653,2025-03-08,2025-03-21,Veneto,Venezia,urbaine_littorale,VEN-4-3,4,solo,Europe_Ouest,plateforme_en_ligne,avion_correspondance,13,2,1,0.0,1,petit_dejeuner,oui,aucun,262.04,4,503.12,entreprise,4,1,0.0,0,0,0,0,1,AG017,0,0,0,1,0,0.25,0,1.0,1.0,0,503.12,251.56,0.0,1,-1.0,1,3,3,1.0,6.123233995736766e-17,2.639057329615259,6.5,0,0.0,2.639057329615259,0.0,0.0,0.0,0.0,1.2006689729432518,1.4765312447174173,0,0.4716621747032633,1,faux positif
R008148,2025-03-08,2025-03-18,Lazio,Roma,urbaine_culturelle,LAZ-3-3,3,affaires,Inconnu,entreprise,avion_direct,10,2,2,0.0,1,petit_dejeuner,non,partiel,146.53,11,260.82,fidele,9,2,2.0,3,0,0,0,0,DIRECT,0,0,0,0,1,0.2222222222222222,0,2.0,2.0,0,130.41,130.41,1.0,0,1.0,0,3,3,1.0,6.123233995736766e-17,2.3978952727983707,5.0,1,2.3978952727983707,0.0,2.3978952727983707,0.0,2.3978952727983707,4.795790545596741,0.8754871387656453,0.8587587176932544,0,0.11947033167571779,0,vrai négatif
R000923,2025-03-09,2025-04-28,Toscana,Firenze,culturelle_rurale,TOS-3-3,3,loisirs_couple,Italie,plateforme_en_ligne,train,50,5,2,0.0,1,petit_dejeuner,oui,partiel,125.68,4,603.26,nouveau,0,0,2.0,0,0,0,1,0,AG024,1,0,0,0,0,0.0,1,2.0,2.0,0,301.63,120.652,1.0,1,0.0,0,4,3,0.8660254037844387,-0.4999999999999998,3.9318256327243257,10.0,0,3.9318256327243257,3.9318256327243257,0.0,1.0,0.0,7.8636512654486515,0.7304428687667093,0.5385670209118958,1,0.2459477067437231,1,vrai positif
R002160,2025-03-09,2025-03-26,Liguria,Genova,littorale,LIG-4-1,4,affaires,Italie,plateforme_en_ligne,voiture,17,1,2,0.0,1,aucune,oui,aucun,161.53,0,161.53,nouveau,0,0,1.0,1,0,0,0,0,AG013,1,0,1,0,0,0.0,1,2.0,2.0,0,80.765,161.53,0.0,1,-1.0,1,3,3,1.0,6.123233995736766e-17,2.8903717578961645,17.0,1,0.0,2.8903717578961645,0.0,0.0,2.8903717578961645,2.8903717578961645,0.894556127817467,1.0343215726451942,1,0.4162354249408218,1,vrai positif
R002307,2025-03-09,2025-05-22,Veneto,Venezia,urbaine_littorale,VEN-5-3,5,solo,Europe_Ouest,agence,avion_direct,74,6,1,0.0,1,aucune,oui,partiel,281.59,1,1672.64,fidele,10,1,0.0,1,0,0,1,0,AG015,0,0,0,0,0,0.1,0,1.0,1.0,0,1672.64,278.77333333333337,1.0,1,0.0,0,5,3,0.49999999999999994,-0.8660254037844387,4.31748811353631,12.333333333333334,1,4.31748811353631,4.31748811353631,0.0,1.0,4.31748811353631,0.0,1.0891544828653206,1.114744363729934,0,0.3939519768031854,1,faux positif
R002415,2025-03-09,2025-03-17,Campania,Napoli,urbaine_cotiere,CAM-4-2,4,affaires,Europe_Centrale,entreprise,avion_correspondance,8,1,2,0.0,1,demi_pension,non,total,118.14,10,106.33,fidele,5,1,0.0,0,0,0,0,0,DIRECT,0,0,0,1,1,0.2,0,2.0,2.0,0,53.165,106.33,2.0,0,2.0,0,3,3,1.0,6.123233995736766e-17,2.1972245773362196,8.0,0,4.394449154672439,0.0,2.1972245773362196,0.0,0.0,0.0,0.6176447523199582,0.7559992320982913,0,0.08957409120174131,0,vrai négatif
R002603,2025-03-09,2025-03-23,Veneto,Venezia,urbaine_littorale,VEN-4-2,4,loisirs_couple,Italie,site_hotel,voiture,14,5,2,0.0,1,petit_dejeuner,oui,aucun,231.99,11,1032.36,nouveau,0,0,0.0,0,0,0,0,0,DIRECT,0,0,0,0,1,0.0,1,2.0,2.0,0,516.18,206.47199999999998,0.0,1,-1.0,1,3,3,1.0,6.123233995736766e-17,2.70805020110221,2.8,0,0.0,2.70805020110221,2.70805020110221,0.0,0.0,0.0,1.0265952739180457,1.3072068518622866,0,0.2531963411749111,1,faux positif
R003246,2025-03-09,2025-04-27,Liguria,Genova,littorale,LIG-4-3,4,solo,Europe_Ouest,site_hotel,train,49,5,1,0.0,1,petit_dejeuner,oui,total,174.62,8,803.25,nouveau,0,0,1.0,0,11,0,0,0,DIRECT,0,0,0,0,1,0.0,1,1.0,1.0,0,803.25,160.65,2.0,1,1.0,0,4,3,0.8660254037844387,-0.4999999999999998,3.912023005428146,9.8,0,7.824046010856292,3.912023005428146,3.912023005428146,2.0,0.0,3.912023005428146,1.0073262186328238,1.1844265074950824,0,0.08870151297906222,0,vrai négatif
R005332,2025-03-09,2025-04-13,Lazio,Roma,urbaine_culturelle,LAZ-4-2,4,loisirs_couple,Ameriques,entreprise,avion_direct,35,7,2,0.0,1,demi_pension,oui,partiel,321.51,13,1958.0,nouveau,0,0,1.0,0,0,1,1,0,DIRECT,0,0,0,0,1,0.0,1,2.0,2.0,0,979.0,279.7142857142857,1.0,1,0.0,0,4,3,0.8660254037844387,-0.4999999999999998,3.58351893845611,5.0,0,3.58351893845611,3.58351893845611,3.58351893845611,1.0,0.0,3.58351893845611,1.5865284974093263,1.32979009409575,0,0.12184034546821787,0,vrai négatif
R006031,2025-03-09,2025-04-22,Veneto,Venezia,urbaine_littorale,VEN-5-1,5,loisirs_couple,Europe_Centrale,plateforme_en_ligne,train,44,2,2,0.0,1,demi_pension,non,total,280.05,2,548.9,nouveau,0,0,1.0,0,0,0,1,0,AG008,0,0,0,0,0,0.0,1,2.0,2.0,0,274.45,274.45,2.0,0,2.0,0,4,3,0.8660254037844387,-0.4999999999999998,3.8066624897703196,22.0,0,7.613324979540639,0.0,0.0,0.0,0.0,3.8066624897703196,1.035917733224828,1.0879108072410846,0,0.14941616773880767,0,vrai négatif
R009463,2025-03-09,2025-04-24,Sardegna,Cagliari,insulaire_balneaire,SAR-4-2,4,solo,Italie,agence,avion_correspondance,46,9,1,0.0,1,aucune,oui,aucun,173.26,6,1465.78,nouveau,0,0,2.0,0,0,0,0,0,AG026,0,0,0,0,0,0.0,1,1.0,1.0,0,1465.78,162.86444444444444,0.0,1,-1.0,1,4,3,0.8660254037844387,-0.4999999999999998,3.8501476017100584,5.111111111111111,0,0.0,3.8501476017100584,0.0,0.0,0.0,7.700295203420117,0.9281609391918846,0.857419582891481,0,0.3541635249557013,1,faux positif
R000920,2025-03-10,2025-03-20,Lazio,Roma,urbaine_culturelle,LAZ-4-3,4,groupe,Asie_Pacifique,plateforme_en_ligne,voiture,10,2,5,0.0,2,petit_dejeuner,non,partiel,186.06,5,707.03,fidele,9,1,0.0,0,0,1,0,0,AG029,0,0,0,0,0,0.1111111111111111,0,5.0,2.5,0,141.406,353.515,1.0,0,1.0,0,3,3,1.0,6.123233995736766e-17,2.3978952727983707,5.0,0,2.3978952727983707,0.0,0.0,0.0,0.0,0.0,0.9008424518253122,1.090429584481041,0,0.20861651700475145,0,vrai négatif
R002608,2025-03-10,2025-05-23,Toscana,Firenze,culturelle_rurale,TOS-4-2,4,famille,Europe_Ouest,entreprise,voiture,74,7,2,1.0,1,demi_pension,oui,partiel,292.97,17,1702.16,nouveau,0,0,1.0,0,0,0,1,1,DIRECT,0,0,0,0,1,0.0,1,3.0,3.0,1,567.3866666666667,243.1657142857143,1.0,1,0.0,0,5,3,0.49999999999999994,-0.8660254037844387,4.31748811353631,10.571428571428571,0,4.31748811353631,4.31748811353631,4.31748811353631,1.0,0.0,4.31748811353631,1.4741370635000504,1.382259966973343,0,0.16484733352010875,0,vrai négatif
R002710,2025-03-10,2025-04-08,Trentino-Alto_Adige,Bolzano,montagne,TRE-4-2,4,solo,Italie,agence,voiture,29,5,1,1.0,1,demi_pension,oui,aucun,154.32,0,771.6,nouveau,0,0,1.0,1,0,0,0,0,AG041,1,0,0,0,0,0.0,1,2.0,2.0,1,385.8,154.32,0.0,1,-1.0,1,4,3,0.8660254037844387,-0.4999999999999998,3.4011973816621555,5.8,1,0.0,3.4011973816621555,0.0,0.0,3.4011973816621555,3.4011973816621555,0.8191952436564391,0.8984106654246957,1,0.39537571377076086,1,vrai positif
R003013,2025-03-10,2025-04-15,Trentino-Alto_Adige,Bolzano,montagne,TRE-4-2,4,loisirs_couple,Europe_Ouest,plateforme_en_ligne,voiture,36,6,2,0.0,1,demi_pension,oui,aucun,207.56,4,1195.55,fidele,5,0,2.0,1,0,0,0,0,AG035,0,0,0,0,0,0.0,0,2.0,2.0,0,597.775,199.25833333333333,0.0,1,-1.0,1,4,3,0.8660254037844387,-0.4999999999999998,3.6109179126442243,6.0,1,0.0,3.6109179126442243,0.0,0.0,3.6109179126442243,7.221835825288449,1.1018154793502495,1.2083600163008674,0,0.32723417343723565,1,faux positif
R003510,2025-03-10,2025-05-24,Trentino-Alto_Adige,Bolzano,montagne,TRE-5-3,5,groupe,Europe_Centrale,site_hotel,voiture,75,3,3,0.0,3,petit_dejeuner,non,aucun,197.39,12,1563.33,nouveau,0,0,0.0,0,0,0,0,1,DIRECT,1,0,0,0,1,0.0,1,3.0,1.0,0,521.11,521.11,0.0,0,0.0,0,5,3,0.49999999999999994,-0.8660254037844387,4.330733340286331,25.0,0,0.0,0.0,4.330733340286331,0.0,0.0,0.0,0.8944220399655625,1.2329169269206746,1,0.3506915242549083,1,vrai positif
R006474,2025-03-10,2025-07-19,Trentino-Alto_Adige,Bolzano,montagne,TRE-5-1,5,loisirs_couple,Europe_Centrale,plateforme_en_ligne,voiture,131,2,2,0.0,1,petit_dejeuner,oui,aucun,381.31,2,747.37,nouveau,0,0,1.0,0,15,0,1,1,AG031,1,0,0,0,0,0.0,1,2.0,2.0,0,373.685,373.685,0.0,1,-1.0,1,7,3,-0.4999999999999997,-0.8660254037844388,4.882801922586371,65.5,0,0.0,4.882801922586371,0.0,0.0,0.0,4.882801922586371,1.7217619036868128,1.7829888712241653,1,0.4523842794000933,1,vrai positif
R007748,2025-03-10,2025-03-30,Lombardia,Milano,affaires_lacs,LOM-5-3,5,famille,Europe_Ouest,site_hotel,avion_direct,20,4,2,1.0,1,petit_dejeuner,non,partiel,182.97,7,680.65,nouveau,0,0,0.0,1,0,1,0,0,DIRECT,1,0,0,0,1,0.0,1,3.0,3.0,1,226.88333333333333,170.1625,1.0,0,1.0,0,3,3,1.0,6.123233995736766e-17,3.044522437723423,5.0,1,3.044522437723423,0.0,3.044522437723423,0.0,3.044522437723423,0.0,0.673129276727246,0.9041359885358502,1,0.16013476112813085,0,faux négatif
R008834,2025-03-10,2025-04-13,Toscana,Firenze,culturelle_rurale,TOS-4-2,4,loisirs_couple,Italie,telephone,voiture,34,6,2,0.0,1,petit_dejeuner,non,total,254.4800724637681,8,1404.73,nouveau,0,0,0.0,0,0,1,1,0,DIRECT,0,1,0,0,1,0.0,1,2.0,2.0,0,702.365,234.12166666666667,2.0,0,2.0,0,4,3,0.8660254037844387,-0.4999999999999998,3.5553480614894135,5.666666666666667,0,7.110696122978827,0.0,3.5553480614894135,0.0,0.0,0.0,1.280467306348838,1.0905042529300997,0,0.07343081711714947,0,vrai négatif
R008903,2025-03-10,2025-03-25,Lazio,Roma,urbaine_culturelle,LAZ-4-2,4,loisirs_couple,Europe_Centrale,site_hotel,avion_direct,15,2,2,0.0,1,demi_pension,non,total,130.84,3,253.83,nouveau,0,0,0.0,1,0,0,0,0,DIRECT,0,0,0,0,1,0.0,1,2.0,2.0,0,126.915,126.915,2.0,0,2.0,0,3,3,1.0,6.123233995736766e-17,2.772588722239781,7.5,1,5.545177444479562,0.0,2.772588722239781,0.0,2.772588722239781,0.0,0.6456452010856156,0.7668053683408546,0,0.09141896653485385,0,vrai négatif
R002559,2025-03-11,2025-06-07,Puglia,Bari,balneaire_rurale,PUG-3-3,3,loisirs_couple,Europe_Ouest,agence,voiture,88,6,2,0.0,1,aucune,non,total,157.76,4,908.7,nouveau,0,0,1.0,1,0,1,1,1,AG033,1,0,0,0,0,0.0,1,2.0,2.0,0,454.35,151.45000000000002,2.0,0,2.0,0,6,3,1.2246467991473532e-16,-1.0,4.48863636973214,14.666666666666666,1,8.97727273946428,0.0,0.0,0.0,4.48863636973214,4.48863636973214,1.1316261387274944,0.938488994646044,1,0.12656595826723602,0,faux négatif
R002725,2025-03-11,2025-03-26,Liguria,Genova,littorale,LIG-4-1,4,famille,Europe_Centrale,plateforme_en_ligne,voiture,15,4,2,2.0,1,demi_pension,oui,partiel,168.91,8,621.59,nouveau,0,0,3.0,0,0,0,0,0,AG005,1,0,0,0,0,0.0,1,4.0,4.0,1,155.3975,155.3975,1.0,1,0.0,0,3,3,1.0,6.123233995736766e-17,2.772588722239781,3.75,0,2.772588722239781,2.772588722239781,0.0,1.0,0.0,8.317766166719343,0.9354267043251925,1.0815777678171223,1,0.19943031052994958,0,faux négatif
R004485,2025-03-11,2025-03-21,Puglia,Bari,balneaire_rurale,PUG-3-2,3,solo,Ameriques,plateforme_en_ligne,voiture,10,7,1,0.0,1,demi_pension,oui,partiel,130.86,5,870.22,nouveau,0,0,1.0,1,0,0,0,1,AG005,1,0,0,0,0,0.0,1,1.0,1.0,0,870.22,124.31714285714285,1.0,1,0.0,0,3,3,1.0,6.123233995736766e-17,2.3978952727983707,1.4285714285714286,1,2.3978952727983707,2.3978952727983707,0.0,1.0,2.3978952727983707,2.3978952727983707,0.9467515554912459,0.9375940388335604,1,0.3013014087457047,1,vrai positif
R004617,2025-03-11,2025-04-04,Lazio,Roma,urbaine_culturelle,LAZ-4-1,4,loisirs_couple,Autres,plateforme_en_ligne,voiture,24,3,2,0.0,1,aucune,oui,aucun,297.33,6,838.47,fidele,4,1,0.0,0,0,1,1,1,AG021,1,0,0,0,0,0.25,0,2.0,2.0,0,419.235,279.49,0.0,1,-1.0,1,4,3,0.8660254037844387,-0.4999999999999998,3.2188758248682006,8.0,0,0.0,3.2188758248682006,0.0,0.0,0.0,0.0,1.4557873090481785,1.2297797539034225,1,0.46598725047627165,1,vrai positif
R004698,2025-03-11,2025-03-21,Lazio,Roma,urbaine_culturelle,LAZ-4-2,4,affaires,Ameriques,entreprise,voiture,10,3,2,0.0,1,aucune,non,total,208.88,12,551.44,nouveau,0,0,1.0,0,0,0,0,1,DIRECT,0,0,0,0,1,0.0,1,2.0,2.0,0,275.72,183.81333333333336,2.0,0,2.0,0,3,3,1.0,6.123233995736766e-17,2.3978952727983707,3.3333333333333335,0,4.795790545596741,0.0,2.3978952727983707,0.0,0.0,2.3978952727983707,1.0307426597582037,1.2241692551134034,0,0.05413406275215922,0,vrai négatif
R005043,2025-03-11,2025-04-23,Toscana,Firenze,culturelle_rurale,TOS-4-1,4,famille,Italie,site_hotel,voiture,43,5,2,2.0,1,petit_dejeuner,non,partiel,278.14,6,1307.26,fidele,12,1,1.0,0,0,1,1,0,DIRECT,0,0,0,0,1,0.08333333333333333,0,4.0,4.0,1,326.815,261.452,1.0,0,1.0,0,4,3,0.8660254037844387,-0.4999999999999998,3.784189633918261,8.6,0,3.784189633918261,0.0,3.784189633918261,0.0,0.0,3.784189633918261,1.217055493014477,1.1918923551594103,0,0.10752769325339892,0,vrai négatif
R006231,2025-03-11,2025-04-26,Trentino-Alto_Adige,Bolzano,montagne,TRE-3-3,3,famille,Europe_Ouest,agence,avion_direct,46,6,2,1.0,1,petit_dejeuner,non,total,164.18,0,985.08,fidele,1,0,3.0,0,4,0,0,1,AG036,0,0,0,0,0,0.0,0,3.0,3.0,1,328.36,164.18,2.0,0,2.0,0,4,3,0.8660254037844387,-0.4999999999999998,3.8501476017100584,7.666666666666667,0,7.700295203420117,0.0,0.0,0.0,0.0,11.550442805130174,1.0632731040735703,0.955813005763521,0,0.08800278015145274,0,vrai négatif
R006274,2025-03-11,2025-04-04,Liguria,Genova,littorale,LIG-4-3,4,affaires,Europe_Centrale,plateforme_en_ligne,voiture,24,2,2,0.0,1,aucune,non,aucun,143.22,2,280.71,entreprise,10,2,2.0,1,0,0,0,1,AG024,0,0,0,0,0,0.2,0,2.0,2.0,0,140.355,140.355,0.0,0,0.0,0,4,3,0.8660254037844387,-0.4999999999999998,3.2188758248682006,12.0,1,0.0,0.0,0.0,0.0,3.2188758248682006,6.437751649736401,0.8261897894433228,0.9714440751543104,0,0.1936512695895946,0,vrai négatif
R007713,2025-03-11,2025-06-20,Lombardia,Milano,affaires_lacs,LOM-3-2,3,groupe,Europe_Ouest,plateforme_en_ligne,train,101,3,6,0.0,3,aucune,non,partiel,194.73,5,1664.94,nouveau,0,0,1.0,0,0,0,0,1,AG044,1,0,0,0,0,0.0,1,6.0,2.0,0,277.49,554.98,1.0,0,1.0,0,6,3,1.2246467991473532e-16,-1.0,4.624972813284271,33.666666666666664,0,4.624972813284271,0.0,0.0,0.0,0.0,4.624972813284271,1.018702100389736,0.9091036414565825,1,0.33299547112186156,1,vrai positif
R008909,2025-03-11,2025-03-29,Veneto,Venezia,urbaine_littorale,VEN-3-1,3,famille,Ameriques,plateforme_en_ligne,avion_direct,18,4,2,2.0,1,aucune,oui,partiel,152.66,2,598.43,fidele,6,1,1.0,0,0,0,0,1,AG011,0,0,0,0,0,0.16666666666666666,0,4.0,4.0,1,149.6075,149.6075,1.0,1,0.0,0,3,3,1.0,6.123233995736766e-17,2.9444389791664403,4.5,0,2.9444389791664403,2.9444389791664403,0.0,1.0,0.0,2.9444389791664403,0.7773110313399018,0.860201724235082,0,0.3082255566939304,1,faux positif
R009027,2025-03-11,2025-06-27,Liguria,Genova,littorale,LIG-3-3,3,loisirs_couple,Europe_Ouest,site_hotel,voiture,108,5,2,0.0,1,aucune,oui,aucun,247.86,8,1140.16,fidele,8,1,0.0,1,0,0,1,1,DIRECT,1,0,0,0,1,0.125,0,2.0,2.0,0,570.08,228.032,0.0,1,-1.0,1,6,3,1.2246467991473532e-16,-1.0,4.6913478822291435,21.6,1,0.0,4.6913478822291435,4.6913478822291435,0.0,4.6913478822291435,0.0,1.5702248970541655,1.3111857592509322,1,0.39532890139611504,1,vrai positif
R001197,2025-03-12,2025-04-24,Lazio,Roma,urbaine_culturelle,LAZ-4-2,4,loisirs_couple,Europe_Ouest,entreprise,train,43,2,2,0.0,1,petit_dejeuner,non,total,244.04,11,434.39,fidele,12,2,1.0,0,0,0,1,0,DIRECT,0,0,0,0,1,0.16666666666666666,0,2.0,2.0,0,217.195,217.195,2.0,0,2.0,0,4,3,0.8660254037844387,-0.4999999999999998,3.784189633918261,21.5,0,7.568379267836522,0.0,3.784189633918261,0.0,0.0,3.784189633918261,1.2042437700468789,1.009368214248785,0,0.04094286812336233,0,vrai négatif
R001739,2025-03-12,2025-04-09,Campania,Napoli,urbaine_cotiere,CAM-5-2,5,affaires,Italie,plateforme_en_ligne,avion_direct,28,3,2,0.0,1,petit_dejeuner,non,total,199.35,4,574.13,nouveau,0,0,2.0,0,0,0,1,0,AG021,0,0,0,0,0,0.0,1,2.0,2.0,0,287.065,191.37666666666667,2.0,0,2.0,0,4,3,0.8660254037844387,-0.4999999999999998,3.367295829986474,9.333333333333334,0,6.734591659972948,0.0,0.0,0.0,0.0,6.734591659972948,0.9557025744283043,0.9863440700608579,0,0.12026250338851657,0,vrai négatif
R002105,2025-03-12,2025-04-25,Sicilia,Palermo,insulaire_mixte,SIC-4-3,4,groupe,Italie,agence,avion_direct,44,5,6,0.0,3,aucune,non,partiel,157.88,6,2226.11,nouveau,0,0,0.0,1,0,0,0,1,AG007,1,0,0,0,0,0.0,1,6.0,2.0,0,371.0183333333334,445.22200000000004,1.0,0,1.0,0,4,3,0.8660254037844387,-0.4999999999999998,3.8066624897703196,8.8,1,3.8066624897703196,0.0,0.0,0.0,3.8066624897703196,0.0,0.9472610547789043,1.088414739236841,1,0.2723353806812273,1,vrai positif
R002356,2025-03-12,2025-09-24,Trentino-Alto_Adige,Bolzano,montagne,TRE-4-1,4,solo,Europe_Ouest,site_hotel,voiture,196,2,1,0.0,1,aucune,oui,aucun,186.78,6,351.15,nouveau,0,0,1.0,0,0,0,0,0,DIRECT,1,0,0,0,1,0.0,1,1.0,1.0,0,351.15,175.575,0.0,1,-1.0,1,9,3,-1.0,-1.8369701987210297e-16,5.2832037287379885,98.0,0,0.0,5.2832037287379885,5.2832037287379885,0.0,0.0,5.2832037287379885,0.9337365960956833,1.1910470603239383,1,0.44454159944691674,1,vrai positif
R004442,2025-03-12,2025-04-03,Veneto,Venezia,urbaine_littorale,VEN-5-3,5,loisirs_couple,Italie,site_hotel,voiture,22,2,2,0.0,1,petit_dejeuner,non,partiel,270.96,5,514.82,nouveau,0,0,0.0,0,0,0,1,0,DIRECT,0,0,0,0,1,0.0,1,2.0,2.0,0,257.41,257.41,1.0,0,1.0,0,4,3,0.8660254037844387,-0.4999999999999998,3.1354942159291497,11.0,0,3.1354942159291497,0.0,3.1354942159291497,0.0,0.0,0.0,1.048038988164307,1.0525988656670031,0,0.17232852428819984,0,vrai négatif
R006828,2025-03-12,2025-04-25,Trentino-Alto_Adige,Bolzano,montagne,TRE-4-1,4,loisirs_couple,Italie,plateforme_en_ligne,voiture,44,3,2,0.0,1,petit_dejeuner,oui,aucun,130.43,7,363.9,nouveau,0,0,0.0,0,0,0,0,1,AG011,0,0,0,0,0,0.0,1,2.0,2.0,0,181.95,121.3,0.0,1,-1.0,1,4,3,0.8660254037844387,-0.4999999999999998,3.8066624897703196,14.666666666666666,0,0.0,3.8066624897703196,0.0,0.0,0.0,0.0,0.6520358937185993,0.7593293357396519,0,0.4171326600898434,1,faux positif
R007110,2025-03-12,2025-04-08,Toscana,Firenze,culturelle_rurale,TOS-4-1,4,affaires,Asie_Pacifique,entreprise,voiture,27,2,2,0.0,1,petit_dejeuner,oui,aucun,249.96,9,454.93,fidele,4,0,1.0,0,0,0,1,0,DIRECT,0,0,0,0,1,0.0,0,2.0,2.0,0,227.465,227.465,0.0,1,-1.0,1,4,3,0.8660254037844387,-0.4999999999999998,3.332204510175204,13.5,0,0.0,3.332204510175204,3.332204510175204,0.0,0.0,3.332204510175204,1.0937484397565926,1.071134727459719,0,0.17291729735226247,0,vrai négatif
R007258,2025-03-12,2025-03-26,Lombardia,Milano,affaires_lacs,LOM-5-3,5,loisirs_couple,Europe_Centrale,telephone,train,14,5,2,1.0,1,aucune,oui,partiel,219.92,1,1088.6,nouveau,0,0,2.0,0,0,0,0,0,DIRECT,0,0,0,0,1,0.0,1,3.0,3.0,1,362.8666666666666,217.71999999999997,1.0,1,0.0,0,3,3,1.0,6.123233995736766e-17,2.70805020110221,2.8,0,2.70805020110221,2.70805020110221,2.70805020110221,1.0,0.0,5.41610040220442,0.8090648223088809,1.086722340267826,0,0.18237585588185562,0,vrai négatif
R007379,2025-03-12,2025-04-14,Campania,Napoli,urbaine_cotiere,CAM-4-3,4,solo,Europe_Ouest,plateforme_en_ligne,train,33,6,1,0.0,1,pension_complete,oui,aucun,200.1,8,1104.55,nouveau,0,0,0.0,0,0,0,1,0,AG030,0,0,0,0,0,0.0,1,1.0,1.0,0,1104.55,184.09166666666667,0.0,1,-1.0,1,4,3,0.8660254037844387,-0.4999999999999998,3.5263605246161616,5.5,0,0.0,3.5263605246161616,0.0,0.0,0.0,0.0,1.0765588852423738,0.9900549205877986,0,0.39836575269394076,1,faux positif
R007619,2025-03-12,2025-04-01,Toscana,Firenze,culturelle_rurale,TOS-3-2,3,famille,Italie,site_hotel,train,20,6,2,2.0,1,petit_dejeuner,non,partiel,242.04,2,1423.2,fidele,4,0,1.0,0,0,1,1,0,DIRECT,0,0,0,0,1,0.0,0,4.0,4.0,1,355.8,237.20000000000002,1.0,0,1.0,0,4,3,0.8660254037844387,-0.4999999999999998,3.044522437723423,3.3333333333333335,0,3.044522437723423,0.0,3.044522437723423,0.0,0.0,3.044522437723423,1.3728871242200793,1.0371957490572505,0,0.1368475410010888,0,vrai négatif
R009444,2025-03-12,2025-06-19,Liguria,Genova,littorale,LIG-4-1,4,solo,Ameriques,plateforme_en_ligne,train,99,5,1,0.0,1,demi_pension,oui,partiel,184.56,0,922.8,nouveau,0,0,2.0,0,8,0,1,0,AG043,0,0,0,0,0,0.0,1,1.0,1.0,0,922.8,184.56,1.0,1,0.0,0,6,3,1.2246467991473532e-16,-1.0,4.605170185988092,19.8,0,4.605170185988092,4.605170185988092,0.0,1.0,0.0,9.210340371976184,1.0220966938029574,0.9763271351866055,0,0.28449517857283696,1,faux positif
R000695,2025-03-13,2025-04-06,Lombardia,Milano,affaires_lacs,LOM-4-2,4,loisirs_couple,Europe_Ouest,site_hotel,voiture,24,4,2,0.0,1,aucune,oui,aucun,370.64,5,1408.43,nouveau,0,0,1.0,0,0,0,1,0,DIRECT,0,0,0,0,1,0.0,1,2.0,2.0,0,704.215,352.1075,0.0,1,-1.0,1,4,3,0.8660254037844387,-0.4999999999999998,3.2188758248682006,6.0,0,0.0,3.2188758248682006,3.2188758248682006,0.0,0.0,3.2188758248682006,1.6538307081343981,1.4037001268723133,0,0.24561493769755016,1,faux positif
R001964,2025-03-13,2025-07-19,Trentino-Alto_Adige,Bolzano,montagne,TRE-3-1,3,groupe,Asie_Pacifique,agence,voiture,128,4,3,0.0,4,demi_pension,non,total,259.34986413043475,8,3817.63,nouveau,0,0,1.0,0,0,1,1,1,AG041,0,1,0,0,0,0.0,1,3.0,0.75,0,1272.5433333333333,954.4075,2.0,0,2.0,0,7,3,-0.4999999999999997,-0.8660254037844388,4.859812404361672,32.0,0,9.719624808723344,0.0,0.0,0.0,0.0,4.859812404361672,1.6124210521336364,1.2127086137212884,0,0.1200570177913806,0,vrai négatif
R002315,2025-03-13,2025-03-28,Liguria,Genova,littorale,LIG-3-3,3,loisirs_couple,Italie,plateforme_en_ligne,voiture,15,2,2,0.0,1,petit_dejeuner,non,partiel,156.28,0,312.56,entreprise,3,0,0.0,0,0,0,0,1,AG042,0,0,1,0,0,0.0,0,2.0,2.0,0,156.28,156.28,1.0,0,1.0,0,3,3,1.0,6.123233995736766e-17,2.772588722239781,7.5,0,2.772588722239781,0.0,0.0,0.0,0.0,0.0,0.990053848590434,1.0007043606326438,0,0.18584359954210308,0,vrai négatif
R003471,2025-03-13,2025-04-03,Lombardia,Milano,affaires_lacs,LOM-3-1,3,loisirs_couple,Europe_Ouest,telephone,avion_direct,21,4,2,0.0,1,petit_dejeuner,oui,aucun,264.16,0,1056.64,nouveau,0,0,0.0,1,0,1,1,0,DIRECT,1,0,0,0,1,0.0,1,2.0,2.0,0,528.32,264.16,0.0,1,-1.0,1,4,3,0.8660254037844387,-0.4999999999999998,3.091042453358316,5.25,1,0.0,3.091042453358316,3.091042453358316,0.0,3.091042453358316,0.0,1.351305726782106,1.0004355318222273,1,0.3509221136988597,1,vrai positif
R004072,2025-03-13,2025-04-23,Toscana,Firenze,culturelle_rurale,TOS-4-3,4,famille,Europe_Ouest,site_hotel,avion_direct,41,3,2,2.0,1,petit_dejeuner,non,partiel,203.75,12,537.9,fidele,1,0,1.0,0,0,0,1,0,DIRECT,1,0,0,0,1,0.0,0,4.0,4.0,1,134.475,179.29999999999998,1.0,0,1.0,0,4,3,0.8660254037844387,-0.4999999999999998,3.7376696182833684,13.666666666666666,0,3.7376696182833684,0.0,3.7376696182833684,0.0,0.0,3.7376696182833684,1.0029781683034287,0.8731145011998628,1,0.11231902875500331,0,faux négatif
R009790,2025-03-13,2025-03-20,Lombardia,Milano,affaires_lacs,LOM-4-3,4,loisirs_couple,Ameriques,plateforme_en_ligne,avion_direct,7,7,2,0.0,1,demi_pension,non,total,476.24,6,3133.66,fidele,8,1,1.0,0,9,0,0,0,AG016,0,0,0,0,0,0.125,0,2.0,2.0,0,1566.83,447.6657142857143,2.0,0,2.0,0,3,3,1.0,6.123233995736766e-17,2.0794415416798357,1.0,0,4.1588830833596715,0.0,0.0,0.0,0.0,2.0794415416798357,2.147837459973842,2.353313238128181,0,0.08361670847281795,0,vrai négatif
R000615,2025-03-14,2025-06-10,Trentino-Alto_Adige,Bolzano,montagne,TRE-4-2,4,loisirs_couple,Europe_Ouest,site_hotel,voiture,88,7,2,0.0,1,aucune,oui,aucun,187.35,4,1258.99,nouveau,0,0,2.0,0,0,0,0,0,DIRECT,0,0,0,0,1,0.0,1,2.0,2.0,0,629.495,179.8557142857143,0.0,1,-1.0,1,6,3,1.2246467991473532e-16,-1.0,4.48863636973214,12.571428571428571,0,0.0,4.48863636973214,4.48863636973214,0.0,0.0,8.97727273946428,0.9945323282726404,1.213013920362577,0,0.27828969296415407,1,faux positif
R001830,2025-03-14,2025-04-28,Puglia,Bari,balneaire_rurale,PUG-4-1,4,loisirs_couple,Europe_Ouest,entreprise,avion_direct,45,4,2,0.0,1,petit_dejeuner,oui,aucun,130.66964285714286,16,439.05,nouveau,0,0,1.0,0,0,0,0,0,DIRECT,0,1,0,0,1,0.0,1,2.0,2.0,0,219.525,109.7625,0.0,1,-1.0,1,4,3,0.8660254037844387,-0.4999999999999998,3.828641396489095,11.25,0,0.0,3.828641396489095,3.828641396489095,0.0,0.0,3.828641396489095,0.7897355424703424,1.030924204001127,0,0.14743074393463595,0,vrai négatif
R001975,2025-03-14,2025-06-12,Trentino-Alto_Adige,Bolzano,montagne,TRE-4-1,4,famille,Europe_Ouest,site_hotel,voiture,90,5,2,1.0,1,petit_dejeuner,oui,partiel,136.36,9,620.44,nouveau,0,0,1.0,1,0,0,0,0,DIRECT,0,0,0,0,1,0.0,1,3.0,3.0,1,206.81333333333336,124.08800000000001,1.0,1,0.0,0,6,3,1.2246467991473532e-16,-1.0,4.51085950651685,18.0,1,4.51085950651685,4.51085950651685,4.51085950651685,1.0,4.51085950651685,4.51085950651685,0.6816807058764717,0.8828747167368082,0,0.25851130051909477,1,faux positif
R006138,2025-03-14,2025-04-05,Lazio,Roma,urbaine_culturelle,LAZ-3-2,3,solo,Italie,agence,voiture,22,2,1,0.0,1,petit_dejeuner,oui,partiel,232.36,4,446.13,nouveau,0,0,1.0,0,0,1,1,1,AG039,1,0,0,0,0,0.0,1,1.0,1.0,0,446.13,223.065,1.0,1,0.0,0,4,3,0.8660254037844387,-0.4999999999999998,3.1354942159291497,11.0,0,3.1354942159291497,3.1354942159291497,0.0,1.0,0.0,3.1354942159291497,1.353724256459553,0.9610588356943439,1,0.258955102228515,1,vrai positif
R008220,2025-03-14,2025-03-20,Trentino-Alto_Adige,Bolzano,montagne,TRE-4-3,4,affaires,Italie,site_hotel,voiture,6,2,2,0.0,1,aucune,non,total,206.44,2,404.62,nouveau,0,0,0.0,1,0,0,0,0,DIRECT,0,0,0,0,1,0.0,1,2.0,2.0,0,202.31,202.31,2.0,0,2.0,0,3,3,1.0,6.123233995736766e-17,1.9459101490553132,3.0,1,3.8918202981106265,0.0,1.9459101490553132,0.0,1.9459101490553132,0.0,1.1121945963418904,1.2398054170920665,0,0.08291464292392806,0,vrai négatif
R009400,2025-03-14,2025-05-11,Toscana,Firenze,culturelle_rurale,TOS-5-3,5,famille,Europe_Ouest,plateforme_en_ligne,train,58,7,2,2.0,1,aucune,oui,aucun,244.99,6,1612.03,nouveau,0,0,2.0,0,0,1,1,0,AG028,0,0,0,0,0,0.0,1,4.0,4.0,1,403.0075,230.29,0.0,1,-1.0,1,5,3,0.49999999999999994,-0.8660254037844387,4.07753744390572,8.285714285714286,0,0.0,4.07753744390572,0.0,0.0,0.0,8.15507488781144,1.0244198201965293,1.1558858221278605,0,0.42049364514534354,1,faux positif
R009612,2025-03-14,2025-05-14,Campania,Napoli,urbaine_cotiere,CAM-3-2,3,famille,Italie,plateforme_en_ligne,avion_direct,61,4,2,1.0,1,petit_dejeuner,oui,aucun,136.34,0,545.36,fidele,12,2,1.0,1,0,0,1,0,AG035,0,0,0,0,0,0.16666666666666666,0,3.0,3.0,1,181.78666666666666,136.34,0.0,1,-1.0,1,5,3,0.49999999999999994,-0.8660254037844387,4.127134385045092,15.25,1,0.0,4.127134385045092,0.0,0.0,4.127134385045092,4.127134385045092,0.7984773060029283,0.6963939115333537,0,0.40862342926159423,1,faux positif
R001184,2025-03-15,2025-05-21,Lazio,Roma,urbaine_culturelle,LAZ-3-1,3,loisirs_couple,Europe_Ouest,plateforme_en_ligne,voiture,67,4,2,0.0,1,aucune,oui,partiel,178.95,2,701.48,fidele,3,0,0.0,0,0,0,1,0,AG018,0,0,0,0,0,0.0,0,2.0,2.0,0,350.74,175.37,1.0,1,0.0,0,5,3,0.49999999999999994,-0.8660254037844387,4.219507705176107,16.75,0,4.219507705176107,4.219507705176107,0.0,1.0,0.0,0.0,1.040104620749782,0.7063908735641258,0,0.30093097978503996,1,faux positif
R005011,2025-03-15,2025-04-21,Puglia,Bari,balneaire_rurale,PUG-4-1,4,famille,Italie,site_hotel,avion_direct,37,7,2,0.0,1,petit_dejeuner,non,total,121.55,9,774.27,nouveau,0,0,1.0,1,0,0,0,0,DIRECT,0,0,1,0,1,0.0,1,2.0,2.0,0,387.135,110.61,2.0,0,2.0,0,4,3,0.8660254037844387,-0.4999999999999998,3.6375861597263857,5.285714285714286,1,7.275172319452771,0.0,3.6375861597263857,0.0,3.6375861597263857,3.6375861597263857,0.7346186389459688,0.9589743589743589,0,0.0996682876875234,0,vrai négatif
R007721,2025-03-15,2025-05-07,Campania,Napoli,urbaine_cotiere,CAM-4-2,4,solo,Italie,plateforme_en_ligne,train,53,2,1,0.0,1,petit_dejeuner,oui,aucun,233.32,1,461.97,fidele,7,1,1.0,0,0,0,1,0,AG039,0,0,0,0,0,0.14285714285714285,0,1.0,1.0,0,461.97,230.985,0.0,1,-1.0,1,5,3,0.49999999999999994,-0.8660254037844387,3.9889840465642745,26.5,0,0.0,3.9889840465642745,0.0,0.0,0.0,3.9889840465642745,1.2198144033459677,1.1917458371641638,0,0.4389299372144459,1,faux positif
R008000,2025-03-15,2025-04-11,Lazio,Roma,urbaine_culturelle,LAZ-4-1,4,affaires,Autres,entreprise,avion_direct,27,3,2,0.0,1,demi_pension,oui,partiel,253.93,7,708.46,entreprise,6,1,1.0,0,0,0,1,1,DIRECT,0,0,0,0,1,0.16666666666666666,0,2.0,2.0,0,354.23,236.15333333333334,1.0,1,0.0,0,4,3,0.8660254037844387,-0.4999999999999998,3.332204510175204,9.0,0,3.332204510175204,3.332204510175204,3.332204510175204,1.0,0.0,3.332204510175204,1.243292205248727,1.0502740150966807,0,0.1427207240358967,0,vrai négatif
R000344,2025-03-16,2025-03-27,Liguria,Genova,littorale,LIG-4-1,4,affaires,Italie,entreprise,avion_direct,11,3,2,0.0,1,aucune,oui,aucun,151.24,7,421.96,fidele,3,0,1.0,0,0,0,0,0,DIRECT,0,0,0,0,1,0.0,0,2.0,2.0,0,210.98,140.65333333333334,0.0,1,-1.0,1,3,3,1.0,6.123233995736766e-17,2.4849066497880004,3.6666666666666665,0,0.0,2.4849066497880004,2.4849066497880004,0.0,0.0,2.4849066497880004,0.8375699174835245,0.9684318371005954,0,0.16902844758586827,0,vrai négatif
R001196,2025-03-16,2025-05-23,Puglia,Bari,balneaire_rurale,PUG-4-3,4,solo,Ameriques,plateforme_en_ligne,avion_direct,68,4,1,0.0,1,aucune,oui,total,113.57,4,436.11,entreprise,12,2,2.0,0,0,0,0,1,AG034,0,0,0,0,0,0.16666666666666666,0,1.0,1.0,0,436.11,109.0275,2.0,1,1.0,0,5,3,0.49999999999999994,-0.8660254037844387,4.23410650459726,17.0,0,8.46821300919452,4.23410650459726,0.0,2.0,0.0,8.46821300919452,0.7581441922563417,0.9414739285418221,0,0.10979489337833231,0,vrai négatif
R001763,2025-03-16,2025-05-25,Puglia,Bari,balneaire_rurale,PUG-3-2,3,groupe,Autres,plateforme_en_ligne,train,70,2,5,0.0,3,petit_dejeuner,non,total,116.45,6,656.78,nouveau,0,0,0.0,1,0,0,0,0,AG017,1,0,0,0,0,0.0,1,5.0,1.6666666666666667,0,131.356,328.39,2.0,0,2.0,0,5,3,0.49999999999999994,-0.8660254037844387,4.2626798770413155,35.0,1,8.525359754082631,0.0,0.0,0.0,4.2626798770413155,0.0,0.8424974678049486,0.9653485865870846,1,0.19041964477316387,0,faux négatif
R003343,2025-03-16,2025-04-11,Liguria,Genova,littorale,LIG-3-3,3,famille,Ameriques,agence,voiture,26,2,2,1.0,1,petit_dejeuner,oui,aucun,139.81,1,276.82,fidele,4,1,0.0,0,0,0,0,1,AG019,0,0,0,0,0,0.25,0,3.0,3.0,1,92.27333333333333,138.41,0.0,1,-1.0,1,4,3,0.8660254037844387,-0.4999999999999998,3.295836866004329,13.0,0,0.0,3.295836866004329,0.0,0.0,0.0,0.0,0.8857142857142858,0.9483144543173031,0,0.469761680293558,1,faux positif
R005782,2025-03-16,2025-04-30,Liguria,Genova,littorale,LIG-4-2,4,famille,Ameriques,site_hotel,voiture,45,2,2,2.0,1,pension_complete,non,total,162.74,6,305.95,nouveau,0,0,0.0,0,0,0,0,0,DIRECT,0,0,0,0,1,0.0,1,4.0,4.0,1,76.4875,152.975,2.0,0,2.0,0,4,3,0.8660254037844387,-0.4999999999999998,3.828641396489095,22.5,0,7.65728279297819,0.0,3.828641396489095,0.0,0.0,0.0,0.8815579209663876,1.1038458929661534,0,0.08277118521225284,0,vrai négatif
R006114,2025-03-16,2025-04-11,Sicilia,Palermo,insulaire_mixte,SIC-3-2,3,affaires,Autres,plateforme_en_ligne,avion_correspondance,26,5,2,0.0,1,aucune,oui,aucun,125.79,6,591.21,entreprise,12,2,1.0,0,0,0,0,1,AG016,0,0,1,0,0,0.16666666666666666,0,2.0,2.0,0,295.605,118.242,0.0,1,-1.0,1,4,3,0.8660254037844387,-0.4999999999999998,3.295836866004329,5.2,0,0.0,3.295836866004329,0.0,0.0,0.0,3.295836866004329,0.8376506625824067,0.8671883078832167,0,0.3408564302769621,1,faux positif
R007123,2025-03-16,2025-04-08,Liguria,Genova,littorale,LIG-4-1,4,loisirs_couple,Italie,site_hotel,train,23,5,2,0.0,1,petit_dejeuner,non,total,115.21,0,576.05,fidele,11,2,1.0,0,0,0,0,0,DIRECT,0,0,0,0,1,0.18181818181818182,0,2.0,2.0,0,288.025,115.21,2.0,0,2.0,0,4,3,0.8660254037844387,-0.4999999999999998,3.1780538303479458,4.6,0,6.3561076606958915,0.0,3.1780538303479458,0.0,0.0,3.1780538303479458,0.6380351110372708,0.7814556060503289,0,0.050762267196556486,0,vrai négatif
R007322,2025-03-16,2025-04-12,Toscana,Firenze,culturelle_rurale,TOS-4-1,4,solo,Italie,plateforme_en_ligne,train,27,7,1,0.0,1,aucune,oui,aucun,230.39,8,1483.71,nouveau,0,0,2.0,0,0,0,1,1,AG026,1,0,0,0,0,0.0,1,1.0,1.0,0,1483.71,211.95857142857145,0.0,1,-1.0,1,4,3,0.8660254037844387,-0.4999999999999998,3.332204510175204,3.857142857142857,0,0.0,3.332204510175204,0.0,0.0,0.0,6.664409020350408,1.0081161107198007,0.9872728830990742,1,0.31523291881077176,1,vrai positif
R009153,2025-03-16,2025-04-05,Liguria,Genova,littorale,LIG-3-1,3,solo,Europe_Ouest,site_hotel,voiture,20,2,1,0.0,1,demi_pension,non,total,137.28,0,274.56,nouveau,0,0,0.0,1,0,0,0,1,DIRECT,0,0,0,0,1,0.0,1,1.0,1.0,0,274.56,137.28,2.0,0,2.0,0,4,3,0.8660254037844387,-0.4999999999999998,3.044522437723423,10.0,1,6.089044875446846,0.0,3.044522437723423,0.0,3.044522437723423,0.0,0.8895224518888096,0.9311537678898459,0,0.10372744745019151,0,vrai négatif
R009188,2025-03-16,2025-05-06,Sicilia,Palermo,insulaire_mixte,SIC-3-1,3,affaires,Autres,telephone,voiture,51,4,2,0.0,1,aucune,oui,aucun,184.07,1,728.92,nouveau,0,0,2.0,1,0,0,1,0,DIRECT,0,0,0,0,1,0.0,1,2.0,2.0,0,364.46,182.23,0.0,1,-1.0,1,5,3,0.49999999999999994,-0.8660254037844387,3.9512437185814275,12.75,1,0.0,3.9512437185814275,3.9512437185814275,0.0,3.9512437185814275,7.902487437162855,1.25478032652783,1.0005163745074057,0,0.2997826727564406,1,faux positif
R000669,2025-03-17,2025-06-24,Lazio,Roma,urbaine_culturelle,LAZ-5-3,5,solo,Italie,agence,avion_correspondance,99,4,1,0.0,1,aucune,non,partiel,263.35051546391753,3,1021.8,nouveau,0,0,0.0,0,0,1,1,0,AG010,0,1,0,0,0,0.0,1,1.0,1.0,0,1021.8,255.45,1.0,0,1.0,0,6,3,1.2246467991473532e-16,-1.0,4.605170185988092,24.75,0,4.605170185988092,0.0,0.0,0.0,0.0,0.0,1.1111367261462282,1.1074686829576632,0,0.21676361040581898,0,vrai négatif
R000806,2025-03-17,2025-08-23,Lazio,Roma,urbaine_culturelle,LAZ-4-2,4,loisirs_couple,Europe_Ouest,plateforme_en_ligne,avion_correspondance,159,7,2,0.0,1,aucune,non,aucun,234.61,6,1543.73,fidele,10,1,2.0,4,0,0,0,1,AG021,0,0,0,0,0,0.1,0,2.0,2.0,0,771.865,220.53285714285715,0.0,0,0.0,0,8,3,-0.8660254037844384,-0.5000000000000004,5.075173815233827,22.714285714285715,1,0.0,0.0,0.0,0.0,5.075173815233827,10.150347630467653,1.1577103380212188,1.2943285887675164,0,0.5376552471537309,1,faux positif
R001548,2025-03-17,2025-05-05,Campania,Napoli,urbaine_cotiere,CAM-3-1,3,loisirs_couple,Autres,site_hotel,avion_direct,49,7,2,0.0,1,petit_dejeuner,oui,aucun,170.22,7,1108.13,nouveau,0,0,0.0,0,0,0,1,0,DIRECT,0,0,1,0,1,0.0,1,2.0,2.0,0,554.065,158.30428571428573,0.0,1,-1.0,1,5,3,0.49999999999999994,-0.8660254037844387,3.912023005428146,7.0,0,0.0,3.912023005428146,3.912023005428146,0.0,0.0,0.0,1.0491863905325443,0.8694452957401164,0,0.3409941977958142,1,faux positif
R002456,2025-03-17,2025-04-06,Lombardia,Milano,affaires_lacs,LOM-4-3,4,loisirs_couple,Ameriques,plateforme_en_ligne,train,20,7,2,0.0,1,demi_pension,oui,partiel,246.87,8,1589.84,nouveau,0,0,0.0,0,0,0,1,0,AG017,0,0,0,0,0,0.0,1,2.0,2.0,0,794.92,227.11999999999998,1.0,1,0.0,0,4,3,0.8660254037844387,-0.4999999999999998,3.044522437723423,2.857142857142857,0,3.044522437723423,3.044522437723423,0.0,1.0,0.0,0.0,1.11338113922338,0.9349542691586661,0,0.3446154553529847,1,faux positif
R004548,2025-03-17,2025-04-13,Lazio,Roma,urbaine_culturelle,LAZ-3-1,3,affaires,Europe_Ouest,plateforme_en_ligne,avion_correspondance,27,2,2,0.0,1,petit_dejeuner,oui,aucun,197.64,2,387.37,entreprise,11,1,2.0,0,0,0,1,0,AG013,0,0,0,0,0,0.09090909090909091,0,2.0,2.0,0,193.685,193.685,0.0,1,-1.0,1,4,3,0.8660254037844387,-0.4999999999999998,3.332204510175204,13.5,0,0.0,3.332204510175204,0.0,0.0,0.0,6.664409020350408,1.1487358326068002,0.8174542446489504,0,0.3131071475010101,1,faux positif
R005444,2025-03-17,2025-04-06,Trentino-Alto_Adige,Bolzano,montagne,TRE-3-3,3,groupe,Italie,plateforme_en_ligne,voiture,20,4,6,0.0,4,aucune,oui,partiel,142.42,5,2164.78,fidele,6,1,0.0,0,0,0,0,0,AG010,1,0,0,0,0,0.16666666666666666,0,6.0,1.5,0,360.7966666666667,541.195,1.0,1,0.0,0,4,3,0.8660254037844387,-0.4999999999999998,3.044522437723423,5.0,0,3.044522437723423,3.044522437723423,0.0,1.0,0.0,0.0,0.9223495887572047,0.8291319788088722,1,0.4443671523183986,1,vrai positif
R006330,2025-03-17,2025-04-14,Veneto,Venezia,urbaine_littorale,VEN-4-2,4,loisirs_couple,Europe_Centrale,site_hotel,avion_direct,28,3,2,0.0,1,petit_dejeuner,oui,aucun,229.81,11,613.59,fidele,1,0,0.0,1,0,0,1,0,DIRECT,1,0,0,0,1,0.0,0,2.0,2.0,0,306.795,204.53,0.0,1,-1.0,1,4,3,0.8660254037844387,-0.4999999999999998,3.367295829986474,9.333333333333334,1,0.0,3.367295829986474,3.367295829986474,0.0,3.367295829986474,0.0,1.0169484025134967,0.8927433765830161,1,0.2980537316947135,1,vrai positif
R007988,2025-03-17,2025-04-21,Liguria,Genova,littorale,LIG-4-1,4,famille,Italie,plateforme_en_ligne,voiture,35,4,2,1.0,1,petit_dejeuner,oui,aucun,182.61,0,730.44,nouveau,0,0,0.0,0,11,0,0,0,AG035,1,0,0,0,0,0.0,1,3.0,3.0,1,243.48000000000002,182.61,0.0,1,-1.0,1,4,3,0.8660254037844387,-0.4999999999999998,3.58351893845611,8.75,0,0.0,3.58351893845611,0.0,0.0,0.0,0.0,1.011297557733843,1.2386217187817947,1,0.3654952714359314,1,vrai positif
R008854,2025-03-17,2025-03-25,Lazio,Roma,urbaine_culturelle,LAZ-4-3,4,loisirs_couple,Europe_Ouest,site_hotel,train,8,5,2,0.0,1,petit_dejeuner,non,aucun,249.24,7,1158.97,nouveau,0,0,1.0,0,0,1,0,0,DIRECT,0,0,0,0,1,0.0,1,2.0,2.0,0,579.485,231.794,0.0,0,0.0,0,3,3,1.0,6.123233995736766e-17,2.1972245773362196,1.6,0,0.0,0.0,2.1972245773362196,0.0,0.0,2.1972245773362196,1.2067396146024982,1.4607044482212976,0,0.19104412814515054,0,vrai négatif
R002504,2025-03-18,2025-03-26,Trentino-Alto_Adige,Bolzano,montagne,TRE-5-1,5,loisirs_couple,Europe_Centrale,plateforme_en_ligne,voiture,8,2,2,0.0,1,pension_complete,oui,aucun,173.53,6,326.24,nouveau,0,0,0.0,0,0,0,0,0,AG017,1,0,0,0,0,0.0,1,2.0,2.0,0,163.12,163.12,0.0,1,-1.0,1,3,3,1.0,6.123233995736766e-17,2.1972245773362196,4.0,0,0.0,2.1972245773362196,0.0,0.0,0.0,0.0,0.7835549635382566,1.042159630052249,1,0.35672951092509386,1,vrai positif
R002745,2025-03-18,2025-06-02,Trentino-Alto_Adige,Bolzano,montagne,TRE-4-2,4,loisirs_couple,Ameriques,plateforme_en_ligne,train,76,4,2,0.0,1,demi_pension,oui,aucun,156.37,0,625.48,fidele,4,0,1.0,0,0,0,0,0,AG027,0,0,0,0,0,0.0,0,2.0,2.0,0,312.74,156.37,0.0,1,-1.0,1,6,3,1.2246467991473532e-16,-1.0,4.343805421853684,19.0,0,0.0,4.343805421853684,0.0,0.0,0.0,4.343805421853684,0.8300775029196306,1.0124312075105213,0,0.4491032275659248,1,faux positif
R003137,2025-03-18,2025-05-18,Toscana,Firenze,culturelle_rurale,TOS-4-3,4,loisirs_couple,Italie,plateforme_en_ligne,train,61,7,2,0.0,1,petit_dejeuner,non,total,236.81,4,1591.36,nouveau,0,0,0.0,0,0,0,1,0,AG040,0,0,0,0,0,0.0,1,2.0,2.0,0,795.68,227.33714285714285,2.0,0,2.0,0,5,3,0.49999999999999994,-0.8660254037844387,4.127134385045092,8.714285714285714,0,8.254268770090183,0.0,0.0,0.0,0.0,0.0,1.1657190676610305,1.1172918141071009,0,0.15181639244984457,0,vrai négatif
R004112,2025-03-18,2025-04-23,Sicilia,Palermo,insulaire_mixte,SIC-3-3,3,famille,Europe_Ouest,plateforme_en_ligne,ferry,36,9,2,3.0,2,petit_dejeuner,oui,partiel,143.28,4,2475.88,nouveau,0,0,1.0,0,0,1,0,0,AG042,0,0,0,0,0,0.0,1,5.0,2.5,1,495.17600000000004,275.09777777777776,1.0,1,0.0,0,4,3,0.8660254037844387,-0.4999999999999998,3.6109179126442243,4.0,0,3.6109179126442243,3.6109179126442243,0.0,1.0,0.0,3.6109179126442243,1.0149465183820927,0.9877632622108855,0,0.37744226992644675,1,faux positif
R005519,2025-03-18,2025-05-08,Campania,Napoli,urbaine_cotiere,CAM-5-2,5,solo,Italie,plateforme_en_ligne,avion_direct,51,7,1,0.0,1,demi_pension,non,total,221.26,0,1548.82,fidele,2,0,3.0,0,0,0,1,0,AG002,0,1,0,0,0,0.0,0,1.0,1.0,0,1548.82,221.26,2.0,0,2.0,0,5,3,0.49999999999999994,-0.8660254037844387,3.9512437185814275,7.285714285714286,0,7.902487437162855,0.0,0.0,0.0,0.0,11.853731155744283,1.0607411668824007,1.1301460823373173,0,0.09294858434365226,0,vrai négatif
R006599,2025-03-18,2025-04-23,Trentino-Alto_Adige,Bolzano,montagne,TRE-3-2,3,groupe,Italie,plateforme_en_ligne,train,36,4,5,0.0,2,aucune,non,partiel,190.0,6,1428.8,nouveau,0,0,0.0,0,0,0,0,0,AG035,0,0,0,0,0,0.0,1,5.0,2.5,0,285.76,357.2,1.0,0,1.0,0,4,3,0.8660254037844387,-0.4999999999999998,3.6109179126442243,9.0,0,3.6109179126442243,0.0,0.0,0.0,0.0,0.0,1.200783669342097,1.1061302905047445,0,0.28010476967255543,1,faux positif
R007122,2025-03-18,2025-06-10,Toscana,Firenze,culturelle_rurale,TOS-4-3,4,loisirs_couple,Europe_Ouest,site_hotel,avion_direct,84,5,2,0.0,1,demi_pension,oui,partiel,188.77,10,849.47,fidele,8,1,0.0,0,0,0,1,0,DIRECT,0,0,0,0,1,0.125,0,2.0,2.0,0,424.735,169.894,1.0,1,0.0,0,6,3,1.2246467991473532e-16,-1.0,4.442651256490317,16.8,0,4.442651256490317,4.442651256490317,4.442651256490317,1.0,0.0,0.0,0.9292377365920895,0.8745830244625649,0,0.24868545081309235,1,faux positif
R007531,2025-03-18,2025-06-14,Liguria,Genova,littorale,LIG-4-1,4,famille,Europe_Ouest,telephone,avion_direct,88,4,2,1.0,1,petit_dejeuner,oui,partiel,226.17,1,895.63,nouveau,0,0,0.0,0,0,0,1,1,DIRECT,0,0,0,0,1,0.0,1,3.0,3.0,1,298.54333333333335,223.9075,1.0,1,0.0,0,6,3,1.2246467991473532e-16,-1.0,4.48863636973214,22.0,0,4.48863636973214,4.48863636973214,4.48863636973214,1.0,0.0,0.0,1.252533643462369,1.1964451027587482,0,0.24207820038388297,1,faux positif
R008344,2025-03-18,2025-04-18,Veneto,Venezia,urbaine_littorale,VEN-4-2,4,affaires,Europe_Ouest,entreprise,avion_direct,31,2,2,0.0,1,petit_dejeuner,oui,partiel,277.7,9,505.41,nouveau,0,0,0.0,1,0,0,1,1,DIRECT,0,0,0,0,1,0.0,1,2.0,2.0,0,252.705,252.705,1.0,1,0.0,0,4,3,0.8660254037844387,-0.4999999999999998,3.4657359027997265,15.5,1,3.4657359027997265,3.4657359027997265,3.4657359027997265,1.0,3.4657359027997265,0.0,1.228869811487742,1.0787817574392042,0,0.16307169613671302,0,vrai négatif
R000569,2025-03-19,2025-04-17,Veneto,Venezia,urbaine_littorale,VEN-5-3,5,affaires,Italie,site_hotel,avion_direct,29,1,2,0.0,1,pension_complete,non,total,315.54,10,283.99,entreprise,2,0,0.0,0,0,0,1,0,DIRECT,0,0,0,0,1,0.0,0,2.0,2.0,0,141.995,283.99,2.0,0,2.0,0,4,3,0.8660254037844387,-0.4999999999999998,3.4011973816621555,29.0,0,6.802394763324311,0.0,3.4011973816621555,0.0,0.0,0.0,1.2204687862613135,1.2257788827596923,0,0.07022670292499965,0,vrai négatif
R004062,2025-03-19,2025-04-26,Veneto,Venezia,urbaine_littorale,VEN-3-2,3,loisirs_couple,Italie,entreprise,avion_direct,38,5,2,0.0,1,petit_dejeuner,oui,aucun,220.76,14,949.27,nouveau,0,0,0.0,0,0,0,1,1,DIRECT,0,0,0,0,1,0.0,1,2.0,2.0,0,474.635,189.85399999999998,0.0,1,-1.0,1,4,3,0.8660254037844387,-0.4999999999999998,3.6635616461296463,7.6,0,0.0,3.6635616461296463,3.6635616461296463,0.0,0.0,0.0,1.0803562689634922,0.8575868230906688,0,0.1855031759517063,0,vrai négatif
R004936,2025-03-19,2025-04-01,Toscana,Firenze,culturelle_rurale,TOS-4-2,4,affaires,Italie,entreprise,voiture,13,3,2,0.0,1,petit_dejeuner,oui,aucun,274.31,8,757.1,entreprise,6,1,1.0,0,0,0,1,0,DIRECT,1,0,0,0,1,0.16666666666666666,0,2.0,2.0,0,378.55,252.36666666666667,0.0,1,-1.0,1,4,3,0.8660254037844387,-0.4999999999999998,2.639057329615259,4.333333333333333,0,0.0,2.639057329615259,2.639057329615259,0.0,0.0,2.639057329615259,1.3802455469457582,1.1754799451491258,1,0.17649946692351817,0,faux négatif
R005523,2025-03-19,2025-04-08,Veneto,Venezia,urbaine_littorale,VEN-4-3,4,loisirs_couple,Italie,plateforme_en_ligne,avion_direct,20,2,2,0.0,1,aucune,non,partiel,273.45,2,535.96,nouveau,0,0,0.0,0,0,0,1,0,AG017,0,0,0,0,0,0.0,1,2.0,2.0,0,267.98,267.98,1.0,0,1.0,0,4,3,0.8660254037844387,-0.4999999999999998,3.044522437723423,10.0,0,3.044522437723423,0.0,0.0,0.0,0.0,0.0,1.2529496666590298,1.062271773754953,0,0.21182225503417723,0,vrai négatif
R005564,2025-03-19,2025-03-30,Campania,Napoli,urbaine_cotiere,CAM-3-2,3,loisirs_couple,Europe_Ouest,site_hotel,voiture,11,5,2,0.0,1,petit_dejeuner,oui,aucun,139.99,8,643.95,fidele,11,1,1.0,0,0,0,0,0,DIRECT,0,0,0,0,1,0.09090909090909091,0,2.0,2.0,0,321.975,128.79000000000002,0.0,1,-1.0,1,3,3,1.0,6.123233995736766e-17,2.4849066497880004,2.2,0,0.0,2.4849066497880004,2.4849066497880004,0.0,0.0,2.4849066497880004,0.8198535871156662,0.8958213348691367,0,0.29095457582765993,1,faux positif
R006335,2025-03-19,2025-04-09,Toscana,Firenze,culturelle_rurale,TOS-4-3,4,famille,Europe_Ouest,plateforme_en_ligne,voiture,21,3,2,1.0,1,petit_dejeuner,non,partiel,203.17,1,603.41,nouveau,0,0,0.0,0,0,0,1,0,AG007,0,0,0,0,0,0.0,1,3.0,3.0,1,201.13666666666666,201.13666666666666,1.0,0,1.0,0,4,3,0.8660254037844387,-0.4999999999999998,3.091042453358316,7.0,0,3.091042453358316,0.0,0.0,0.0,0.0,0.0,1.0001230648059267,0.8706290709633183,0,0.20118723020948648,0,vrai négatif
R007410,2025-03-19,2025-04-10,Puglia,Bari,balneaire_rurale,PUG-3-3,3,loisirs_couple,Italie,plateforme_en_ligne,voiture,22,4,2,0.0,1,aucune,non,total,117.33,0,469.32,nouveau,0,0,1.0,0,5,0,0,0,AG029,0,0,1,0,0,0.0,1,2.0,2.0,0,234.66,117.33,2.0,0,2.0,0,4,3,0.8660254037844387,-0.4999999999999998,3.1354942159291497,5.5,0,6.270988431858299,0.0,0.0,0.0,0.0,3.1354942159291497,0.8416182483322574,0.925680473372781,0,0.14246948002513285,0,vrai négatif
R008138,2025-03-19,2025-04-21,Sicilia,Palermo,insulaire_mixte,SIC-4-2,4,loisirs_couple,Europe_Centrale,plateforme_en_ligne,avion_direct,33,4,2,0.0,1,aucune,oui,aucun,191.58,1,758.66,nouveau,0,0,1.0,0,0,0,0,0,AG041,1,0,1,0,0,0.0,1,2.0,2.0,0,379.33,189.665,0.0,1,-1.0,1,4,3,0.8660254037844387,-0.4999999999999998,3.5263605246161616,8.25,0,0.0,3.5263605246161616,0.0,0.0,0.0,3.5263605246161616,1.1055456171735243,1.3207404088104513,1,0.394121276917634,1,vrai positif
R009064,2025-03-19,2026-04-30,Toscana,Firenze,culturelle_rurale,TOS-3-1,3,famille,Italie,plateforme_en_ligne,voiture,407,7,2,3.0,2,demi_pension,oui,aucun,194.21,1,2691.75,entreprise,11,1,1.0,0,0,0,1,0,AG027,1,0,0,0,0,0.09090909090909091,0,5.0,2.5,1,538.35,384.5357142857143,0.0,1,-1.0,1,4,3,0.8660254037844387,-0.4999999999999998,6.0112671744041615,58.142857142857146,0,0.0,6.0112671744041615,0.0,0.0,0.0,6.0112671744041615,1.13902818099176,0.8322334590332533,1,0.788493264756342,1,vrai positif
R000129,2025-03-20,2025-04-11,Lazio,Roma,urbaine_culturelle,LAZ-5-2,5,affaires,Europe_Ouest,plateforme_en_ligne,voiture,22,1,2,0.0,1,petit_dejeuner,oui,partiel,362.11,7,336.76,fidele,9,2,1.0,0,0,1,1,1,AG007,1,0,0,0,0,0.2222222222222222,0,2.0,2.0,0,168.38,336.76,1.0,1,0.0,0,4,3,0.8660254037844387,-0.4999999999999998,3.1354942159291497,22.0,0,3.1354942159291497,3.1354942159291497,0.0,1.0,0.0,3.1354942159291497,1.5711124609510587,1.4977148174956054,1,0.24641155864640008,1,vrai positif
R001163,2025-03-20,2025-04-18,Lazio,Roma,urbaine_culturelle,LAZ-5-1,5,solo,Italie,entreprise,train,29,3,1,0.0,1,petit_dejeuner,oui,aucun,393.81,6,1110.54,fidele,8,1,0.0,1,0,0,1,1,DIRECT,0,0,0,0,1,0.125,0,1.0,1.0,0,1110.54,370.18,0.0,1,-1.0,1,4,3,0.8660254037844387,-0.4999999999999998,3.4011973816621555,9.666666666666666,1,0.0,3.4011973816621555,3.4011973816621555,0.0,3.4011973816621555,0.0,1.7290189449652056,1.6288284562092854,0,0.2138375259351704,0,vrai négatif
R001344,2025-03-20,2025-04-02,Campania,Napoli,urbaine_cotiere,CAM-3-2,3,affaires,Ameriques,site_hotel,train,13,2,2,0.0,1,petit_dejeuner,oui,total,173.04,9,314.93,nouveau,0,0,0.0,1,4,0,1,0,DIRECT,0,0,0,0,1,0.0,1,2.0,2.0,0,157.465,157.465,2.0,1,1.0,0,4,3,0.8660254037844387,-0.4999999999999998,2.639057329615259,6.5,1,5.278114659230518,2.639057329615259,2.639057329615259,2.0,2.639057329615259,0.0,1.013411420204978,0.8561674335757755,0,0.13787013249152752,0,vrai négatif
R002014,2025-03-20,2025-04-20,Lombardia,Milano,affaires_lacs,LOM-3-2,3,affaires,Italie,site_hotel,avion_direct,31,1,2,0.0,1,demi_pension,oui,aucun,273.99,2,268.51,nouveau,0,0,0.0,1,0,0,1,0,DIRECT,0,0,0,0,1,0.0,1,2.0,2.0,0,134.255,268.51,0.0,1,-1.0,1,4,3,0.8660254037844387,-0.4999999999999998,3.4657359027997265,31.0,1,0.0,3.4657359027997265,3.4657359027997265,0.0,3.4657359027997265,0.0,1.4333394365828778,1.0376640345395671,0,0.33758359092312856,1,faux positif
R002998,2025-03-20,2025-04-14,Lombardia,Milano,affaires_lacs,LOM-4-2,4,groupe,Autres,plateforme_en_ligne,voiture,25,3,5,0.0,3,petit_dejeuner,oui,partiel,339.04,4,2929.31,nouveau,0,0,0.0,1,0,1,1,0,AG036,0,0,0,0,0,0.0,1,5.0,1.6666666666666667,0,585.862,976.4366666666666,1.0,1,0.0,0,4,3,0.8660254037844387,-0.4999999999999998,3.258096538021482,8.333333333333334,1,3.258096538021482,3.258096538021482,0.0,1.0,3.258096538021482,0.0,1.5128285217080897,1.2840235565907328,0,0.38896589224727207,1,faux positif
R005120,2025-03-20,2025-04-04,Liguria,Genova,littorale,LIG-4-1,4,loisirs_couple,Italie,plateforme_en_ligne,voiture,15,4,2,0.0,1,petit_dejeuner,oui,partiel,226.99,0,907.96,nouveau,0,0,2.0,1,0,0,0,1,AG041,0,0,0,0,0,0.0,1,2.0,2.0,0,453.98,226.99,1.0,1,0.0,0,4,3,0.8660254037844387,-0.4999999999999998,2.772588722239781,3.75,1,2.772588722239781,2.772588722239781,0.0,1.0,2.772588722239781,5.545177444479562,1.2570748186298943,1.5396459336634334,0,0.20973526060120182,0,vrai négatif
R005254,2025-03-20,2025-03-29,Sardegna,Cagliari,insulaire_balneaire,SAR-3-1,3,solo,Ameriques,plateforme_en_ligne,avion_direct,9,9,1,0.0,1,petit_dejeuner,oui,aucun,127.81,6,1081.27,fidele,12,2,3.0,0,0,0,0,1,AG001,0,0,0,0,0,0.16666666666666666,0,1.0,1.0,0,1081.27,120.14111111111112,0.0,1,-1.0,1,3,3,1.0,6.123233995736766e-17,2.302585092994046,1.0,0,0.0,2.302585092994046,0.0,0.0,0.0,6.907755278982138,0.7840142313826526,0.7159020892847141,0,0.23205372612318123,0,vrai négatif
R006825,2025-03-20,2025-04-10,Campania,Napoli,urbaine_cotiere,CAM-4-2,4,solo,Autres,agence,voiture,21,2,1,0.0,1,petit_dejeuner,oui,aucun,219.76,7,408.75,nouveau,0,0,1.0,1,0,0,1,0,AG015,0,0,1,0,0,0.0,1,1.0,1.0,0,408.75,204.375,0.0,1,-1.0,1,4,3,0.8660254037844387,-0.4999999999999998,3.091042453358316,10.5,1,0.0,3.091042453358316,0.0,0.0,3.091042453358316,3.091042453358316,1.148921709580447,1.0873286824006727,0,0.41869356605636776,1,faux positif
R007591,2025-03-20,2025-04-03,Lazio,Roma,urbaine_culturelle,LAZ-5-1,5,famille,Europe_Centrale,site_hotel,avion_correspondance,14,6,2,3.0,2,demi_pension,oui,aucun,317.96,6,3586.59,nouveau,0,0,2.0,1,0,0,1,0,DIRECT,0,0,0,0,1,0.0,1,5.0,2.5,1,717.318,597.765,0.0,1,-1.0,1,4,3,0.8660254037844387,-0.4999999999999998,2.70805020110221,2.3333333333333335,1,0.0,2.70805020110221,2.70805020110221,0.0,2.70805020110221,5.41610040220442,1.396000263429412,1.3151070209905904,0,0.3813049487469544,1,faux positif
R008284,2025-03-20,2025-04-14,Toscana,Firenze,culturelle_rurale,TOS-3-3,3,loisirs_couple,Inconnu,entreprise,voiture,25,4,2,0.0,1,petit_dejeuner,oui,aucun,143.81,10,517.72,nouveau,0,0,0.0,0,0,0,1,0,DIRECT,0,0,0,0,1,0.0,1,2.0,2.0,0,258.86,129.43,0.0,1,-1.0,1,4,3,0.8660254037844387,-0.4999999999999998,3.258096538021482,6.25,0,0.0,3.258096538021482,3.258096538021482,0.0,0.0,0.0,0.8358130884575148,0.616258141926637,0,0.1758564561565931,0,vrai négatif
R009315,2025-03-20,2025-03-29,Lombardia,Milano,affaires_lacs,LOM-4-2,4,affaires,Ameriques,plateforme_en_ligne,train,9,1,2,0.0,1,petit_dejeuner,non,total,199.92,0,199.92,nouveau,0,0,0.0,0,0,0,0,1,AG037,0,0,0,0,0,0.0,1,2.0,2.0,0,99.96,199.92,2.0,0,2.0,0,3,3,1.0,6.123233995736766e-17,2.302585092994046,9.0,0,4.605170185988092,0.0,0.0,0.0,0.0,0.0,0.8920619338717592,0.9878934624697335,0,0.113355925888274,0,vrai négatif
R000637,2025-03-21,2025-04-13,Toscana,Firenze,culturelle_rurale,TOS-3-2,3,affaires,Italie,plateforme_en_ligne,voiture,23,1,2,0.0,1,petit_dejeuner,oui,aucun,145.37,6,136.65,entreprise,7,1,3.0,0,0,0,1,0,AG018,0,0,1,0,0,0.14285714285714285,0,2.0,2.0,0,68.325,136.65,0.0,1,-1.0,1,4,3,0.8660254037844387,-0.4999999999999998,3.1780538303479458,23.0,0,0.0,3.1780538303479458,0.0,0.0,0.0,9.534161491043838,0.8245604083947816,0.6229430922180322,0,0.29741452819252223,1,faux positif
R002759,2025-03-21,2025-06-27,Sicilia,Palermo,insulaire_mixte,SIC-5-3,5,famille,Italie,plateforme_en_ligne,avion_direct,98,7,2,3.0,2,aucune,oui,aucun,228.19,4,3066.87,nouveau,0,0,1.0,0,0,0,1,1,AG043,0,0,0,0,0,0.0,1,5.0,2.5,1,613.374,438.1242857142857,0.0,1,-1.0,1,6,3,1.2246467991473532e-16,-1.0,4.59511985013459,14.0,0,0.0,4.59511985013459,0.0,0.0,0.0,4.59511985013459,1.25530861480911,1.2334594594594595,0,0.5522886572545317,1,faux positif
R003084,2025-03-21,2025-04-18,Lazio,Roma,urbaine_culturelle,LAZ-5-2,5,loisirs_couple,Europe_Ouest,plateforme_en_ligne,train,28,2,2,0.0,1,petit_dejeuner,oui,partiel,348.39,6,654.97,nouveau,0,0,3.0,1,0,0,1,1,AG021,0,0,0,0,0,0.0,1,2.0,2.0,0,327.485,327.485,1.0,1,0.0,0,4,3,0.8660254037844387,-0.4999999999999998,3.367295829986474,14.0,1,3.367295829986474,3.367295829986474,0.0,1.0,3.367295829986474,10.101887489959422,1.5115845192641444,1.4409678420018612,0,0.21825004842650453,0,vrai négatif
R003120,2025-03-21,2025-04-19,Sardegna,Cagliari,insulaire_balneaire,SAR-4-2,4,famille,Autres,agence,avion_direct,29,4,2,2.0,1,petit_dejeuner,oui,partiel,206.85,1,819.13,nouveau,0,0,2.0,1,0,0,0,1,AG011,0,0,0,0,0,0.0,1,4.0,4.0,1,204.7825,204.7825,1.0,1,0.0,0,4,3,0.8660254037844387,-0.4999999999999998,3.4011973816621555,7.25,1,3.4011973816621555,3.4011973816621555,0.0,1.0,3.4011973816621555,6.802394763324311,1.1081039493930587,1.023647932131495,0,0.243185511720783,1,faux positif
R004752,2025-03-21,2025-05-07,Lazio,Roma,urbaine_culturelle,LAZ-5-1,5,loisirs_couple,Europe_Centrale,plateforme_en_ligne,train,47,3,2,0.0,1,petit_dejeuner,oui,partiel,309.78,5,882.87,fidele,8,1,1.0,0,0,0,1,0,AG027,0,0,0,0,0,0.125,0,2.0,2.0,0,441.435,294.29,1.0,1,0.0,0,5,3,0.49999999999999994,-0.8660254037844387,3.8712010109078907,15.666666666666666,0,3.8712010109078907,3.8712010109078907,0.0,1.0,0.0,3.8712010109078907,1.3600860536078854,1.2228318793668336,0,0.322250690235939,1,faux positif
R005325,2025-03-21,2025-04-20,Trentino-Alto_Adige,Bolzano,montagne,TRE-3-2,3,loisirs_couple,Italie,telephone,train,30,4,2,0.0,1,aucune,oui,aucun,127.07,5,482.87,fidele,11,2,2.0,1,0,0,0,0,DIRECT,0,0,0,0,1,0.18181818181818182,0,2.0,2.0,0,241.435,120.7175,0.0,1,-1.0,1,4,3,0.8660254037844387,-0.4999999999999998,3.4339872044851463,7.5,1,0.0,3.4339872044851463,3.4339872044851463,0.0,3.4339872044851463,6.8679744089702925,0.8030714782278962,0.739768294812831,0,0.28005595828743796,1,faux positif
R005631,2025-03-21,2025-05-18,Veneto,Venezia,urbaine_littorale,VEN-5-2,5,loisirs_couple,Europe_Ouest,agence,avion_direct,58,3,2,0.0,1,petit_dejeuner,oui,partiel,235.91,3,686.5,nouveau,0,0,3.0,2,0,0,1,0,AG009,1,0,0,0,0,0.0,1,2.0,2.0,0,343.25,228.83333333333334,1.0,1,0.0,0,5,3,0.49999999999999994,-0.8660254037844387,4.07753744390572,19.333333333333332,1,4.07753744390572,4.07753744390572,0.0,1.0,4.07753744390572,12.23261233171716,0.9527482734946084,0.9339086716414955,1,0.29026365205467825,1,vrai positif
R006903,2025-03-21,2025-04-29,Lombardia,Milano,affaires_lacs,LOM-3-3,3,affaires,Inconnu,agence,avion_direct,39,2,2,0.0,1,aucune,oui,aucun,284.04,4,545.36,nouveau,0,0,1.0,0,0,0,1,0,AG043,0,0,0,0,0,0.0,1,2.0,2.0,0,272.68,272.68,0.0,1,-1.0,1,4,3,0.8660254037844387,-0.4999999999999998,3.6888794541139363,19.5,0,0.0,3.6888794541139363,0.0,0.0,0.0,3.6888794541139363,1.4069047501114471,1.0757257285689938,0,0.3736008809890288,1,faux positif
R008776,2025-03-21,2025-04-06,Trentino-Alto_Adige,Bolzano,montagne,TRE-5-1,5,famille,Europe_Centrale,plateforme_en_ligne,voiture,16,3,2,3.0,2,demi_pension,oui,aucun,119.39,4,687.69,nouveau,0,0,2.0,0,2,0,0,0,AG040,1,0,0,0,0,0.0,1,5.0,2.5,1,137.538,229.23000000000002,0.0,1,-1.0,1,4,3,0.8660254037844387,-0.4999999999999998,2.833213344056216,5.333333333333333,0,0.0,2.833213344056216,0.0,0.0,0.0,5.666426688112432,0.5390919558395232,0.6950573441229551,1,0.3649455872735111,1,vrai positif
R009566,2025-03-21,2025-04-09,Liguria,Genova,littorale,LIG-4-2,4,famille,Inconnu,plateforme_en_ligne,avion_direct,19,7,2,2.0,1,pension_complete,oui,total,168.38,4,1131.51,nouveau,0,0,0.0,1,0,0,0,0,AG041,0,0,0,0,0,0.0,1,4.0,4.0,1,282.8775,161.6442857142857,2.0,1,1.0,0,4,3,0.8660254037844387,-0.4999999999999998,2.995732273553991,2.7142857142857144,1,5.991464547107982,2.995732273553991,0.0,2.0,2.995732273553991,0.0,0.9121096395005551,1.142101336227362,0,0.1457570146818335,0,vrai négatif
R009757,2025-03-21,2025-04-15,Trentino-Alto_Adige,Bolzano,montagne,TRE-4-3,4,famille,Italie,entreprise,voiture,25,3,2,2.0,1,aucune,oui,partiel,116.44,17,289.94,nouveau,0,0,1.0,0,0,1,0,0,DIRECT,1,0,0,0,1,0.0,1,4.0,4.0,1,72.485,96.64666666666666,1.0,1,0.0,0,4,3,0.8660254037844387,-0.4999999999999998,3.258096538021482,8.333333333333334,0,3.258096538021482,3.258096538021482,3.258096538021482,1.0,0.0,3.258096538021482,0.6273199903025078,0.6778832159282762,1,0.11237892572676962,0,faux négatif
R000207,2025-03-22,2025-11-20,Lombardia,Milano,affaires_lacs,LOM-4-2,4,solo,Italie,plateforme_en_ligne,avion_direct,243,5,1,0.0,1,petit_dejeuner,oui,aucun,192.06,5,912.29,nouveau,0,0,0.0,0,0,1,0,0,AG029,0,0,0,0,0,0.0,1,1.0,1.0,0,912.29,182.458,0.0,1,-1.0,1,11,3,-0.5000000000000004,0.8660254037844384,5.497168225293202,48.6,0,0.0,5.497168225293202,0.0,0.0,0.0,0.0,0.8569898710454688,0.9035991531404375,0,0.6284177377382851,1,faux positif
R000829,2025-03-22,2025-04-11,Lombardia,Milano,affaires_lacs,LOM-4-1,4,famille,Europe_Ouest,plateforme_en_ligne,train,20,4,2,3.0,2,petit_dejeuner,oui,aucun,263.11,2,2062.78,fidele,2,0,0.0,0,0,0,1,1,AG012,1,0,0,0,0,0.0,0,5.0,2.5,1,412.55600000000004,515.695,0.0,1,-1.0,1,4,3,0.8660254037844387,-0.4999999999999998,3.044522437723423,5.0,0,0.0,3.044522437723423,0.0,0.0,0.0,0.0,1.191243718024177,0.9964589369236304,1,0.4942148994958643,1,vrai positif
R004740,2025-03-22,2025-04-08,Veneto,Venezia,urbaine_littorale,VEN-4-1,4,famille,Italie,plateforme_en_ligne,voiture,17,4,2,1.0,1,aucune,oui,partiel,338.26,1,1339.51,nouveau,0,0,1.0,1,0,0,1,0,AG025,0,0,0,0,0,0.0,1,3.0,3.0,1,446.50333333333333,334.8775,1.0,1,0.0,0,4,3,0.8660254037844387,-0.4999999999999998,2.8903717578961645,4.25,1,2.8903717578961645,2.8903717578961645,0.0,1.0,2.8903717578961645,2.8903717578961645,1.5330508282535293,1.3140393131846786,0,0.29521442503175366,1,faux positif
R004942,2025-03-22,2025-04-05,Campania,Napoli,urbaine_cotiere,CAM-4-2,4,affaires,Italie,agence,voiture,14,3,2,0.0,1,petit_dejeuner,non,total,170.04,8,469.31,nouveau,0,0,1.0,0,0,0,1,1,AG041,0,0,0,0,0,0.0,1,2.0,2.0,0,234.655,156.43666666666667,2.0,0,2.0,0,4,3,0.8660254037844387,-0.4999999999999998,2.70805020110221,4.666666666666667,0,5.41610040220442,0.0,0.0,0.0,0.0,2.70805020110221,0.8889818324402038,0.8413240314680124,0,0.1208189919765508,0,vrai négatif
R007015,2025-03-22,2025-04-29,Lazio,Roma,urbaine_culturelle,LAZ-4-1,4,loisirs_couple,Italie,plateforme_en_ligne,avion_direct,38,6,2,0.0,1,pension_complete,oui,aucun,220.71,7,1231.56,nouveau,0,0,0.0,3,0,0,1,0,AG037,1,0,0,0,0,0.0,1,2.0,2.0,0,615.78,205.26,0.0,1,-1.0,1,4,3,0.8660254037844387,-0.4999999999999998,3.6635616461296463,6.333333333333333,1,0.0,3.6635616461296463,0.0,0.0,3.6635616461296463,0.0,1.0806404230317275,0.9128735394478338,1,0.5821362940704561,1,vrai positif
R007459,2025-03-22,2025-04-18,Lazio,Roma,urbaine_culturelle,LAZ-3-2,3,loisirs_couple,Europe_Centrale,plateforme_en_ligne,voiture,27,2,2,0.0,1,pension_complete,oui,aucun,238.35,4,457.63,nouveau,0,0,0.0,0,0,0,1,1,AG015,0,0,0,0,0,0.0,1,2.0,2.0,0,228.815,228.815,0.0,1,-1.0,1,4,3,0.8660254037844387,-0.4999999999999998,3.332204510175204,13.5,0,0.0,3.332204510175204,0.0,0.0,0.0,0.0,1.3886218648955693,0.9858339365112191,0,0.4023078695010133,1,faux positif
R008704,2025-03-22,2025-04-27,Campania,Napoli,urbaine_cotiere,CAM-3-1,3,famille,Autres,site_hotel,voiture,36,4,2,3.0,2,petit_dejeuner,oui,partiel,175.64,7,1306.76,fidele,7,1,2.0,0,0,0,1,0,DIRECT,0,0,0,0,1,0.14285714285714285,0,5.0,2.5,1,261.352,326.69,1.0,1,0.0,0,4,3,0.8660254037844387,-0.4999999999999998,3.6109179126442243,9.0,0,3.6109179126442243,3.6109179126442243,3.6109179126442243,1.0,0.0,7.221835825288449,1.082593688362919,0.8690317154025035,0,0.23216097159081753,0,vrai négatif
R008787,2025-03-22,2025-04-07,Toscana,Firenze,culturelle_rurale,TOS-4-2,4,groupe,Europe_Centrale,entreprise,voiture,16,3,3,0.0,3,aucune,oui,aucun,208.55,11,1670.49,fidele,11,1,0.0,0,0,0,1,0,DIRECT,0,0,0,0,1,0.09090909090909091,0,3.0,1.0,0,556.83,556.83,0.0,1,-1.0,1,4,3,0.8660254037844387,-0.4999999999999998,2.833213344056216,5.333333333333333,0,0.0,2.833213344056216,2.833213344056216,0.0,0.0,0.0,1.0493609741370635,0.8936835790195407,0,0.2351634107025385,0,vrai négatif
R001285,2025-03-23,2025-05-03,Veneto,Venezia,urbaine_littorale,VEN-3-2,3,loisirs_couple,Europe_Centrale,agence,train,41,6,2,0.0,1,petit_dejeuner,non,partiel,234.89,0,1409.34,nouveau,0,0,0.0,1,0,1,1,1,AG045,0,0,0,0,0,0.0,1,2.0,2.0,0,704.67,234.89,1.0,0,1.0,0,5,3,0.49999999999999994,-0.8660254037844387,3.7376696182833684,6.833333333333333,1,3.7376696182833684,0.0,0.0,0.0,3.7376696182833684,0.0,1.149505725751199,0.9298707468181547,0,0.24384257921372274,1,faux positif
R002435,2025-03-23,2025-04-11,Veneto,Venezia,urbaine_littorale,VEN-4-1,4,famille,Italie,site_hotel,avion_correspondance,19,6,2,3.0,2,petit_dejeuner,non,total,227.09,0,2725.08,nouveau,0,0,1.0,0,0,0,1,1,DIRECT,0,0,0,0,1,0.0,1,5.0,2.5,1,545.016,454.18,2.0,0,2.0,0,4,3,0.8660254037844387,-0.4999999999999998,2.995732273553991,3.1666666666666665,0,5.991464547107982,0.0,2.995732273553991,0.0,0.0,2.995732273553991,1.0292098166738426,0.8821769870250952,0,0.09369455828028299,0,vrai négatif
R003040,2025-03-23,2025-04-27,Sicilia,Palermo,insulaire_mixte,SIC-5-2,5,affaires,Europe_Centrale,plateforme_en_ligne,avion_direct,35,4,2,0.0,1,petit_dejeuner,oui,aucun,148.78,4,571.32,nouveau,0,0,2.0,1,0,0,0,0,AG021,1,0,0,0,0,0.0,1,2.0,2.0,0,285.66,142.83,0.0,1,-1.0,1,4,3,0.8660254037844387,-0.4999999999999998,3.58351893845611,8.75,1,0.0,3.58351893845611,0.0,0.0,3.58351893845611,7.16703787691222,0.8212856393696006,1.0256799145151838,1,0.4186652833691802,1,vrai positif
R004345,2025-03-23,2025-04-05,Sicilia,Palermo,insulaire_mixte,SIC-4-2,4,affaires,Italie,site_hotel,voiture,13,4,2,0.0,1,aucune,non,total,164.39,12,578.65,fidele,11,2,1.0,0,0,0,0,1,DIRECT,0,0,0,0,1,0.18181818181818182,0,2.0,2.0,0,289.325,144.6625,2.0,0,2.0,0,4,3,0.8660254037844387,-0.4999999999999998,2.639057329615259,3.25,0,5.278114659230518,0.0,2.639057329615259,0.0,0.0,2.639057329615259,0.9486410064054475,1.1332942676915652,0,0.051495830444168306,0,vrai négatif
R005266,2025-03-23,2025-08-05,Trentino-Alto_Adige,Bolzano,montagne,TRE-5-1,5,solo,Italie,site_hotel,voiture,135,3,1,0.0,1,petit_dejeuner,oui,partiel,229.19,6,646.32,nouveau,0,0,0.0,0,0,0,1,0,DIRECT,0,0,0,0,1,0.0,1,1.0,1.0,0,646.32,215.44000000000003,1.0,1,0.0,0,8,3,-0.8660254037844384,-0.5000000000000004,4.912654885736052,45.0,0,4.912654885736052,4.912654885736052,4.912654885736052,1.0,0.0,0.0,1.0348813582281624,1.0355125830208287,0,0.22577621777606177,0,vrai négatif
R005364,2025-03-23,2025-05-04,Lazio,Roma,urbaine_culturelle,LAZ-4-3,4,groupe,Europe_Centrale,telephone,voiture,42,3,5,0.0,2,petit_dejeuner,non,total,285.81,7,1594.82,fidele,9,1,0.0,0,8,1,1,0,DIRECT,0,0,0,1,1,0.1111111111111111,0,5.0,2.5,0,318.964,531.6066666666667,2.0,0,2.0,0,5,3,0.49999999999999994,-0.8660254037844387,3.7612001156935624,14.0,0,7.522400231387125,0.0,3.7612001156935624,0.0,0.0,0.0,1.3837997482327877,1.1282122133185963,0,0.1102296927656805,0,vrai négatif
R006118,2025-03-23,2025-04-22,Liguria,Genova,littorale,LIG-4-2,4,famille,Europe_Ouest,site_hotel,avion_direct,30,5,2,1.0,1,aucune,oui,aucun,183.2,5,870.2,nouveau,0,0,0.0,0,0,0,0,0,DIRECT,1,0,0,0,1,0.0,1,3.0,3.0,1,290.06666666666666,174.04000000000002,0.0,1,-1.0,1,4,3,0.8660254037844387,-0.4999999999999998,3.4339872044851463,6.0,0,0.0,3.4339872044851463,3.4339872044851463,0.0,0.0,0.0,0.9923891552233145,1.2426236179881978,1,0.27061224013139384,1,vrai positif
R007498,2025-03-23,2025-04-21,Lazio,Roma,urbaine_culturelle,LAZ-4-2,4,famille,Europe_Ouest,plateforme_en_ligne,voiture,29,6,2,1.0,1,petit_dejeuner,oui,aucun,193.3,6,1090.21,nouveau,0,0,0.0,1,0,0,1,0,AG021,1,0,0,0,0,0.0,1,3.0,3.0,1,363.40333333333336,181.70166666666668,0.0,1,-1.0,1,4,3,0.8660254037844387,-0.4999999999999998,3.4011973816621555,4.833333333333333,1,0.0,3.4011973816621555,0.0,0.0,3.4011973816621555,0.0,0.9538613372810264,0.7995036707682763,1,0.43607375768839185,1,vrai positif
R007609,2025-03-23,2025-04-21,Sicilia,Palermo,insulaire_mixte,SIC-3-1,3,famille,Italie,plateforme_en_ligne,avion_direct,29,5,2,3.0,2,demi_pension,non,total,82.21,7,764.55,nouveau,0,0,0.0,0,0,0,0,0,AG025,1,0,0,0,0,0.0,1,5.0,2.5,1,152.91,152.91,2.0,0,2.0,0,4,3,0.8660254037844387,-0.4999999999999998,3.4011973816621555,5.8,0,6.802394763324311,0.0,0.0,0.0,0.0,0.0,0.5604144653873684,0.5667505428975216,1,0.14338160226104063,0,faux négatif
R007980,2025-03-23,2025-04-07,Trentino-Alto_Adige,Bolzano,montagne,TRE-4-2,4,loisirs_couple,Italie,telephone,voiture,15,6,2,0.0,1,petit_dejeuner,oui,partiel,178.75,7,997.43,nouveau,0,0,0.0,0,0,0,0,0,DIRECT,0,0,0,0,1,0.0,1,2.0,2.0,0,498.715,166.23833333333332,1.0,1,0.0,0,4,3,0.8660254037844387,-0.4999999999999998,2.772588722239781,2.5,0,2.772588722239781,2.772588722239781,2.772588722239781,1.0,0.0,0.0,0.9488799235587643,1.0406357338301215,0,0.1778379304904423,0,vrai négatif
R008262,2025-03-23,2025-03-30,Liguria,Genova,littorale,LIG-4-1,4,groupe,Italie,plateforme_en_ligne,train,7,3,4,0.0,4,demi_pension,oui,partiel,200.18,1,2378.14,nouveau,0,0,2.0,1,0,0,0,0,AG009,0,0,0,0,0,0.0,1,4.0,1.0,0,594.535,792.7133333333333,1.0,1,0.0,0,3,3,1.0,6.123233995736766e-17,2.0794415416798357,2.3333333333333335,1,2.0794415416798357,2.0794415416798357,0.0,1.0,2.0794415416798357,4.1588830833596715,1.1086005427258128,1.2818082858423512,0,0.34353796768868616,1,faux positif
R000291,2025-03-24,2025-04-12,Sicilia,Palermo,insulaire_mixte,SIC-4-2,4,famille,Autres,plateforme_en_ligne,avion_direct,19,7,2,1.0,1,petit_dejeuner,oui,aucun,163.06,3,1107.18,nouveau,0,0,1.0,0,0,0,0,1,AG015,1,0,0,0,0,0.0,1,3.0,3.0,1,369.06,158.16857142857143,0.0,1,-1.0,1,4,3,0.8660254037844387,-0.4999999999999998,2.995732273553991,2.7142857142857144,0,0.0,2.995732273553991,0.0,0.0,0.0,2.995732273553991,0.9409660107334527,1.1241253317707076,1,0.32136388702403584,1,vrai positif
R003021,2025-03-24,2025-04-26,Campania,Napoli,urbaine_cotiere,CAM-5-3,5,famille,Italie,site_hotel,train,33,6,2,2.0,1,petit_dejeuner,oui,partiel,261.64,4,1507.05,nouveau,0,0,0.0,0,0,0,1,1,DIRECT,0,0,0,0,1,0.0,1,4.0,4.0,1,376.7625,251.17499999999998,1.0,1,0.0,0,4,3,0.8660254037844387,-0.4999999999999998,3.5263605246161616,5.5,0,3.5263605246161616,3.5263605246161616,3.5263605246161616,1.0,0.0,0.0,1.2906153656431123,1.2945425758250455,0,0.2728511214520888,1,faux positif
R003994,2025-03-24,2025-04-27,Lombardia,Milano,affaires_lacs,LOM-4-1,4,loisirs_couple,Italie,telephone,avion_direct,34,3,2,0.0,1,aucune,non,total,229.14,1,680.55,nouveau,0,0,0.0,0,0,0,1,0,DIRECT,0,0,0,0,1,0.0,1,2.0,2.0,0,340.275,226.85,2.0,0,2.0,0,4,3,0.8660254037844387,-0.4999999999999998,3.5553480614894135,11.333333333333334,0,7.110696122978827,0.0,3.5553480614894135,0.0,0.0,0.0,1.0374428396794493,0.867806623870931,0,0.08679259359439231,0,vrai négatif
R005069,2025-03-24,2025-04-28,Lazio,Roma,urbaine_culturelle,LAZ-4-1,4,loisirs_couple,Italie,site_hotel,avion_correspondance,35,6,2,0.0,1,petit_dejeuner,oui,aucun,284.54,2,1673.1,nouveau,0,0,1.0,0,0,0,1,0,DIRECT,0,0,0,0,1,0.0,1,2.0,2.0,0,836.55,278.84999999999997,0.0,1,-1.0,1,4,3,0.8660254037844387,-0.4999999999999998,3.58351893845611,5.833333333333333,0,0.0,3.58351893845611,3.58351893845611,0.0,0.0,3.58351893845611,1.3931649040344694,1.1768793299555371,0,0.2931317199695412,1,faux positif
R007634,2025-03-24,2025-09-13,Lazio,Roma,urbaine_culturelle,LAZ-4-3,4,famille,Ameriques,plateforme_en_ligne,voiture,173,5,2,2.0,1,petit_dejeuner,non,total,280.41,3,1359.99,nouveau,0,0,1.0,0,0,0,1,1,AG045,0,0,0,0,0,0.0,1,4.0,4.0,1,339.9975,271.998,2.0,0,2.0,0,9,3,-1.0,-1.8369701987210297e-16,5.159055299214529,34.6,0,10.318110598429058,0.0,0.0,0.0,0.0,5.159055299214529,1.357654691585165,1.1766606520918133,0,0.16566694118158454,0,vrai négatif
R008479,2025-03-24,2025-05-08,Veneto,Venezia,urbaine_littorale,VEN-3-1,3,affaires,Europe_Ouest,plateforme_en_ligne,train,45,3,2,0.0,1,demi_pension,non,total,233.48,1,693.44,nouveau,0,0,2.0,0,0,0,1,0,AG020,0,0,0,0,0,0.0,1,2.0,2.0,0,346.72,231.14666666666668,2.0,0,2.0,0,5,3,0.49999999999999994,-0.8660254037844387,3.828641396489095,15.0,0,7.65728279297819,0.0,0.0,0.0,0.0,7.65728279297819,1.1888286361669085,0.9242889095623601,0,0.1274464531148895,0,vrai négatif
R009262,2025-03-24,2025-05-05,Campania,Napoli,urbaine_cotiere,CAM-4-1,4,famille,Europe_Centrale,telephone,train,42,7,2,1.0,1,petit_dejeuner,oui,aucun,205.01,8,1320.26,nouveau,0,0,0.0,0,0,0,1,0,DIRECT,0,0,0,0,1,0.0,1,3.0,3.0,1,440.08666666666664,188.60857142857142,0.0,1,-1.0,1,5,3,0.49999999999999994,-0.8660254037844387,3.7612001156935624,6.0,0,0.0,3.7612001156935624,3.7612001156935624,0.0,0.0,0.0,1.0833905828885484,1.047144754316069,0,0.3498393121162162,1,faux positif
R009982,2025-03-24,2025-05-24,Trentino-Alto_Adige,Bolzano,montagne,TRE-3-3,3,famille,Italie,plateforme_en_ligne,voiture,61,6,2,1.0,1,aucune,oui,aucun,181.02,7,1010.09,nouveau,0,0,1.0,0,0,0,0,1,AG016,0,0,0,0,0,0.0,1,3.0,3.0,1,336.69666666666666,168.34833333333333,0.0,1,-1.0,1,5,3,0.49999999999999994,-0.8660254037844387,4.127134385045092,10.166666666666666,0,0.0,4.127134385045092,0.0,0.0,0.0,4.127134385045092,1.1723333980959783,1.1306683322923174,0,0.4194981786941505,1,faux positif
R000591,2025-03-25,2025-04-12,Lazio,Roma,urbaine_culturelle,LAZ-5-2,5,loisirs_couple,Europe_Ouest,agence,avion_direct,18,6,2,0.0,1,petit_dejeuner,oui,partiel,293.28,1,1742.08,nouveau,0,0,0.0,0,0,0,1,1,AG030,0,0,0,0,0,0.0,1,2.0,2.0,0,871.04,290.34666666666664,1.0,1,0.0,0,4,3,0.8660254037844387,-0.4999999999999998,2.9444389791664403,3.0,0,2.9444389791664403,2.9444389791664403,0.0,1.0,0.0,0.0,1.2724748351266921,1.2130286423327472,0,0.27693237545596444,1,faux positif
R001452,2025-03-25,2025-04-28,Trentino-Alto_Adige,Bolzano,montagne,TRE-4-3,4,groupe,Europe_Ouest,plateforme_en_ligne,train,34,2,4,0.0,3,petit_dejeuner,oui,aucun,185.78,4,1070.09,fidele,2,0,1.0,1,0,0,0,0,AG006,0,0,0,0,0,0.0,0,4.0,1.3333333333333333,0,267.5225,535.045,0.0,1,-1.0,1,4,3,0.8660254037844387,-0.4999999999999998,3.5553480614894135,17.0,1,0.0,3.5553480614894135,0.0,0.0,3.5553480614894135,3.5553480614894135,1.000888936777739,1.0815625545787972,0,0.4835528153145423,1,faux positif
R002537,2025-03-25,2025-04-15,Sardegna,Cagliari,insulaire_balneaire,SAR-4-3,4,solo,Europe_Ouest,site_hotel,avion_correspondance,21,9,1,0.0,1,petit_dejeuner,non,total,140.51,8,1163.42,fidele,3,0,0.0,0,0,0,0,0,DIRECT,0,0,0,0,1,0.0,0,1.0,1.0,0,1163.42,129.2688888888889,2.0,0,2.0,0,4,3,0.8660254037844387,-0.4999999999999998,3.091042453358316,2.3333333333333335,0,6.182084906716632,0.0,3.091042453358316,0.0,0.0,0.0,0.6993504715924644,0.6953481795687522,0,0.08844740438413339,0,vrai négatif
R002779,2025-03-25,2025-04-21,Lombardia,Milano,affaires_lacs,LOM-4-2,4,loisirs_couple,Italie,site_hotel,train,27,5,2,0.0,1,petit_dejeuner,oui,partiel,245.16,0,1225.8,fidele,4,0,1.0,1,0,0,1,0,DIRECT,0,0,0,0,1,0.0,0,2.0,2.0,0,612.9,245.16,1.0,1,0.0,0,4,3,0.8660254037844387,-0.4999999999999998,3.332204510175204,5.4,1,3.332204510175204,3.332204510175204,3.332204510175204,1.0,3.332204510175204,3.332204510175204,1.093927089375753,0.9284781003238084,0,0.19597849974602782,0,vrai négatif
R003305,2025-03-25,2025-03-28,Lazio,Roma,urbaine_culturelle,LAZ-4-2,4,affaires,Italie,telephone,voiture,3,2,2,0.0,1,aucune,oui,aucun,185.41,0,370.82,fidele,8,1,2.0,1,0,0,0,1,DIRECT,0,0,0,0,1,0.125,0,2.0,2.0,0,185.41,185.41,0.0,1,-1.0,1,3,3,1.0,6.123233995736766e-17,1.3862943611198906,1.5,1,0.0,1.3862943611198906,1.3862943611198906,0.0,1.3862943611198906,2.772588722239781,0.9149272144090796,1.0866201723026432,0,0.29807955380956835,1,faux positif
R003950,2025-03-25,2025-04-06,Campania,Napoli,urbaine_cotiere,CAM-5-2,5,affaires,Italie,agence,avion_direct,12,3,2,0.0,1,aucune,non,total,184.16,2,541.43,fidele,10,1,1.0,1,0,0,1,0,AG015,0,0,0,0,0,0.1,0,2.0,2.0,0,270.715,180.47666666666666,2.0,0,2.0,0,4,3,0.8660254037844387,-0.4999999999999998,2.5649493574615367,4.0,1,5.1298987149230735,0.0,0.0,0.0,2.5649493574615367,2.5649493574615367,0.8828802914808955,0.9111869773885507,0,0.13485206321828014,0,vrai négatif
R005701,2025-03-25,2025-03-30,Liguria,Genova,littorale,LIG-3-2,3,famille,Italie,plateforme_en_ligne,voiture,5,3,2,2.0,1,petit_dejeuner,oui,aucun,132.99,8,367.05,fidele,10,1,1.0,1,0,0,0,0,AG015,1,0,0,0,0,0.1,0,4.0,4.0,1,91.7625,122.35000000000001,0.0,1,-1.0,1,3,3,1.0,6.123233995736766e-17,1.791759469228055,1.6666666666666667,1,0.0,1.791759469228055,0.0,0.0,1.791759469228055,1.791759469228055,0.8241308793456033,0.8515720048664916,1,0.3944208650484544,1,vrai positif
R006639,2025-03-25,2025-04-14,Liguria,Genova,littorale,LIG-4-3,4,famille,Italie,agence,voiture,20,6,2,2.0,1,petit_dejeuner,non,partiel,190.38,7,1062.32,nouveau,0,0,2.0,0,0,0,0,0,AG029,0,0,0,0,0,0.0,1,4.0,4.0,1,265.58,177.0533333333333,1.0,0,1.0,0,4,3,0.8660254037844387,-0.4999999999999998,3.044522437723423,3.3333333333333335,0,3.044522437723423,0.0,0.0,0.0,0.0,6.089044875446846,1.0982405537929045,1.2913246964661194,0,0.12544497576458874,0,vrai négatif
R000974,2025-03-26,2025-05-22,Lazio,Roma,urbaine_culturelle,LAZ-4-1,4,loisirs_couple,Europe_Ouest,plateforme_en_ligne,avion_correspondance,57,4,2,0.0,1,aucune,oui,aucun,293.2,5,1114.16,nouveau,0,0,4.0,0,0,0,1,0,AG019,0,0,1,0,0,0.0,1,2.0,2.0,0,557.08,278.54,0.0,1,-1.0,1,5,3,0.49999999999999994,-0.8660254037844387,4.060443010546419,14.25,0,0.0,4.060443010546419,0.0,0.0,0.0,16.241772042185676,1.435566000783392,1.1573836497848655,0,0.34867626647077327,1,faux positif
R001880,2025-03-26,2025-05-18,Sardegna,Cagliari,insulaire_balneaire,SAR-3-1,3,loisirs_couple,Italie,plateforme_en_ligne,ferry,53,7,2,0.0,1,petit_dejeuner,oui,aucun,185.64,1,1286.49,fidele,1,0,2.0,0,0,0,0,0,AG021,1,0,1,0,0,0.0,0,2.0,2.0,0,643.245,183.78428571428572,0.0,1,-1.0,1,5,3,0.49999999999999994,-0.8660254037844387,3.9889840465642745,7.571428571428571,0,0.0,3.9889840465642745,0.0,0.0,0.0,7.977968093128549,1.138755980861244,1.105,1,0.3832108671782618,1,vrai positif
R003319,2025-03-26,2025-04-20,Sardegna,Cagliari,insulaire_balneaire,SAR-5-3,5,affaires,Europe_Ouest,site_hotel,avion_direct,25,3,2,0.0,1,aucune,oui,partiel,243.04,1,721.83,nouveau,0,0,2.0,0,0,0,0,0,DIRECT,0,0,0,0,1,0.0,1,2.0,2.0,0,360.915,240.61,1.0,1,0.0,0,4,3,0.8660254037844387,-0.4999999999999998,3.258096538021482,8.333333333333334,0,3.258096538021482,3.258096538021482,3.258096538021482,1.0,0.0,6.516193076042964,1.1533515244987542,1.2027430187345352,0,0.18855572563900908,0,vrai négatif
R004261,2025-03-26,2025-05-23,Veneto,Venezia,urbaine_littorale,VEN-4-3,4,groupe,Europe_Centrale,plateforme_en_ligne,avion_correspondance,58,2,5,0.0,4,aucune,oui,partiel,250.61,8,1844.49,nouveau,0,0,0.0,0,0,0,1,1,AG026,1,0,0,0,0,0.0,1,5.0,1.25,0,368.898,922.245,1.0,1,0.0,0,5,3,0.49999999999999994,-0.8660254037844387,4.07753744390572,29.0,0,4.07753744390572,4.07753744390572,0.0,1.0,0.0,0.0,1.1482966390982612,0.9921022940955246,1,0.4946643044701429,1,vrai positif
R004358,2025-03-26,2025-04-18,Lazio,Roma,urbaine_culturelle,LAZ-4-2,4,loisirs_couple,Ameriques,agence,train,23,3,2,0.0,1,aucune,oui,aucun,247.62,6,698.29,nouveau,0,0,0.0,0,0,0,1,1,AG039,1,0,0,0,0,0.0,1,2.0,2.0,0,349.145,232.76333333333332,0.0,1,-1.0,1,4,3,0.8660254037844387,-0.4999999999999998,3.1780538303479458,7.666666666666667,0,0.0,3.1780538303479458,0.0,0.0,0.0,0.0,1.2219096965210954,1.0241753696618756,1,0.40324281325288214,1,vrai positif
R005505,2025-03-26,2025-04-24,Veneto,Venezia,urbaine_littorale,VEN-4-1,4,groupe,Asie_Pacifique,site_hotel,voiture,29,2,3,0.0,2,pension_complete,oui,partiel,256.95,9,935.3,nouveau,0,0,1.0,0,0,0,1,0,DIRECT,0,0,0,0,1,0.0,1,3.0,1.5,0,311.76666666666665,467.65,1.0,1,0.0,0,4,3,0.8660254037844387,-0.4999999999999998,3.4011973816621555,14.5,0,3.4011973816621555,3.4011973816621555,3.4011973816621555,1.0,0.0,3.4011973816621555,1.1645403249563777,0.9981741900396238,0,0.2265455404037668,0,vrai négatif
R006056,2025-03-26,2025-04-17,Toscana,Firenze,culturelle_rurale,TOS-3-3,3,affaires,Italie,site_hotel,avion_direct,22,2,2,0.0,1,petit_dejeuner,oui,aucun,195.73,0,391.46,nouveau,0,0,1.0,0,0,0,1,0,DIRECT,0,0,0,0,1,0.0,1,2.0,2.0,0,195.73,195.73,0.0,1,-1.0,1,4,3,0.8660254037844387,-0.4999999999999998,3.1354942159291497,11.0,0,0.0,3.1354942159291497,3.1354942159291497,0.0,0.0,3.1354942159291497,1.1375682901313495,0.8387470003428179,0,0.29307772425718287,1,faux positif
R007367,2025-03-26,2025-04-05,Liguria,Genova,littorale,LIG-4-2,4,loisirs_couple,Italie,agence,voiture,10,7,2,0.0,1,petit_dejeuner,oui,aucun,195.93,5,1302.93,nouveau,0,0,0.0,0,0,0,0,1,AG019,0,0,0,0,0,0.0,1,2.0,2.0,0,651.465,186.13285714285715,0.0,1,-1.0,1,4,3,0.8660254037844387,-0.4999999999999998,2.3978952727983707,1.4285714285714286,0,0.0,2.3978952727983707,0.0,0.0,0.0,0.0,1.0613472007800437,1.3289696805263516,0,0.3175374477797197,1,faux positif
R009118,2025-03-26,2025-06-17,Veneto,Venezia,urbaine_littorale,VEN-4-2,4,solo,Europe_Ouest,agence,train,83,2,1,0.0,1,petit_dejeuner,non,total,237.62,8,437.22,nouveau,0,0,0.0,0,0,0,1,0,AG021,0,0,0,0,0,0.0,1,1.0,1.0,0,437.22,218.61,2.0,0,2.0,0,6,3,1.2246467991473532e-16,-1.0,4.430816798843313,41.5,0,8.861633597686627,0.0,0.0,0.0,0.0,0.0,1.051508983095849,0.9563520012879079,0,0.11499266233931203,0,vrai négatif
R009422,2025-03-26,2025-03-31,Liguria,Genova,littorale,LIG-3-1,3,affaires,Europe_Ouest,site_hotel,avion_direct,5,3,2,0.0,1,aucune,oui,partiel,116.37,9,317.69,entreprise,4,1,0.0,0,0,0,0,0,DIRECT,0,0,0,0,1,0.25,0,2.0,2.0,0,158.845,105.89666666666666,1.0,1,0.0,0,3,3,1.0,6.123233995736766e-17,1.791759469228055,1.6666666666666667,0,1.791759469228055,1.791759469228055,1.791759469228055,1.0,0.0,0.0,0.7540335644398367,0.7451495165524749,0,0.2621374969585064,1,faux positif
R009997,2025-03-26,2025-04-14,Puglia,Bari,balneaire_rurale,PUG-3-1,3,loisirs_couple,Europe_Centrale,site_hotel,train,19,2,2,0.0,1,petit_dejeuner,oui,aucun,115.52,12,203.32,nouveau,0,0,2.0,1,0,0,0,0,DIRECT,0,0,0,0,1,0.0,1,2.0,2.0,0,101.66,101.66,0.0,1,-1.0,1,4,3,0.8660254037844387,-0.4999999999999998,2.995732273553991,9.5,1,0.0,2.995732273553991,2.995732273553991,0.0,2.995732273553991,5.991464547107982,0.9020067150776919,0.9114003944773176,0,0.233172213327484,0,vrai négatif
R000510,2025-03-27,2025-05-25,Lazio,Roma,urbaine_culturelle,LAZ-3-2,3,loisirs_couple,Italie,agence,train,59,5,2,0.0,1,demi_pension,non,total,170.5,2,835.45,nouveau,0,0,0.0,1,0,0,1,0,AG003,0,0,0,0,0,0.0,1,2.0,2.0,0,417.725,167.09,2.0,0,2.0,0,5,3,0.49999999999999994,-0.8660254037844387,4.0943445622221,11.8,1,8.1886891244442,0.0,0.0,0.0,4.0943445622221,0.0,0.9933292551487081,0.6730351715154147,0,0.14552686213077862,0,vrai négatif
R001419,2025-03-27,2025-05-03,Lombardia,Milano,affaires_lacs,LOM-3-2,3,loisirs_couple,Inconnu,agence,train,37,2,2,0.0,1,petit_dejeuner,non,partiel,255.94,3,496.52,nouveau,0,0,1.0,0,0,0,1,1,AG038,0,0,0,0,0,0.0,1,2.0,2.0,0,248.26,248.26,1.0,0,1.0,0,5,3,0.49999999999999994,-0.8660254037844387,3.6375861597263857,18.5,0,3.6375861597263857,0.0,0.0,0.0,0.0,3.6375861597263857,1.338913447202532,0.9370286300065901,0,0.19330776719903003,0,vrai négatif
R001863,2025-03-27,2025-05-22,Campania,Napoli,urbaine_cotiere,CAM-3-2,3,loisirs_couple,Asie_Pacifique,telephone,avion_correspondance,56,3,2,0.0,1,petit_dejeuner,non,partiel,209.29,1,621.59,entreprise,5,0,1.0,0,0,0,1,0,DIRECT,1,0,0,0,1,0.0,0,2.0,2.0,0,310.795,207.1966666666667,1.0,0,1.0,0,5,3,0.49999999999999994,-0.8660254037844387,4.04305126783455,18.666666666666668,0,4.04305126783455,0.0,4.04305126783455,0.0,0.0,4.04305126783455,1.225710102489019,1.069006027173358,1,0.1428259480947788,0,faux négatif
R003257,2025-03-27,2025-04-04,Lazio,Roma,urbaine_culturelle,LAZ-5-1,5,affaires,Europe_Ouest,entreprise,voiture,8,2,2,0.0,1,aucune,oui,aucun,350.11,6,658.21,fidele,5,1,1.0,1,0,0,1,1,DIRECT,0,0,1,0,1,0.2,0,2.0,2.0,0,329.105,329.105,0.0,1,-1.0,1,4,3,0.8660254037844387,-0.4999999999999998,2.1972245773362196,4.0,1,0.0,2.1972245773362196,2.1972245773362196,0.0,2.1972245773362196,2.1972245773362196,1.5371545233025268,1.4480818943232345,0,0.23571779017856287,0,vrai négatif
R005431,2025-03-27,2025-04-05,Puglia,Bari,balneaire_rurale,PUG-4-2,4,affaires,Europe_Centrale,site_hotel,voiture,9,1,2,0.0,1,petit_dejeuner,oui,aucun,182.3,6,171.36,fidele,5,1,2.0,0,0,0,0,1,DIRECT,1,0,0,0,1,0.2,0,2.0,2.0,0,85.68,171.36,0.0,1,-1.0,1,4,3,0.8660254037844387,-0.4999999999999998,2.302585092994046,9.0,0,0.0,2.302585092994046,2.302585092994046,0.0,0.0,4.605170185988092,1.211537183491726,1.4382642998027615,1,0.2316922728870599,0,faux négatif
R005565,2025-03-27,2025-06-20,Sardegna,Cagliari,insulaire_balneaire,SAR-3-2,3,loisirs_couple,Italie,site_hotel,avion_correspondance,85,5,2,0.0,1,petit_dejeuner,oui,aucun,219.45,9,998.5,nouveau,0,0,1.0,0,0,0,1,1,DIRECT,0,0,0,0,1,0.0,1,2.0,2.0,0,499.25,199.7,0.0,1,-1.0,1,6,3,1.2246467991473532e-16,-1.0,4.454347296253507,17.0,0,0.0,4.454347296253507,4.454347296253507,0.0,0.0,4.454347296253507,1.4278742924067929,0.9574816204541984,0,0.3803059901542632,1,faux positif
R007078,2025-03-27,2025-07-09,Sicilia,Palermo,insulaire_mixte,SIC-3-3,3,solo,Italie,site_hotel,voiture,104,8,1,0.0,1,petit_dejeuner,non,total,165.2,8,1215.87,nouveau,0,0,0.0,1,0,0,1,0,DIRECT,0,0,0,0,1,0.0,1,1.0,1.0,0,1215.87,151.98375,2.0,0,2.0,0,7,3,-0.4999999999999997,-0.8660254037844388,4.653960350157523,13.0,1,9.307920700315046,0.0,4.653960350157523,0.0,4.653960350157523,0.0,1.1702203017638309,0.8982654559295307,0,0.09836694014978405,0,vrai négatif
R007516,2025-03-27,2025-04-01,Puglia,Bari,balneaire_rurale,PUG-3-3,3,famille,Europe_Centrale,telephone,voiture,5,5,2,1.0,1,demi_pension,oui,partiel,105.3,4,505.44,fidele,10,1,2.0,1,0,0,0,0,DIRECT,0,0,0,0,1,0.1,0,3.0,3.0,1,168.48,101.088,1.0,1,0.0,0,4,3,0.8660254037844387,-0.4999999999999998,1.791759469228055,1.0,1,1.791759469228055,1.791759469228055,1.791759469228055,1.0,1.791759469228055,3.58351893845611,0.7553260167850226,0.8307692307692307,0,0.21638557625370922,0,vrai négatif
R009519,2025-03-27,2025-04-17,Campania,Napoli,urbaine_cotiere,CAM-5-2,5,loisirs_couple,Autres,plateforme_en_ligne,avion_correspondance,21,7,2,0.0,1,petit_dejeuner,non,partiel,170.85,0,1195.95,nouveau,0,0,1.0,3,0,0,1,0,AG002,1,0,0,0,0,0.0,1,2.0,2.0,0,597.975,170.85,1.0,0,1.0,0,4,3,0.8660254037844387,-0.4999999999999998,3.091042453358316,3.0,1,3.091042453358316,0.0,0.0,0.0,3.091042453358316,3.091042453358316,0.8190709046454767,0.8453317500371084,1,0.3508287347106244,1,vrai positif
R000652,2025-03-28,2025-05-30,Campania,Napoli,urbaine_cotiere,CAM-3-2,3,famille,Europe_Ouest,agence,voiture,63,4,2,2.0,1,petit_dejeuner,oui,aucun,208.8790322580645,7,777.03,fidele,5,1,1.0,0,0,0,1,1,AG018,0,1,0,0,0,0.2,0,4.0,4.0,1,194.2575,194.2575,0.0,1,-1.0,1,5,3,0.49999999999999994,-0.8660254037844387,4.1588830833596715,15.75,0,0.0,4.1588830833596715,0.0,0.0,0.0,4.1588830833596715,1.2233032635904217,1.0669068968130786,0,0.43275512465869287,1,faux positif
R000928,2025-03-28,2025-05-13,Trentino-Alto_Adige,Bolzano,montagne,TRE-3-3,3,solo,Ameriques,site_hotel,avion_correspondance,46,3,1,0.0,1,petit_dejeuner,oui,aucun,147.16,6,414.99,nouveau,0,0,1.0,0,0,0,0,0,DIRECT,0,0,0,0,1,0.0,1,1.0,1.0,0,414.99,138.33,0.0,1,-1.0,1,5,3,0.49999999999999994,-0.8660254037844387,3.8501476017100584,15.333333333333334,0,0.0,3.8501476017100584,3.8501476017100584,0.0,0.0,3.8501476017100584,0.953047082442847,0.9191755153029357,0,0.3098171473944977,1,faux positif
R001332,2025-03-28,2025-05-08,Sardegna,Cagliari,insulaire_balneaire,SAR-5-2,5,famille,Italie,plateforme_en_ligne,avion_direct,41,8,2,2.0,1,aucune,oui,aucun,194.07,3,1505.98,nouveau,0,0,2.0,0,0,0,0,0,AG020,0,0,0,0,0,0.0,1,4.0,4.0,1,376.495,188.2475,0.0,1,-1.0,1,5,3,0.49999999999999994,-0.8660254037844387,3.7376696182833684,5.125,0,0.0,3.7376696182833684,0.0,0.0,0.0,7.475339236566737,0.9351419071941406,1.1551785714285714,0,0.3952166285732836,1,faux positif
R001864,2025-03-28,2025-06-03,Campania,Napoli,urbaine_cotiere,CAM-3-2,3,loisirs_couple,Europe_Ouest,site_hotel,train,67,5,2,0.0,1,petit_dejeuner,non,partiel,163.72,3,794.04,nouveau,0,0,0.0,0,0,0,1,0,DIRECT,0,0,0,0,1,0.0,1,2.0,2.0,0,397.02,158.808,1.0,0,1.0,0,6,3,1.2246467991473532e-16,-1.0,4.219507705176107,13.4,0,4.219507705176107,0.0,4.219507705176107,0.0,0.0,0.0,0.9588286969253295,0.7782848450275718,0,0.16930087485761425,0,vrai négatif
R003460,2025-03-28,2025-04-15,Lazio,Roma,urbaine_culturelle,LAZ-4-1,4,famille,Autres,agence,train,18,5,2,3.0,2,aucune,non,total,206.36,7,1919.15,nouveau,0,0,1.0,0,0,0,1,0,AG027,0,0,0,0,0,0.0,1,5.0,2.5,1,383.83000000000004,383.83000000000004,2.0,0,2.0,0,4,3,0.8660254037844387,-0.4999999999999998,2.9444389791664403,3.6,0,5.8888779583328805,0.0,0.0,0.0,0.0,2.9444389791664403,1.010379945162554,0.8535208354875401,0,0.12219595287347546,0,vrai négatif
R003658,2025-03-28,2025-04-10,Liguria,Genova,littorale,LIG-3-2,3,affaires,Asie_Pacifique,plateforme_en_ligne,train,13,1,2,0.0,1,petit_dejeuner,non,aucun,143.28,8,131.82,nouveau,0,0,1.0,0,0,0,0,0,AG037,1,0,0,0,0,0.0,1,2.0,2.0,0,65.91,131.82,0.0,0,0.0,0,4,3,0.8660254037844387,-0.4999999999999998,2.639057329615259,13.0,0,0.0,0.0,0.0,0.0,0.0,2.639057329615259,0.8878973786949247,0.9718510479549617,1,0.21753539632002017,0,faux négatif
R004231,2025-03-28,2025-04-25,Sardegna,Cagliari,insulaire_balneaire,SAR-5-1,5,loisirs_couple,Europe_Ouest,telephone,avion_correspondance,28,10,2,1.0,1,aucune,non,partiel,184.46,3,1789.26,nouveau,0,0,0.0,0,0,0,0,1,DIRECT,0,0,0,0,1,0.0,1,3.0,3.0,1,596.42,178.926,1.0,0,1.0,0,4,3,0.8660254037844387,-0.4999999999999998,3.367295829986474,2.8,0,3.367295829986474,0.0,3.367295829986474,0.0,0.0,0.0,0.8563581225274245,0.9128455284552845,0,0.18416872789064653,0,vrai négatif
R008352,2025-03-28,2025-04-09,Liguria,Genova,littorale,LIG-4-2,4,loisirs_couple,Europe_Centrale,plateforme_en_ligne,voiture,12,3,2,0.0,1,petit_dejeuner,non,total,171.96,0,515.88,nouveau,0,0,1.0,0,0,0,0,0,AG009,0,0,0,0,0,0.0,1,2.0,2.0,0,257.94,171.96,2.0,0,2.0,0,4,3,0.8660254037844387,-0.4999999999999998,2.5649493574615367,4.0,0,5.1298987149230735,0.0,0.0,0.0,0.0,2.5649493574615367,0.9315023970098317,1.1663840466662145,0,0.1014994162381131,0,vrai négatif
R000558,2025-03-29,2025-06-04,Puglia,Bari,balneaire_rurale,PUG-4-2,4,loisirs_couple,Europe_Centrale,site_hotel,voiture,67,7,2,1.0,1,aucune,non,total,156.37,0,1094.59,nouveau,0,0,1.0,0,0,0,1,0,DIRECT,0,0,0,0,1,0.0,1,3.0,3.0,1,364.8633333333333,156.36999999999998,2.0,0,2.0,0,6,3,1.2246467991473532e-16,-1.0,4.219507705176107,9.571428571428571,0,8.439015410352214,0.0,4.219507705176107,0.0,0.0,4.219507705176107,1.0392104738486077,0.9302201070791196,0,0.0773409409943922,0,vrai négatif
R000655,2025-03-29,2025-04-18,Lombardia,Milano,affaires_lacs,LOM-5-3,5,groupe,Europe_Centrale,site_hotel,voiture,20,5,3,0.0,4,petit_dejeuner,non,total,316.21,0,6324.2,nouveau,0,0,2.0,1,0,0,1,1,DIRECT,0,0,0,0,1,0.0,1,3.0,0.75,0,2108.0666666666666,1264.84,2.0,0,2.0,0,4,3,0.8660254037844387,-0.4999999999999998,3.044522437723423,4.0,1,6.089044875446846,0.0,3.044522437723423,0.0,3.044522437723423,6.089044875446846,1.1633065999558532,1.197561021795527,0,0.07958332765566022,0,vrai négatif
R004637,2025-03-29,2025-09-01,Puglia,Bari,balneaire_rurale,PUG-4-2,4,famille,Italie,agence,avion_direct,156,6,2,1.0,1,petit_dejeuner,oui,aucun,221.63,7,1236.7,nouveau,0,0,3.0,0,0,0,1,0,AG028,0,0,0,0,0,0.0,1,3.0,3.0,1,412.23333333333335,206.11666666666667,0.0,1,-1.0,1,9,3,-1.0,-1.8369701987210297e-16,5.056245805348308,26.0,0,0.0,5.056245805348308,0.0,0.0,0.0,15.168737416044923,1.47291818967236,1.3084007320384912,0,0.3612752556155605,1,faux positif
R005678,2025-03-29,2025-05-08,Veneto,Venezia,urbaine_littorale,VEN-3-3,3,famille,Europe_Ouest,plateforme_en_ligne,train,40,3,2,0.0,2,petit_dejeuner,non,total,227.95,6,1285.64,fidele,12,1,3.0,0,0,0,1,0,AG036,0,0,1,0,0,0.08333333333333333,0,2.0,1.0,0,642.82,428.5466666666667,2.0,0,2.0,0,5,3,0.49999999999999994,-0.8660254037844387,3.713572066704308,13.333333333333334,0,7.427144133408616,0.0,0.0,0.0,0.0,11.140716200112923,1.2210122629467537,0.9023970230201301,0,0.09951995682701746,0,vrai négatif
R006194,2025-03-29,2025-07-22,Veneto,Venezia,urbaine_littorale,VEN-5-3,5,solo,Autres,site_hotel,avion_direct,115,6,1,0.0,1,petit_dejeuner,oui,partiel,355.9,6,2007.28,nouveau,0,0,2.0,0,0,0,1,0,DIRECT,0,0,0,0,1,0.0,1,1.0,1.0,0,2007.28,334.5466666666667,1.0,1,0.0,0,7,3,-0.4999999999999997,-0.8660254037844388,4.7535901911063645,19.166666666666668,0,4.7535901911063645,4.7535901911063645,4.7535901911063645,1.0,0.0,9.507180382212729,1.376576158428096,1.3768690639688954,0,0.1976071449395901,0,vrai négatif
R007475,2025-03-29,2025-04-22,Lazio,Roma,urbaine_culturelle,LAZ-3-1,3,loisirs_couple,Europe_Centrale,telephone,train,24,7,2,0.0,1,petit_dejeuner,oui,aucun,232.9,4,1565.09,nouveau,0,0,0.0,0,0,1,1,0,DIRECT,1,0,0,0,1,0.0,1,2.0,2.0,0,782.545,223.5842857142857,0.0,1,-1.0,1,4,3,0.8660254037844387,-0.4999999999999998,3.2188758248682006,3.4285714285714284,0,0.0,3.2188758248682006,3.2188758248682006,0.0,0.0,0.0,1.3536762569020633,0.9632923172371006,1,0.3414915226005521,1,vrai positif
R007939,2025-03-29,2025-05-07,Sardegna,Cagliari,insulaire_balneaire,SAR-4-2,4,solo,Europe_Centrale,agence,avion_direct,39,5,1,0.0,1,petit_dejeuner,oui,aucun,224.32,4,1076.74,nouveau,0,0,2.0,0,1,0,0,0,AG037,0,0,0,0,0,0.0,1,1.0,1.0,0,1076.74,215.348,0.0,1,-1.0,1,5,3,0.49999999999999994,-0.8660254037844387,3.6888794541139363,7.8,0,0.0,3.6888794541139363,0.0,0.0,0.0,7.3777589082278725,1.201691457229156,1.3352380952380951,0,0.30549650593214905,1,faux positif
R009297,2025-03-29,2025-04-30,Puglia,Bari,balneaire_rurale,PUG-4-2,4,solo,Europe_Ouest,site_hotel,avion_direct,32,6,1,0.0,1,petit_dejeuner,oui,partiel,169.8,4,978.05,fidele,8,2,0.0,0,0,0,0,0,DIRECT,0,0,0,0,1,0.25,0,1.0,1.0,0,978.05,163.00833333333333,1.0,1,0.0,0,4,3,0.8660254037844387,-0.4999999999999998,3.4965075614664802,5.333333333333333,0,3.4965075614664802,3.4965075614664802,3.4965075614664802,1.0,0.0,0.0,1.1284641456768791,1.3396449704142013,0,0.1667662880943919,0,vrai négatif
R003063,2025-03-30,2025-05-04,Lazio,Roma,urbaine_culturelle,LAZ-4-1,4,famille,Ameriques,site_hotel,voiture,35,6,2,1.0,1,petit_dejeuner,non,total,225.75,2,1327.41,nouveau,0,0,0.0,0,0,0,1,0,DIRECT,0,0,0,0,1,0.0,1,3.0,3.0,1,442.47,221.235,2.0,0,2.0,0,5,3,0.49999999999999994,-0.8660254037844387,3.58351893845611,5.833333333333333,0,7.16703787691222,0.0,3.58351893845611,0.0,0.0,0.0,1.1053172737955346,0.8911301464492953,0,0.09080883541606452,0,vrai négatif
R005478,2025-03-30,2025-04-30,Campania,Napoli,urbaine_cotiere,CAM-4-1,4,loisirs_couple,Inconnu,agence,train,31,2,2,0.0,1,aucune,oui,total,255.59,8,470.29,nouveau,0,0,0.0,0,0,0,1,0,AG035,0,0,0,0,0,0.0,1,2.0,2.0,0,235.145,235.145,2.0,1,1.0,0,4,3,0.8660254037844387,-0.4999999999999998,3.4657359027997265,15.5,0,6.931471805599453,3.4657359027997265,0.0,2.0,0.0,0.0,1.3506843523754162,1.26460838157439,0,0.17296931521845962,0,vrai négatif
R005504,2025-03-30,2025-05-25,Sicilia,Palermo,insulaire_mixte,SIC-4-2,4,loisirs_couple,Asie_Pacifique,plateforme_en_ligne,avion_direct,56,5,2,0.0,1,aucune,oui,partiel,257.03,4,1233.74,nouveau,0,0,1.0,0,0,0,1,0,AG043,1,0,1,0,0,0.0,1,2.0,2.0,0,616.87,246.748,1.0,1,0.0,0,5,3,0.49999999999999994,-0.8660254037844387,4.04305126783455,11.2,0,4.04305126783455,4.04305126783455,0.0,1.0,0.0,4.04305126783455,1.4832361936638006,1.397091996195135,1,0.3090941945202854,1,vrai positif
R006409,2025-03-30,2025-05-26,Veneto,Venezia,urbaine_littorale,VEN-3-1,3,famille,Italie,agence,train,57,26,2,1.0,1,petit_dejeuner,non,total,206.4,2,5259.07,fidele,3,1,1.0,1,0,0,1,0,AG018,0,0,0,0,0,0.3333333333333333,0,3.0,3.0,1,1753.0233333333333,202.27192307692306,2.0,0,2.0,0,5,3,0.49999999999999994,-0.8660254037844387,4.060443010546419,2.1923076923076925,1,8.120886021092838,0.0,0.0,0.0,4.060443010546419,4.060443010546419,1.0509432521194533,0.817085964252489,0,0.20053888588466873,0,vrai négatif
R009737,2025-03-30,2025-04-09,Sicilia,Palermo,insulaire_mixte,SIC-3-1,3,loisirs_couple,Europe_Centrale,plateforme_en_ligne,ferry,10,7,2,0.0,1,aucune,oui,aucun,120.4,5,800.66,nouveau,0,0,2.0,0,0,0,0,0,AG042,0,0,0,0,0,0.0,1,2.0,2.0,0,400.33,114.38,0.0,1,-1.0,1,4,3,0.8660254037844387,-0.4999999999999998,2.3978952727983707,1.4285714285714286,0,0.0,2.3978952727983707,0.0,0.0,0.0,4.795790545596741,0.8207505368281128,0.8300299886250043,0,0.3787383316080263,1,faux positif
R003596,2025-03-31,2025-04-29,Trentino-Alto_Adige,Bolzano,montagne,TRE-4-1,4,affaires,Autres,plateforme_en_ligne,train,29,1,2,1.0,1,aucune,oui,aucun,226.92,8,208.77,nouveau,0,0,2.0,1,12,0,0,0,AG006,0,0,0,0,0,0.0,1,3.0,3.0,1,69.59,208.77,0.0,1,-1.0,1,4,3,0.8660254037844387,-0.4999999999999998,3.4011973816621555,29.0,1,0.0,3.4011973816621555,0.0,0.0,3.4011973816621555,6.802394763324311,1.1344014797410453,1.3210688711649297,0,0.28454977824402833,1,faux positif
R003859,2025-03-31,2025-04-06,Veneto,Venezia,urbaine_littorale,VEN-5-1,5,famille,Ameriques,plateforme_en_ligne,train,6,6,2,1.0,1,aucune,non,total,298.8,0,1792.8,fidele,8,1,0.0,0,0,0,1,0,AG045,1,0,0,0,0,0.125,0,3.0,3.0,1,597.6,298.8,2.0,0,2.0,0,4,3,0.8660254037844387,-0.4999999999999998,1.9459101490553132,1.0,0,3.8918202981106265,0.0,0.0,0.0,0.0,0.0,1.1052748390915144,1.1607489705539584,1,0.13643592209301256,0,faux négatif
R006057,2025-03-31,2025-06-09,Trentino-Alto_Adige,Bolzano,montagne,TRE-4-3,4,groupe,Ameriques,plateforme_en_ligne,voiture,70,2,5,0.0,4,aucune,oui,aucun,174.84,0,1398.72,fidele,5,1,2.0,3,0,0,0,0,AG035,1,0,0,0,0,0.2,0,5.0,1.25,0,279.744,699.36,0.0,1,-1.0,1,6,3,1.2246467991473532e-16,-1.0,4.2626798770413155,35.0,1,0.0,4.2626798770413155,0.0,0.0,4.2626798770413155,8.525359754082631,0.9419497346658405,1.1320168339268373,1,0.6855239138264313,1,vrai positif
R006585,2025-03-31,2025-04-12,Campania,Napoli,urbaine_cotiere,CAM-5-1,5,famille,Italie,telephone,train,12,7,2,3.0,2,demi_pension,oui,total,263.27,3,3575.21,nouveau,0,0,0.0,0,0,0,1,1,DIRECT,0,0,0,0,1,0.0,1,5.0,2.5,1,715.042,510.7442857142857,2.0,1,1.0,0,4,3,0.8660254037844387,-0.4999999999999998,2.5649493574615367,1.7142857142857142,0,5.1298987149230735,2.5649493574615367,2.5649493574615367,2.0,0.0,0.0,1.247163599327317,1.3026074909702636,0,0.18480841966605313,0,vrai négatif
R000040,2025-04-01,2025-04-26,Lombardia,Milano,affaires_lacs,LOM-4-3,4,loisirs_couple,Ameriques,entreprise,avion_direct,25,6,2,0.0,1,aucune,non,aucun,299.17,6,1687.32,fidele,12,1,0.0,0,0,1,1,1,DIRECT,0,0,0,0,1,0.08333333333333333,0,2.0,2.0,0,843.66,281.21999999999997,0.0,0,0.0,0,4,4,0.8660254037844387,-0.4999999999999998,3.258096538021482,4.166666666666667,0,0.0,0.0,3.258096538021482,0.0,0.0,0.0,1.3492535967167276,1.133026567441156,0,0.11223625452328057,0,vrai négatif
R001418,2025-04-01,2025-04-10,Lazio,Roma,urbaine_culturelle,LAZ-5-2,5,affaires,Autres,plateforme_en_ligne,avion_correspondance,9,3,2,0.0,1,petit_dejeuner,non,partiel,258.34,2,759.52,entreprise,10,1,1.0,0,0,0,1,0,AG016,1,0,1,0,0,0.1,0,2.0,2.0,0,379.76,253.17333333333332,1.0,0,1.0,0,4,4,0.8660254037844387,-0.4999999999999998,2.302585092994046,3.0,0,2.302585092994046,0.0,0.0,0.0,0.0,2.302585092994046,1.1208781673030197,1.068514114362527,1,0.22501814942711149,0,faux négatif
R001619,2025-04-01,2025-04-07,Lazio,Roma,urbaine_culturelle,LAZ-4-3,4,affaires,Asie_Pacifique,agence,train,6,2,2,0.0,1,aucune,oui,aucun,306.97,1,607.8,nouveau,0,0,1.0,0,0,0,1,0,AG034,0,0,0,0,0,0.0,1,2.0,2.0,0,303.9,303.9,0.0,1,-1.0,1,4,4,0.8660254037844387,-0.4999999999999998,1.9459101490553132,3.0,0,0.0,1.9459101490553132,0.0,0.0,0.0,1.9459101490553132,1.4862496368742133,1.2696515355185607,0,0.3198643155076545,1,faux positif
R002052,2025-04-01,2025-04-19,Toscana,Firenze,culturelle_rurale,TOS-4-2,4,affaires,Asie_Pacifique,site_hotel,train,18,2,2,0.0,1,petit_dejeuner,non,partiel,240.06,3,465.72,entreprise,12,2,0.0,0,0,0,1,1,DIRECT,0,0,0,0,1,0.16666666666666666,0,2.0,2.0,0,232.86,232.86,1.0,0,1.0,0,4,4,0.8660254037844387,-0.4999999999999998,2.9444389791664403,9.0,0,2.9444389791664403,0.0,2.9444389791664403,0.0,0.0,0.0,1.2079098319412298,1.0287110044566334,0,0.08428639443731012,0,vrai négatif
R003836,2025-04-01,2025-04-08,Toscana,Firenze,culturelle_rurale,TOS-5-2,5,affaires,Italie,plateforme_en_ligne,train,7,1,2,0.0,1,petit_dejeuner,non,partiel,194.57,8,179.0,nouveau,0,0,1.0,0,0,0,1,0,AG041,0,0,0,0,0,0.0,1,2.0,2.0,0,89.5,179.0,1.0,0,1.0,0,4,4,0.8660254037844387,-0.4999999999999998,2.0794415416798357,7.0,0,2.0794415416798357,0.0,0.0,0.0,0.0,2.0794415416798357,0.8378692619068124,0.8337761398697291,0,0.19529403172584556,0,vrai négatif
R003942,2025-04-01,2025-05-04,Toscana,Firenze,culturelle_rurale,TOS-4-3,4,groupe,Europe_Ouest,agence,train,33,4,3,0.0,3,petit_dejeuner,non,total,210.66,7,2350.97,nouveau,0,0,2.0,0,0,0,1,0,AG038,0,0,0,0,0,0.0,1,3.0,1.0,0,783.6566666666666,587.7425,2.0,0,2.0,0,5,4,0.49999999999999994,-0.8660254037844387,3.5263605246161616,8.25,0,7.052721049232323,0.0,0.0,0.0,0.0,7.052721049232323,1.0369932806615965,0.9939136588818118,0,0.09812654520866305,0,vrai négatif
R005293,2025-04-01,2025-04-22,Liguria,Genova,littorale,LIG-3-3,3,famille,Autres,plateforme_en_ligne,train,21,3,2,1.0,1,petit_dejeuner,oui,partiel,166.92,3,485.74,fidele,2,0,0.0,0,3,0,0,0,AG044,0,0,0,0,0,0.0,0,3.0,3.0,1,161.91333333333333,161.91333333333333,1.0,1,0.0,0,4,4,0.8660254037844387,-0.4999999999999998,3.091042453358316,7.0,0,3.091042453358316,3.091042453358316,0.0,1.0,0.0,0.0,1.0574596135571745,1.1321983314115172,0,0.27424899652912205,1,faux positif
R005865,2025-04-01,2025-04-12,Lazio,Roma,urbaine_culturelle,LAZ-4-3,4,affaires,Autres,agence,avion_direct,11,1,2,0.0,1,petit_dejeuner,oui,partiel,223.16,5,212.0,nouveau,0,0,4.0,0,0,0,1,1,AG020,0,0,0,0,0,0.0,1,2.0,2.0,0,106.0,212.0,1.0,1,0.0,0,4,4,0.8660254037844387,-0.4999999999999998,2.4849066497880004,11.0,0,2.4849066497880004,2.4849066497880004,0.0,1.0,0.0,9.939626599152001,1.0804686743487943,0.9230069279288594,0,0.15830688748889402,0,vrai négatif
R006129,2025-04-01,2025-06-07,Liguria,Genova,littorale,LIG-3-2,3,solo,Italie,site_hotel,train,67,3,1,0.0,1,aucune,oui,partiel,234.85,2,690.46,fidele,10,2,1.0,1,0,0,1,1,DIRECT,0,0,0,0,1,0.2,0,1.0,1.0,0,690.46,230.15333333333334,1.0,1,0.0,0,6,4,1.2246467991473532e-16,-1.0,4.219507705176107,22.333333333333332,1,4.219507705176107,4.219507705176107,4.219507705176107,1.0,4.219507705176107,4.219507705176107,1.4553510565780503,1.2423625254582482,0,0.1887901966257508,0,vrai négatif
R006775,2025-04-01,2025-05-03,Lazio,Roma,urbaine_culturelle,LAZ-4-2,4,loisirs_couple,Europe_Ouest,plateforme_en_ligne,train,32,7,2,0.0,1,petit_dejeuner,oui,aucun,364.02,7,2369.77,nouveau,0,0,0.0,3,0,0,1,1,AG009,0,0,0,0,0,0.0,1,2.0,2.0,0,1184.885,338.5385714285714,0.0,1,-1.0,1,5,4,0.49999999999999994,-0.8660254037844387,3.4965075614664802,4.571428571428571,1,0.0,3.4965075614664802,0.0,0.0,3.4965075614664802,0.0,1.796299037749815,1.4369399597363122,0,0.5662363972705542,1,faux positif
R006871,2025-04-01,2025-04-26,Veneto,Venezia,urbaine_littorale,VEN-3-2,3,groupe,Asie_Pacifique,entreprise,train,25,3,6,0.0,3,petit_dejeuner,oui,aucun,206.08,7,1724.89,nouveau,0,0,1.0,0,0,0,1,1,DIRECT,1,0,0,0,1,0.0,1,6.0,2.0,0,287.4816666666667,574.9633333333334,0.0,1,-1.0,1,4,4,0.8660254037844387,-0.4999999999999998,3.258096538021482,8.333333333333334,0,0.0,3.258096538021482,3.258096538021482,0.0,0.0,3.258096538021482,1.0085152197318195,0.8005593970942428,1,0.26436000819930966,1,vrai positif
R007640,2025-04-01,2025-04-25,Sicilia,Palermo,insulaire_mixte,SIC-3-1,3,loisirs_couple,Italie,entreprise,voiture,24,6,2,0.0,1,petit_dejeuner,non,partiel,106.89,5,609.27,nouveau,0,0,0.0,1,0,0,0,1,DIRECT,0,0,0,0,1,0.0,1,2.0,2.0,0,304.635,101.545,1.0,0,1.0,0,4,4,0.8660254037844387,-0.4999999999999998,3.2188758248682006,4.0,1,3.2188758248682006,0.0,3.2188758248682006,0.0,3.2188758248682006,0.0,0.7286546917072838,0.7368929026920823,0,0.12090245601677106,0,vrai négatif
R008997,2025-04-01,2025-04-08,Veneto,Venezia,urbaine_littorale,VEN-4-2,4,affaires,Europe_Ouest,plateforme_en_ligne,train,7,2,2,0.0,1,aucune,non,total,232.52,0,465.04,fidele,5,1,1.0,1,0,0,1,0,AG035,0,0,0,0,0,0.2,0,2.0,2.0,0,232.52,232.52,2.0,0,2.0,0,4,4,0.8660254037844387,-0.4999999999999998,2.0794415416798357,3.5,1,4.1588830833596715,0.0,0.0,0.0,2.0794415416798357,2.0794415416798357,1.0289406142136472,0.9032709191205034,0,0.14914852250335733,0,vrai négatif
R009010,2025-04-01,2025-04-15,Puglia,Bari,balneaire_rurale,PUG-4-3,4,loisirs_couple,Europe_Ouest,site_hotel,train,14,7,2,0.0,1,petit_dejeuner,oui,aucun,112.75,7,734.0,nouveau,0,0,1.0,0,0,0,0,0,DIRECT,0,0,0,0,1,0.0,1,2.0,2.0,0,367.0,104.85714285714286,0.0,1,-1.0,1,4,4,0.8660254037844387,-0.4999999999999998,2.70805020110221,2.0,0,0.0,2.70805020110221,2.70805020110221,0.0,0.0,2.70805020110221,0.7526702269692923,0.8895463510848126,0,0.2777622045147221,1,faux positif
R000028,2025-04-02,2025-04-26,Puglia,Bari,balneaire_rurale,PUG-4-2,4,famille,Europe_Ouest,plateforme_en_ligne,avion_direct,24,4,2,3.0,2,aucune,oui,aucun,122.66,4,942.03,nouveau,0,0,4.0,0,0,0,0,1,AG005,0,0,0,0,0,0.0,1,5.0,2.5,1,188.406,235.5075,0.0,1,-1.0,1,4,4,0.8660254037844387,-0.4999999999999998,3.2188758248682006,6.0,0,0.0,3.2188758248682006,0.0,0.0,0.0,12.875503299472802,0.8151791054695288,0.9677317554240631,0,0.3249251069466327,1,faux positif
R004492,2025-04-02,2025-04-08,Campania,Napoli,urbaine_cotiere,CAM-5-3,5,affaires,Ameriques,agence,voiture,6,1,2,0.0,1,petit_dejeuner,oui,partiel,166.71,0,166.71,entreprise,2,0,0.0,0,0,0,1,0,AG001,0,0,0,0,0,0.0,0,2.0,2.0,0,83.355,166.71,1.0,1,0.0,0,4,4,0.8660254037844387,-0.4999999999999998,1.9459101490553132,6.0,0,1.9459101490553132,1.9459101490553132,0.0,1.0,0.0,0.0,0.822345541990381,0.8248478551283954,0,0.3062569645973935,1,faux positif
R005651,2025-04-02,2025-05-02,Sicilia,Palermo,insulaire_mixte,SIC-3-1,3,affaires,Europe_Ouest,entreprise,ferry,30,5,2,0.0,1,demi_pension,non,total,175.17,10,788.27,nouveau,0,0,2.0,1,0,0,1,1,DIRECT,0,0,0,0,1,0.0,1,2.0,2.0,0,394.135,157.654,2.0,0,2.0,0,5,4,0.49999999999999994,-0.8660254037844387,3.4339872044851463,6.0,1,6.8679744089702925,0.0,3.4339872044851463,0.0,3.4339872044851463,6.8679744089702925,1.194110228705818,0.952140236445169,0,0.05949135937771632,0,vrai négatif
R006278,2025-04-02,2025-05-10,Trentino-Alto_Adige,Bolzano,montagne,TRE-3-3,3,loisirs_couple,Europe_Ouest,agence,train,38,7,2,0.0,1,aucune,oui,aucun,182.65,3,1240.19,nouveau,0,0,2.0,0,0,0,0,1,AG017,0,0,0,0,0,0.0,1,2.0,2.0,0,620.095,177.17000000000002,0.0,1,-1.0,1,5,4,0.49999999999999994,-0.8660254037844387,3.6635616461296463,5.428571428571429,0,0.0,3.6635616461296463,0.0,0.0,0.0,7.327123292259293,1.1828897092157244,1.1408494690818238,0,0.27557794997231955,1,faux positif
R006649,2025-04-02,2025-04-22,Trentino-Alto_Adige,Bolzano,montagne,TRE-3-1,3,groupe,Autres,plateforme_en_ligne,avion_correspondance,20,3,5,0.0,2,petit_dejeuner,oui,aucun,122.15,6,688.93,nouveau,0,0,0.0,0,0,0,0,0,AG016,0,0,0,0,0,0.0,1,5.0,2.5,0,137.786,229.64333333333332,0.0,1,-1.0,1,4,4,0.8660254037844387,-0.4999999999999998,3.044522437723423,6.666666666666667,0,0.0,3.044522437723423,0.0,0.0,0.0,0.0,0.7594267773322143,0.7111253420271293,0,0.40070998102446964,1,faux positif
R006926,2025-04-02,2025-05-08,Lombardia,Milano,affaires_lacs,LOM-4-1,4,solo,Italie,plateforme_en_ligne,voiture,36,7,1,0.0,1,demi_pension,oui,aucun,276.66,2,1897.89,fidele,2,0,2.0,0,0,0,1,0,AG014,1,0,1,0,0,0.0,0,1.0,1.0,0,1897.89,271.12714285714287,0.0,1,-1.0,1,5,4,0.49999999999999994,-0.8660254037844387,3.6109179126442243,5.142857142857143,0,0.0,3.6109179126442243,0.0,0.0,0.0,7.221835825288449,1.2525920224566487,1.0128871640916748,1,0.36798747038648305,1,vrai positif
R007452,2025-04-02,2025-04-17,Lombardia,Milano,affaires_lacs,LOM-3-2,3,famille,Europe_Centrale,entreprise,avion_direct,15,4,2,2.0,1,petit_dejeuner,oui,aucun,197.79,15,672.49,nouveau,0,0,0.0,0,0,0,1,0,DIRECT,1,0,0,0,1,0.0,1,4.0,4.0,1,168.1225,168.1225,0.0,1,-1.0,1,4,4,0.8660254037844387,-0.4999999999999998,2.772588722239781,3.75,0,0.0,2.772588722239781,2.772588722239781,0.0,0.0,0.0,1.0347100520519996,0.74907686189854,1,0.1806460986821738,0,faux négatif
R008049,2025-04-02,2025-05-23,Sicilia,Palermo,insulaire_mixte,SIC-4-2,4,famille,Europe_Centrale,site_hotel,voiture,51,5,2,2.0,1,aucune,oui,aucun,220.76,3,1070.69,nouveau,0,0,1.0,0,0,0,1,1,DIRECT,0,0,0,0,1,0.0,1,4.0,4.0,1,267.6725,214.138,0.0,1,-1.0,1,5,4,0.49999999999999994,-0.8660254037844387,3.9512437185814275,10.2,0,0.0,3.9512437185814275,3.9512437185814275,0.0,0.0,3.9512437185814275,1.2739338680824053,1.1999456447886938,0,0.3051494280440693,1,faux positif
R009554,2025-04-02,2025-05-01,Campania,Napoli,urbaine_cotiere,CAM-3-2,3,loisirs_couple,Europe_Ouest,plateforme_en_ligne,avion_direct,29,5,2,0.0,1,aucune,non,aucun,190.04,1,940.7,entreprise,1,0,2.0,0,0,0,1,0,AG043,0,0,0,0,0,0.0,0,2.0,2.0,0,470.35,188.14000000000001,0.0,0,0.0,0,5,4,0.49999999999999994,-0.8660254037844387,3.4011973816621555,5.8,0,0.0,0.0,0.0,0.0,0.0,6.802394763324311,1.1129721815519766,0.970681377055879,0,0.21179287910773703,0,vrai négatif
R000826,2025-04-03,2025-09-09,Lombardia,Milano,affaires_lacs,LOM-3-2,3,famille,Europe_Ouest,plateforme_en_ligne,voiture,159,3,2,1.0,1,petit_dejeuner,non,partiel,262.81,6,741.12,nouveau,0,0,1.0,0,0,0,1,0,AG032,1,0,0,0,0,0.0,1,3.0,3.0,1,247.04,247.04,1.0,0,1.0,0,9,4,-1.0,-1.8369701987210297e-16,5.075173815233827,53.0,0,5.075173815233827,0.0,0.0,0.0,0.0,5.075173815233827,1.3748528680913394,0.9701723946989553,1,0.24563983041589724,1,vrai positif
R001764,2025-04-03,2025-04-23,Veneto,Venezia,urbaine_littorale,VEN-5-1,5,famille,Europe_Centrale,agence,train,20,4,2,2.0,1,aucune,non,partiel,291.93,0,1167.72,fidele,9,1,2.0,0,0,1,1,0,AG026,0,0,0,0,0,0.1111111111111111,0,4.0,4.0,1,291.93,291.93,1.0,0,1.0,0,4,4,0.8660254037844387,-0.4999999999999998,3.044522437723423,5.0,0,3.044522437723423,0.0,0.0,0.0,0.0,6.089044875446846,1.0798623955019604,1.1340610675161216,0,0.15186109432862566,0,vrai négatif
R002215,2025-04-03,2025-04-28,Campania,Napoli,urbaine_cotiere,CAM-4-2,4,famille,Europe_Ouest,site_hotel,avion_direct,25,6,2,3.0,2,aucune,oui,aucun,244.57,2,2876.14,nouveau,0,0,1.0,0,0,0,1,0,DIRECT,0,0,0,0,1,0.0,1,5.0,2.5,1,575.228,479.3566666666666,0.0,1,-1.0,1,4,4,0.8660254037844387,-0.4999999999999998,3.258096538021482,4.166666666666667,0,0.0,3.258096538021482,3.258096538021482,0.0,0.0,3.258096538021482,1.278630244412495,1.2100836178318737,0,0.34325240039741617,1,faux positif
R002514,2025-04-03,2025-05-08,Lazio,Roma,urbaine_culturelle,LAZ-3-1,3,affaires,Europe_Ouest,entreprise,voiture,35,1,2,0.0,1,demi_pension,oui,partiel,267.09,7,248.39,fidele,11,1,1.0,1,0,0,1,0,DIRECT,0,0,0,0,1,0.09090909090909091,0,2.0,2.0,0,124.195,248.39,1.0,1,0.0,0,5,4,0.49999999999999994,-0.8660254037844387,3.58351893845611,35.0,1,3.58351893845611,3.58351893845611,3.58351893845611,1.0,3.58351893845611,3.58351893845611,1.5523975588491714,1.0543165041645284,0,0.16755560426557087,0,vrai négatif
R002965,2025-04-03,2025-05-29,Liguria,Genova,littorale,LIG-4-2,4,groupe,Italie,site_hotel,train,56,2,6,0.0,4,aucune,oui,partiel,195.3,7,1453.03,nouveau,0,0,1.0,1,0,0,1,0,DIRECT,1,0,0,0,1,0.0,1,6.0,1.5,0,242.17166666666665,726.515,1.0,1,0.0,0,5,4,0.49999999999999994,-0.8660254037844387,4.04305126783455,28.0,1,4.04305126783455,4.04305126783455,4.04305126783455,1.0,4.04305126783455,4.04305126783455,1.057934508816121,0.9964031529807914,1,0.34923345822351093,1,vrai positif
R004468,2025-04-03,2025-07-11,Lombardia,Milano,affaires_lacs,LOM-3-3,3,loisirs_couple,Italie,entreprise,avion_direct,99,6,2,0.0,1,aucune,oui,aucun,237.93,5,1356.2,entreprise,10,1,0.0,1,0,0,0,1,DIRECT,0,0,0,0,1,0.1,0,2.0,2.0,0,678.1,226.03333333333333,0.0,1,-1.0,1,7,4,-0.4999999999999997,-0.8660254037844388,4.605170185988092,16.5,1,0.0,4.605170185988092,4.605170185988092,0.0,4.605170185988092,0.0,1.178513051661796,1.1855007473841555,0,0.26290033245174327,1,faux positif
R004494,2025-04-03,2025-04-17,Lazio,Roma,urbaine_culturelle,LAZ-3-1,3,loisirs_couple,Italie,plateforme_en_ligne,voiture,14,6,2,0.0,1,petit_dejeuner,oui,partiel,280.44,8,1548.03,fidele,11,1,2.0,0,0,1,1,0,AG004,0,0,0,0,0,0.09090909090909091,0,2.0,2.0,0,774.015,258.005,1.0,1,0.0,0,4,4,0.8660254037844387,-0.4999999999999998,2.70805020110221,2.3333333333333335,0,2.70805020110221,2.70805020110221,0.0,1.0,0.0,5.41610040220442,1.6299912816041846,1.1599214145383103,0,0.23043289040520676,0,vrai négatif
R006393,2025-04-03,2025-04-24,Sardegna,Cagliari,insulaire_balneaire,SAR-4-3,4,groupe,Europe_Ouest,agence,ferry,21,7,5,0.0,4,petit_dejeuner,oui,aucun,115.4,4,3101.95,nouveau,0,0,0.0,0,0,0,0,0,AG031,1,0,0,1,0,0.0,1,5.0,1.25,0,620.39,443.13571428571424,0.0,1,-1.0,1,4,4,0.8660254037844387,-0.4999999999999998,3.091042453358316,3.0,0,0.0,3.091042453358316,0.0,0.0,0.0,0.0,0.5743722469701118,0.5710851891127607,1,0.4039433147673954,1,vrai positif
R008271,2025-04-03,2025-04-11,Campania,Napoli,urbaine_cotiere,CAM-4-3,4,affaires,Europe_Centrale,entreprise,train,8,1,2,0.0,1,petit_dejeuner,non,partiel,198.14,11,176.34,nouveau,0,0,0.0,0,0,0,1,1,DIRECT,0,0,1,0,1,0.0,1,2.0,2.0,0,88.17,176.34,1.0,0,1.0,0,4,4,0.8660254037844387,-0.4999999999999998,2.1972245773362196,8.0,0,2.1972245773362196,0.0,2.1972245773362196,0.0,0.0,0.0,1.066013880669285,0.9803572312107267,0,0.1090884884430271,0,vrai négatif
R009370,2025-04-03,2025-08-08,Veneto,Venezia,urbaine_littorale,VEN-5-1,5,loisirs_couple,Europe_Ouest,plateforme_en_ligne,avion_correspondance,127,5,2,0.0,1,aucune,oui,aucun,197.76,0,988.8,nouveau,0,0,1.0,0,0,0,1,1,AG012,1,0,0,0,0,0.0,1,2.0,2.0,0,494.4,197.76,0.0,1,-1.0,1,8,4,-0.8660254037844384,-0.5000000000000004,4.852030263919617,25.4,0,0.0,4.852030263919617,0.0,0.0,0.0,4.852030263919617,0.7315232669971147,0.818610812153324,1,0.47260689765679975,1,vrai positif
R000038,2025-04-04,2025-04-14,Lombardia,Milano,affaires_lacs,LOM-3-3,3,affaires,Europe_Centrale,plateforme_en_ligne,avion_direct,10,3,2,0.0,1,petit_dejeuner,oui,aucun,184.45,8,509.08,fidele,4,1,1.0,0,0,1,1,0,AG029,0,0,0,0,0,0.25,0,2.0,2.0,0,254.54,169.69333333333333,0.0,1,-1.0,1,4,4,0.8660254037844387,-0.4999999999999998,2.3978952727983707,3.3333333333333335,0,0.0,2.3978952727983707,0.0,0.0,0.0,2.3978952727983707,0.9136163257219277,0.6985551705201763,0,0.41678245877896114,1,faux positif
R001664,2025-04-04,2025-05-05,Lazio,Roma,urbaine_culturelle,LAZ-3-3,3,loisirs_couple,Italie,site_hotel,voiture,31,6,2,0.0,1,aucune,oui,aucun,236.72,3,1377.71,nouveau,0,0,0.0,0,0,0,1,0,DIRECT,1,0,0,0,1,0.0,1,2.0,2.0,0,688.855,229.61833333333334,0.0,1,-1.0,1,5,4,0.49999999999999994,-0.8660254037844387,3.4657359027997265,5.166666666666667,0,0.0,3.4657359027997265,3.4657359027997265,0.0,0.0,0.0,1.4143541628922647,0.934433347807208,1,0.33006269371622343,1,vrai positif
R002127,2025-04-04,2025-04-21,Campania,Napoli,urbaine_cotiere,CAM-4-3,4,loisirs_couple,Italie,plateforme_en_ligne,voiture,17,7,2,0.0,1,petit_dejeuner,oui,aucun,192.76,2,1322.33,nouveau,0,0,0.0,0,0,0,1,0,AG031,0,0,0,0,0,0.0,1,2.0,2.0,0,661.165,188.9042857142857,0.0,1,-1.0,1,4,4,0.8660254037844387,-0.4999999999999998,2.8903717578961645,2.4285714285714284,0,0.0,2.8903717578961645,0.0,0.0,0.0,0.0,1.0370689191370313,0.9537380634308049,0,0.3971244636225296,1,faux positif
R002335,2025-04-04,2025-04-13,Campania,Napoli,urbaine_cotiere,CAM-5-2,5,loisirs_couple,Europe_Centrale,site_hotel,voiture,9,5,2,0.0,1,aucune,non,aucun,169.39,2,830.01,nouveau,0,0,1.0,0,0,0,1,0,DIRECT,0,0,0,0,1,0.0,1,2.0,2.0,0,415.005,166.002,0.0,0,0.0,0,4,4,0.8660254037844387,-0.4999999999999998,2.302585092994046,1.8,0,0.0,0.0,2.302585092994046,0.0,0.0,2.302585092994046,0.8120715278776547,0.8381079610113303,0,0.2516547732942132,1,faux positif
R003396,2025-04-04,2025-04-17,Puglia,Bari,balneaire_rurale,PUG-3-3,3,solo,Asie_Pacifique,plateforme_en_ligne,avion_direct,13,6,1,0.0,1,aucune,oui,aucun,119.76,4,689.82,nouveau,0,0,1.0,0,0,0,0,0,AG011,1,0,0,0,0,0.0,1,1.0,1.0,0,689.82,114.97000000000001,0.0,1,-1.0,1,4,4,0.8660254037844387,-0.4999999999999998,2.639057329615259,2.1666666666666665,0,0.0,2.639057329615259,0.0,0.0,0.0,2.639057329615259,0.8590488487196041,0.9448520710059172,1,0.34388865266907065,1,vrai positif
R004814,2025-04-04,2025-05-06,Toscana,Firenze,culturelle_rurale,TOS-4-3,4,solo,Italie,entreprise,train,32,7,1,0.0,1,aucune,oui,aucun,157.16,13,957.1,nouveau,0,0,2.0,0,0,0,1,0,DIRECT,1,0,0,0,1,0.0,1,1.0,1.0,0,957.1,136.72857142857143,0.0,1,-1.0,1,5,4,0.49999999999999994,-0.8660254037844387,3.4965075614664802,4.571428571428571,0,0.0,3.4965075614664802,3.4965075614664802,0.0,0.0,6.9930151229329605,0.7736345959782422,0.7414956357631517,1,0.15805194855481192,0,faux négatif
R004982,2025-04-04,2025-07-13,Campania,Napoli,urbaine_cotiere,CAM-4-1,4,famille,Europe_Ouest,site_hotel,train,100,7,2,2.0,1,petit_dejeuner,non,total,185.41,10,1168.08,nouveau,0,0,0.0,1,0,1,1,0,DIRECT,0,0,0,1,1,0.0,1,4.0,4.0,1,292.02,166.8685714285714,2.0,0,2.0,0,7,4,-0.4999999999999997,-0.8660254037844388,4.61512051684126,14.285714285714286,1,9.23024103368252,0.0,4.61512051684126,0.0,4.61512051684126,0.0,0.9798129260688052,0.9358233438485805,0,0.1124633783499025,0,vrai négatif
R007786,2025-04-04,2025-06-16,Trentino-Alto_Adige,Bolzano,montagne,TRE-4-1,4,famille,Europe_Ouest,site_hotel,voiture,73,7,2,1.0,1,petit_dejeuner,oui,aucun,154.62,4,1039.05,nouveau,0,0,1.0,0,0,0,0,0,DIRECT,0,0,0,0,1,0.0,1,3.0,3.0,1,346.34999999999997,148.43571428571428,0.0,1,-1.0,1,6,4,1.2246467991473532e-16,-1.0,4.304065093204169,10.428571428571429,0,0.0,4.304065093204169,4.304065093204169,0.0,0.0,4.304065093204169,0.7729647311720449,1.0011006798316608,0,0.36885080184571833,1,faux positif
R000202,2025-04-05,2025-05-05,Campania,Napoli,urbaine_cotiere,CAM-3-1,3,loisirs_couple,Italie,agence,avion_direct,30,3,2,0.0,1,aucune,non,total,178.27,4,513.42,nouveau,0,0,1.0,0,0,0,1,0,AG005,1,0,0,0,0,0.0,1,2.0,2.0,0,256.71,171.14,2.0,0,2.0,0,5,4,0.49999999999999994,-0.8660254037844387,3.4339872044851463,10.0,0,6.8679744089702925,0.0,0.0,0.0,0.0,3.4339872044851463,1.0988042406311638,0.9105628766983349,1,0.10744665134061673,0,faux négatif
R004472,2025-04-05,2025-04-17,Veneto,Venezia,urbaine_littorale,VEN-4-2,4,groupe,Europe_Ouest,site_hotel,voiture,12,3,3,0.0,4,demi_pension,oui,aucun,319.27,0,3831.24,nouveau,0,0,2.0,0,0,1,1,0,DIRECT,0,0,0,0,1,0.0,1,3.0,0.75,0,1277.08,1277.08,0.0,1,-1.0,1,4,4,0.8660254037844387,-0.4999999999999998,2.5649493574615367,4.0,0,0.0,2.5649493574615367,2.5649493574615367,0.0,0.0,5.1298987149230735,1.4128241437295335,1.2402688213814,0,0.29934936827290154,1,faux positif
R004575,2025-04-05,2025-04-15,Lazio,Roma,urbaine_culturelle,LAZ-4-1,4,loisirs_couple,Italie,plateforme_en_ligne,train,10,7,2,0.0,1,aucune,oui,partiel,253.13,1,1754.19,fidele,9,1,0.0,1,0,0,1,0,AG022,1,0,0,0,0,0.1111111111111111,0,2.0,2.0,0,877.095,250.59857142857143,1.0,1,0.0,0,4,4,0.8660254037844387,-0.4999999999999998,2.3978952727983707,1.4285714285714286,1,2.3978952727983707,2.3978952727983707,0.0,1.0,2.3978952727983707,0.0,1.2393752448100273,1.046965153551856,1,0.36987982865397867,1,vrai positif
R004750,2025-04-05,2025-06-25,Liguria,Genova,littorale,LIG-3-1,3,loisirs_couple,Ameriques,site_hotel,voiture,81,4,2,0.0,1,petit_dejeuner,oui,partiel,233.48,10,840.53,fidele,8,2,0.0,0,0,0,1,0,DIRECT,1,0,0,0,1,0.25,0,2.0,2.0,0,420.265,210.1325,1.0,1,0.0,0,6,4,1.2246467991473532e-16,-1.0,4.406719247264253,20.25,0,4.406719247264253,4.406719247264253,4.406719247264253,1.0,0.0,0.0,1.5128620488563467,1.2351151903086728,1,0.21996309667142538,0,faux négatif
R005715,2025-04-05,2025-05-06,Toscana,Firenze,culturelle_rurale,TOS-3-3,3,groupe,Italie,agence,voiture,31,4,6,0.0,4,pension_complete,non,partiel,161.55,8,2378.02,nouveau,0,0,2.0,0,0,0,1,0,AG024,0,0,0,0,0,0.0,1,6.0,1.5,0,396.33666666666664,594.505,1.0,0,1.0,0,5,4,0.49999999999999994,-0.8660254037844387,3.4657359027997265,7.75,0,3.4657359027997265,0.0,0.0,0.0,0.0,6.931471805599453,0.9389166569801233,0.7622080679405521,0,0.21109960013695936,0,vrai négatif
R007419,2025-04-05,2025-05-24,Sicilia,Palermo,insulaire_mixte,SIC-3-2,3,solo,Italie,site_hotel,avion_direct,49,3,1,0.0,1,petit_dejeuner,oui,aucun,143.74,2,422.6,nouveau,0,0,1.0,0,0,0,1,1,DIRECT,0,0,0,0,1,0.0,1,1.0,1.0,0,422.6,140.86666666666667,0.0,1,-1.0,1,5,4,0.49999999999999994,-0.8660254037844387,3.912023005428146,16.333333333333332,0,0.0,3.912023005428146,3.912023005428146,0.0,0.0,3.912023005428146,0.9571818605580343,0.7813018073107759,0,0.3321409213577821,1,faux positif
R007901,2025-04-05,2025-04-10,Puglia,Bari,balneaire_rurale,PUG-4-3,4,affaires,Italie,agence,avion_direct,5,19,2,0.0,1,aucune,oui,aucun,154.31,8,2697.34,entreprise,6,1,1.0,0,0,0,0,0,AG023,1,0,0,0,0,0.16666666666666666,0,2.0,2.0,0,1348.67,141.96526315789475,0.0,1,-1.0,1,4,4,0.8660254037844387,-0.4999999999999998,1.791759469228055,0.2631578947368421,0,0.0,1.791759469228055,0.0,0.0,0.0,1.791759469228055,1.0301068090787717,1.2174358974358974,1,0.3682576712784816,1,vrai positif
R009424,2025-04-05,2025-05-17,Lombardia,Milano,affaires_lacs,LOM-4-1,4,famille,Italie,agence,train,42,7,2,1.0,1,aucune,oui,aucun,267.45,4,1797.26,fidele,2,0,1.0,1,0,0,1,1,AG010,1,0,0,0,0,0.0,0,3.0,3.0,1,599.0866666666667,256.75142857142856,0.0,1,-1.0,1,5,4,0.49999999999999994,-0.8660254037844387,3.7612001156935624,6.0,1,0.0,3.7612001156935624,0.0,0.0,3.7612001156935624,3.7612001156935624,1.2108932856431385,0.979168192135901,1,0.42400092326188377,1,vrai positif
R009993,2025-04-05,2025-04-24,Lombardia,Milano,affaires_lacs,LOM-4-1,4,loisirs_couple,Ameriques,site_hotel,train,19,3,2,0.0,1,pension_complete,oui,aucun,306.64,3,892.32,nouveau,0,0,1.0,0,0,0,1,0,DIRECT,1,0,0,0,1,0.0,1,2.0,2.0,0,446.16,297.44,0.0,1,-1.0,1,4,4,0.8660254037844387,-0.4999999999999998,2.995732273553991,6.333333333333333,0,0.0,2.995732273553991,2.995732273553991,0.0,0.0,2.995732273553991,1.3883279757323312,1.1613171997197447,1,0.24013174958026767,1,vrai positif
R000043,2025-04-06,2025-05-08,Toscana,Firenze,culturelle_rurale,TOS-3-2,3,groupe,Europe_Centrale,agence,voiture,32,2,5,0.0,2,aucune,oui,aucun,188.15,0,752.6,entreprise,11,2,0.0,0,0,1,1,0,AG034,0,0,0,0,0,0.18181818181818182,0,5.0,2.5,0,150.52,376.3,0.0,1,-1.0,1,5,4,0.49999999999999994,-0.8660254037844387,3.4965075614664802,16.0,0,0.0,3.4965075614664802,0.0,0.0,0.0,0.0,1.067214974475326,0.8877093654163719,0,0.4155328486536144,1,faux positif
R004365,2025-04-06,2025-04-27,Puglia,Bari,balneaire_rurale,PUG-4-1,4,affaires,Europe_Centrale,plateforme_en_ligne,voiture,21,1,2,0.0,1,pension_complete,non,total,126.38,5,120.06,nouveau,0,0,0.0,0,0,0,0,0,AG010,0,0,0,0,0,0.0,1,2.0,2.0,0,60.03,120.06,2.0,0,2.0,0,4,4,0.8660254037844387,-0.4999999999999998,3.091042453358316,21.0,0,6.182084906716632,0.0,0.0,0.0,0.0,0.0,0.7638099842862323,0.9970808678500985,0,0.12875327616634913,0,vrai négatif
R004993,2025-04-06,2025-04-28,Liguria,Genova,littorale,LIG-3-1,3,famille,Europe_Ouest,plateforme_en_ligne,train,22,26,2,0.0,1,demi_pension,non,partiel,110.59,7,2674.07,fidele,8,1,2.0,0,0,0,0,0,AG035,1,0,1,0,0,0.125,0,2.0,2.0,0,1337.035,102.84884615384615,1.0,0,1.0,0,4,4,0.8660254037844387,-0.4999999999999998,3.1354942159291497,0.8461538461538461,0,3.1354942159291497,0.0,0.0,0.0,0.0,6.270988431858299,0.7165813516490637,0.7501187004001899,1,0.2092496369849546,0,faux négatif
R005310,2025-04-06,2025-07-13,Sicilia,Palermo,insulaire_mixte,SIC-3-1,3,loisirs_couple,Italie,agence,avion_direct,98,4,2,0.0,1,petit_dejeuner,oui,aucun,165.07,1,653.68,nouveau,0,0,1.0,1,0,0,1,0,AG013,0,0,0,0,0,0.0,1,2.0,2.0,0,326.84,163.42,0.0,1,-1.0,1,7,4,-0.4999999999999997,-0.8660254037844388,4.59511985013459,24.5,1,0.0,4.59511985013459,0.0,0.0,4.59511985013459,4.59511985013459,1.1252598929752207,0.8975585884399978,0,0.459928475502909,1,faux positif
R005374,2025-04-06,2025-04-16,Veneto,Venezia,urbaine_littorale,VEN-3-3,3,affaires,Europe_Centrale,site_hotel,train,10,2,2,0.0,1,aucune,oui,aucun,199.64,10,359.35,fidele,10,2,1.0,0,0,0,1,0,DIRECT,0,0,0,0,1,0.2,0,2.0,2.0,0,179.675,179.675,0.0,1,-1.0,1,4,4,0.8660254037844387,-0.4999999999999998,2.3978952727983707,5.0,0,0.0,2.3978952727983707,2.3978952727983707,0.0,0.0,2.3978952727983707,1.0693699854121075,0.7755419159350477,0,0.24936932183484548,1,faux positif
R006017,2025-04-06,2025-04-15,Lombardia,Milano,affaires_lacs,LOM-4-2,4,affaires,Asie_Pacifique,plateforme_en_ligne,avion_direct,9,2,2,0.0,1,petit_dejeuner,non,total,286.1,5,543.59,nouveau,0,0,1.0,1,0,0,1,0,AG041,0,0,0,0,0,0.0,1,2.0,2.0,0,271.795,271.795,2.0,0,2.0,0,4,4,0.8660254037844387,-0.4999999999999998,2.302585092994046,4.5,1,4.605170185988092,0.0,0.0,0.0,2.302585092994046,2.302585092994046,1.2766052384989515,1.0835274290367172,0,0.10781410266251973,0,vrai négatif
R007418,2025-04-06,2025-04-24,Sicilia,Palermo,insulaire_mixte,SIC-3-3,3,affaires,Inconnu,plateforme_en_ligne,avion_direct,18,3,2,0.0,1,petit_dejeuner,oui,aucun,133.03,2,391.11,fidele,8,1,1.0,0,0,0,0,0,AG011,0,0,1,0,0,0.125,0,2.0,2.0,0,195.555,130.37,0.0,1,-1.0,1,4,4,0.8660254037844387,-0.4999999999999998,2.9444389791664403,6.0,0,0.0,2.9444389791664403,0.0,0.0,0.0,2.9444389791664403,0.9423390238719276,0.9171004101892385,0,0.3790086845369427,1,faux positif
R007933,2025-04-06,2025-04-16,Sicilia,Palermo,insulaire_mixte,SIC-3-3,3,groupe,Europe_Ouest,plateforme_en_ligne,avion_correspondance,10,6,4,0.0,2,petit_dejeuner,oui,partiel,131.42,5,1498.19,nouveau,0,0,2.0,0,0,0,0,0,AG007,0,0,0,0,0,0.0,1,4.0,2.0,0,374.5475,249.69833333333335,1.0,1,0.0,0,4,4,0.8660254037844387,-0.4999999999999998,2.3978952727983707,1.6666666666666667,0,2.3978952727983707,2.3978952727983707,0.0,1.0,0.0,4.795790545596741,0.9309343344903308,0.9060011719692529,0,0.2944837360734883,1,faux positif
R009105,2025-04-06,2025-05-04,Trentino-Alto_Adige,Bolzano,montagne,TRE-5-2,5,affaires,Asie_Pacifique,agence,voiture,28,3,2,0.0,1,petit_dejeuner,non,total,168.76,3,491.09,entreprise,8,1,1.0,0,0,0,0,0,AG014,0,0,1,0,0,0.125,0,2.0,2.0,0,245.545,163.69666666666666,2.0,0,2.0,0,5,4,0.49999999999999994,-0.8660254037844387,3.367295829986474,9.333333333333334,0,6.734591659972948,0.0,0.0,0.0,0.0,3.367295829986474,0.780248740117435,1.0540911930043722,0,0.09523803535212917,0,vrai négatif
R000830,2025-04-07,2025-04-21,Veneto,Venezia,urbaine_littorale,VEN-3-2,3,affaires,Europe_Ouest,agence,voiture,14,3,2,0.0,1,petit_dejeuner,oui,aucun,193.35,7,539.45,entreprise,4,0,0.0,0,0,0,1,0,AG036,0,0,0,0,0,0.0,0,2.0,2.0,0,269.725,179.8166666666667,0.0,1,-1.0,1,4,4,0.8660254037844387,-0.4999999999999998,2.70805020110221,4.666666666666667,0,0.0,2.70805020110221,0.0,0.0,0.0,0.0,0.9462170891651169,0.7511071400823556,0,0.35212064761525375,1,faux positif
R001352,2025-04-07,2025-05-30,Toscana,Firenze,culturelle_rurale,TOS-4-3,4,groupe,Italie,plateforme_en_ligne,train,53,4,3,0.0,3,pension_complete,oui,aucun,270.61,6,3052.48,nouveau,0,0,1.0,0,0,0,1,1,AG034,0,0,0,0,0,0.0,1,3.0,1.0,0,1017.4933333333333,763.12,0.0,1,-1.0,1,5,4,0.49999999999999994,-0.8660254037844387,3.9889840465642745,13.25,0,0.0,3.9889840465642745,0.0,0.0,0.0,3.9889840465642745,1.3321026852740656,1.2767633875914133,0,0.4416274207846602,1,faux positif
R002124,2025-04-07,2025-04-14,Veneto,Venezia,urbaine_littorale,VEN-3-1,3,affaires,Italie,plateforme_en_ligne,train,7,3,2,1.0,1,petit_dejeuner,oui,aucun,233.43,7,651.27,nouveau,0,0,1.0,0,0,0,1,0,AG030,0,0,0,0,0,0.0,1,3.0,3.0,1,217.09,217.09,0.0,1,-1.0,1,4,4,0.8660254037844387,-0.4999999999999998,2.0794415416798357,2.3333333333333335,0,0.0,2.0794415416798357,0.0,0.0,0.0,2.0794415416798357,1.1885740472007944,0.9068059979799549,0,0.35347654102891785,1,faux positif
R003225,2025-04-07,2025-04-16,Lazio,Roma,urbaine_culturelle,LAZ-3-3,3,affaires,Italie,site_hotel,voiture,9,1,2,1.0,1,aucune,oui,partiel,195.96,7,182.24,fidele,1,0,0.0,0,0,1,1,0,DIRECT,1,0,0,0,1,0.0,0,3.0,3.0,1,60.74666666666667,182.24,1.0,1,0.0,0,4,4,0.8660254037844387,-0.4999999999999998,2.302585092994046,9.0,0,2.302585092994046,2.302585092994046,2.302585092994046,1.0,0.0,0.0,1.1708213997987842,0.8105056354048186,1,0.20866577317723736,0,faux négatif
R005076,2025-04-07,2025-05-05,Sardegna,Cagliari,insulaire_balneaire,SAR-3-2,3,solo,Asie_Pacifique,plateforme_en_ligne,avion_correspondance,28,9,1,0.0,1,petit_dejeuner,non,total,116.48,3,1016.87,fidele,6,1,2.0,0,0,0,0,0,AG034,0,0,0,0,0,0.16666666666666666,0,1.0,1.0,0,1016.87,112.98555555555555,2.0,0,2.0,0,5,4,0.49999999999999994,-0.8660254037844387,3.367295829986474,3.111111111111111,0,6.734591659972948,0.0,0.0,0.0,0.0,6.734591659972948,0.7578892575964604,0.6933333333333334,0,0.1027261651568987,0,vrai négatif
R007248,2025-04-07,2025-05-06,Sardegna,Cagliari,insulaire_balneaire,SAR-4-1,4,affaires,Europe_Ouest,site_hotel,avion_direct,29,3,2,0.0,1,demi_pension,oui,partiel,166.7,1,495.1,fidele,4,0,2.0,0,0,0,0,0,DIRECT,1,0,0,0,1,0.0,0,2.0,2.0,0,247.55,165.03333333333333,1.0,1,0.0,0,5,4,0.49999999999999994,-0.8660254037844387,3.4011973816621555,9.666666666666666,0,3.4011973816621555,3.4011973816621555,3.4011973816621555,1.0,0.0,6.802394763324311,0.8354633388462888,0.9922619047619047,1,0.17350108224612665,0,faux négatif
R007353,2025-04-07,2025-04-26,Puglia,Bari,balneaire_rurale,PUG-3-2,3,affaires,Asie_Pacifique,plateforme_en_ligne,train,19,1,2,0.0,1,aucune,oui,partiel,146.35,6,137.57,fidele,2,0,2.0,0,0,0,0,1,AG007,0,0,0,0,0,0.0,0,2.0,2.0,0,68.785,137.57,1.0,1,0.0,0,4,4,0.8660254037844387,-0.4999999999999998,2.995732273553991,19.0,0,2.995732273553991,2.995732273553991,0.0,1.0,0.0,5.991464547107982,1.0588192736217623,1.1546351084812623,0,0.21082400641145171,0,vrai négatif
R007374,2025-04-07,2025-05-12,Veneto,Venezia,urbaine_littorale,VEN-4-3,4,solo,Europe_Centrale,site_hotel,train,35,6,1,0.0,1,petit_dejeuner,oui,aucun,324.81,4,1870.91,nouveau,0,0,2.0,0,0,0,1,0,DIRECT,0,0,0,0,1,0.0,1,1.0,1.0,0,1870.91,311.8183333333333,0.0,1,-1.0,1,5,4,0.49999999999999994,-0.8660254037844387,3.58351893845611,5.833333333333333,0,0.0,3.58351893845611,3.58351893845611,0.0,0.0,7.16703787691222,1.4882815184769411,1.285841531244433,0,0.24639769450965687,1,faux positif
R007615,2025-04-07,2025-04-29,Toscana,Firenze,culturelle_rurale,TOS-4-1,4,solo,Italie,agence,avion_direct,22,5,1,0.0,1,petit_dejeuner,oui,total,246.53,1,1220.32,nouveau,0,0,1.0,1,0,0,1,0,AG044,0,0,0,0,0,0.0,1,1.0,1.0,0,1220.32,244.064,2.0,1,1.0,0,4,4,0.8660254037844387,-0.4999999999999998,3.1354942159291497,4.4,1,6.270988431858299,3.1354942159291497,0.0,2.0,3.1354942159291497,3.1354942159291497,1.0787398097823364,1.0564364072677408,0,0.1547104880760523,0,vrai négatif
R007736,2025-04-07,2025-05-03,Trentino-Alto_Adige,Bolzano,montagne,TRE-3-1,3,famille,Ameriques,plateforme_en_ligne,voiture,26,5,2,3.0,2,aucune,oui,aucun,188.41,1,1865.26,nouveau,0,0,2.0,0,0,0,0,1,AG014,1,0,0,0,0,0.0,1,5.0,2.5,1,373.052,373.052,0.0,1,-1.0,1,5,4,0.49999999999999994,-0.8660254037844387,3.295836866004329,5.2,0,0.0,3.295836866004329,0.0,0.0,0.0,6.591673732008658,1.1713761696042775,1.1768269831355402,1,0.3792843783161811,1,vrai positif
R008182,2025-04-07,2025-05-15,Lombardia,Milano,affaires_lacs,LOM-4-1,4,loisirs_couple,Ameriques,plateforme_en_ligne,train,38,7,2,1.0,1,pension_complete,non,total,275.3,0,1927.1,nouveau,0,0,0.0,0,0,1,1,0,AG009,0,0,0,0,0,0.0,1,3.0,3.0,1,642.3666666666667,275.3,2.0,0,2.0,0,5,4,0.49999999999999994,-0.8660254037844387,3.6635616461296463,5.428571428571429,0,7.327123292259293,0.0,0.0,0.0,0.0,0.0,1.2464345542626885,1.0079080325108005,0,0.12741602182792416,0,vrai négatif
R009351,2025-04-07,2025-04-17,Veneto,Venezia,urbaine_littorale,VEN-3-2,3,loisirs_couple,Italie,site_hotel,train,10,3,2,0.0,1,demi_pension,oui,partiel,219.68,0,659.04,fidele,3,0,0.0,0,0,1,1,0,DIRECT,0,0,0,0,1,0.0,0,2.0,2.0,0,329.52,219.67999999999998,1.0,1,0.0,0,4,4,0.8660254037844387,-0.4999999999999998,2.3978952727983707,3.3333333333333335,0,2.3978952727983707,2.3978952727983707,2.3978952727983707,1.0,0.0,0.0,1.075070960164432,0.8533913448838474,0,0.21468472500861036,0,vrai négatif
R009665,2025-04-07,2025-05-23,Lazio,Roma,urbaine_culturelle,LAZ-3-1,3,famille,Europe_Ouest,site_hotel,train,46,3,2,3.0,2,petit_dejeuner,oui,aucun,215.27,3,1252.87,nouveau,0,0,2.0,0,0,0,1,1,DIRECT,0,0,0,0,1,0.0,1,5.0,2.5,1,250.57399999999998,417.6233333333333,0.0,1,-1.0,1,5,4,0.49999999999999994,-0.8660254037844387,3.8501476017100584,15.333333333333334,0,0.0,3.8501476017100584,3.8501476017100584,0.0,0.0,7.700295203420117,1.2512060447544318,0.849761181068172,0,0.34726274149010616,1,faux positif
R000883,2025-04-08,2025-04-18,Trentino-Alto_Adige,Bolzano,montagne,TRE-4-3,4,affaires,Asie_Pacifique,agence,voiture,10,1,2,0.0,1,aucune,oui,aucun,152.86,1,151.33,nouveau,0,0,1.0,1,0,0,0,1,AG004,0,0,0,0,0,0.0,1,2.0,2.0,0,75.665,151.33,0.0,1,-1.0,1,4,4,0.8660254037844387,-0.4999999999999998,2.3978952727983707,10.0,1,0.0,2.3978952727983707,0.0,0.0,2.3978952727983707,2.3978952727983707,0.8235325808797781,0.8899109274029225,0,0.3271351905972772,1,faux positif
R001312,2025-04-08,2025-06-14,Veneto,Venezia,urbaine_littorale,VEN-3-2,3,famille,Italie,site_hotel,voiture,67,2,2,2.0,1,petit_dejeuner,non,partiel,238.31,1,471.85,nouveau,0,0,1.0,1,0,0,1,1,DIRECT,1,0,0,0,1,0.0,1,4.0,4.0,1,117.9625,235.925,1.0,0,1.0,0,6,4,1.2246467991473532e-16,-1.0,4.219507705176107,33.5,1,4.219507705176107,0.0,4.219507705176107,0.0,4.219507705176107,4.219507705176107,1.1662425369482234,0.9591290523816233,1,0.15840482659406196,0,faux négatif
R004866,2025-04-08,2025-04-21,Campania,Napoli,urbaine_cotiere,CAM-3-3,3,loisirs_couple,Italie,entreprise,voiture,13,6,2,0.0,1,petit_dejeuner,non,partiel,187.8,11,1002.85,fidele,11,2,1.0,1,0,0,1,0,DIRECT,0,0,0,0,1,0.18181818181818182,0,2.0,2.0,0,501.425,167.14166666666668,1.0,0,1.0,0,4,4,0.8660254037844387,-0.4999999999999998,2.639057329615259,2.1666666666666665,1,2.639057329615259,0.0,2.639057329615259,0.0,2.639057329615259,2.639057329615259,1.1325875222386395,0.9291969719459701,0,0.0686457984983063,0,vrai négatif
R005058,2025-04-08,2025-04-20,Puglia,Bari,balneaire_rurale,PUG-3-1,3,affaires,Europe_Ouest,plateforme_en_ligne,voiture,12,1,2,0.0,1,petit_dejeuner,oui,partiel,125.74,0,125.74,entreprise,4,1,2.0,1,0,0,0,0,AG004,0,0,1,0,0,0.25,0,2.0,2.0,0,62.87,125.74,1.0,1,0.0,0,4,4,0.8660254037844387,-0.4999999999999998,2.5649493574615367,12.0,1,2.5649493574615367,2.5649493574615367,0.0,1.0,2.5649493574615367,5.1298987149230735,0.9818068243929101,0.9920315581854043,0,0.3125511987054864,1,faux positif
R005135,2025-04-08,2025-04-14,Puglia,Bari,balneaire_rurale,PUG-3-3,3,affaires,Europe_Centrale,telephone,avion_direct,6,2,2,0.0,1,demi_pension,oui,aucun,134.83,2,264.27,nouveau,0,0,0.0,1,0,0,0,0,DIRECT,0,0,0,0,1,0.0,1,2.0,2.0,0,132.135,132.135,0.0,1,-1.0,1,4,4,0.8660254037844387,-0.4999999999999998,1.9459101490553132,3.0,1,0.0,1.9459101490553132,1.9459101490553132,0.0,1.9459101490553132,0.0,0.9671472634674702,1.0637475345167653,0,0.34989979063652665,1,faux positif
R006582,2025-04-08,2025-04-23,Trentino-Alto_Adige,Bolzano,montagne,TRE-4-2,4,famille,Italie,site_hotel,voiture,15,2,2,2.0,1,demi_pension,oui,aucun,163.64,10,294.55,nouveau,0,0,0.0,0,0,0,0,0,DIRECT,1,0,0,1,1,0.0,1,4.0,4.0,1,73.6375,147.275,0.0,1,-1.0,1,4,4,0.8660254037844387,-0.4999999999999998,2.772588722239781,7.5,0,0.0,2.772588722239781,2.772588722239781,0.0,0.0,0.0,0.8686697101603142,0.9526692670431389,1,0.31157355008867116,1,vrai positif
R006804,2025-04-08,2025-05-12,Sardegna,Cagliari,insulaire_balneaire,SAR-4-1,4,famille,Ameriques,agence,avion_direct,34,4,2,1.0,1,petit_dejeuner,oui,aucun,190.29,1,753.55,nouveau,0,0,0.0,0,0,0,0,0,AG017,0,0,0,0,0,0.0,1,3.0,3.0,1,251.1833333333333,188.3875,0.0,1,-1.0,1,5,4,0.49999999999999994,-0.8660254037844387,3.5553480614894135,8.5,0,0.0,3.5553480614894135,0.0,0.0,0.0,0.0,0.9536911742595098,1.1326785714285714,0,0.4021413227336117,1,faux positif
R009094,2025-04-08,2025-04-22,Lazio,Roma,urbaine_culturelle,LAZ-4-1,4,loisirs_couple,Europe_Ouest,site_hotel,avion_direct,14,2,2,0.0,1,aucune,non,total,231.35,3,448.82,fidele,12,2,0.0,1,0,0,1,0,DIRECT,0,0,0,0,1,0.16666666666666666,0,2.0,2.0,0,224.41,224.41,2.0,0,2.0,0,4,4,0.8660254037844387,-0.4999999999999998,2.70805020110221,7.0,1,5.41610040220442,0.0,2.70805020110221,0.0,2.70805020110221,0.0,1.1327359968664317,0.9568813979940026,0,0.05903379996289882,0,vrai négatif
R009975,2025-04-08,2025-05-18,Veneto,Venezia,urbaine_littorale,VEN-4-1,4,famille,Ameriques,plateforme_en_ligne,avion_correspondance,40,6,2,3.0,2,petit_dejeuner,oui,aucun,235.03,2,2763.95,nouveau,0,0,0.0,1,0,0,1,0,AG024,0,0,0,0,0,0.0,1,5.0,2.5,1,552.79,460.6583333333333,0.0,1,-1.0,1,5,4,0.49999999999999994,-0.8660254037844387,3.713572066704308,6.666666666666667,1,0.0,3.713572066704308,0.0,0.0,3.713572066704308,0.0,1.0651952230959232,0.9304249717939074,0,0.5067572801572781,1,faux positif
R001420,2025-04-09,2025-05-16,Puglia,Bari,balneaire_rurale,PUG-4-2,4,loisirs_couple,Italie,plateforme_en_ligne,avion_correspondance,37,6,2,0.0,1,petit_dejeuner,oui,partiel,153.5,4,884.16,nouveau,0,0,1.0,0,0,0,0,1,AG025,0,0,0,0,0,0.0,1,2.0,2.0,0,442.08,147.35999999999999,1.0,1,0.0,0,5,4,0.49999999999999994,-0.8660254037844387,3.6375861597263857,6.166666666666667,0,3.6375861597263857,3.6375861597263857,0.0,1.0,0.0,3.6375861597263857,1.0201369043663189,1.2724861145651993,0,0.25996456274383156,1,faux positif
R002284,2025-04-09,2025-04-18,Sicilia,Palermo,insulaire_mixte,SIC-4-2,4,groupe,Italie,plateforme_en_ligne,avion_correspondance,9,4,6,0.0,4,petit_dejeuner,oui,partiel,145.14,3,2252.57,nouveau,0,0,0.0,1,0,0,0,1,AG001,1,0,0,0,0,0.0,1,6.0,1.5,0,375.42833333333334,563.1425,1.0,1,0.0,0,4,4,0.8660254037844387,-0.4999999999999998,2.302585092994046,2.25,1,2.302585092994046,2.302585092994046,0.0,1.0,2.302585092994046,0.0,0.8375555427318367,1.0005859846265208,1,0.45183744301487405,1,vrai positif
R003014,2025-04-09,2025-05-10,Sicilia,Palermo,insulaire_mixte,SIC-4-3,4,groupe,Italie,entreprise,avion_correspondance,31,7,3,0.0,4,petit_dejeuner,oui,aucun,182.8,12,4504.19,nouveau,0,0,2.0,0,0,0,1,1,DIRECT,0,0,0,0,1,0.0,1,3.0,0.75,0,1501.3966666666665,643.4557142857142,0.0,1,-1.0,1,5,4,0.49999999999999994,-0.8660254037844387,3.4657359027997265,4.428571428571429,0,0.0,3.4657359027997265,3.4657359027997265,0.0,0.0,6.931471805599453,1.0967780644387113,0.9936132626715586,0,0.16684844896669956,0,vrai négatif
R003500,2025-04-09,2025-09-02,Sicilia,Palermo,insulaire_mixte,SIC-5-1,5,loisirs_couple,Italie,site_hotel,avion_correspondance,146,6,2,0.0,1,aucune,oui,aucun,273.78,3,1593.4,nouveau,0,0,1.0,0,0,0,1,0,DIRECT,1,0,0,0,1,0.0,1,2.0,2.0,0,796.7,265.56666666666666,0.0,1,-1.0,1,9,4,-1.0,-1.8369701987210297e-16,4.990432586778736,24.333333333333332,0,0.0,4.990432586778736,4.990432586778736,0.0,0.0,4.990432586778736,1.5108854612179576,1.4445206563604704,1,0.3677886925364078,1,vrai positif
R006789,2025-04-09,2025-04-23,Lombardia,Milano,affaires_lacs,LOM-4-1,4,famille,Europe_Centrale,agence,train,14,5,2,1.0,1,pension_complete,oui,aucun,249.28,8,1146.69,nouveau,0,0,0.0,0,0,0,1,0,AG025,1,0,0,0,0,0.0,1,3.0,3.0,1,382.23,229.33800000000002,0.0,1,-1.0,1,4,4,0.8660254037844387,-0.4999999999999998,2.70805020110221,2.8,0,0.0,2.70805020110221,0.0,0.0,0.0,0.0,1.1286276995517726,0.944081501259255,1,0.36504867861808854,1,vrai positif
R007246,2025-04-09,2025-05-08,Campania,Napoli,urbaine_cotiere,CAM-4-1,4,solo,Europe_Ouest,plateforme_en_ligne,train,29,3,1,0.0,1,aucune,oui,aucun,211.56,4,609.29,nouveau,0,0,0.0,0,0,0,1,0,AG025,0,0,0,0,0,0.0,1,1.0,1.0,0,609.29,203.09666666666666,0.0,1,-1.0,1,5,4,0.49999999999999994,-0.8660254037844387,3.4011973816621555,9.666666666666666,0,0.0,3.4011973816621555,0.0,0.0,0.0,0.0,1.1180045447339217,1.0806006742261722,0,0.441827464896819,1,faux positif
R007990,2025-04-09,2025-04-23,Campania,Napoli,urbaine_cotiere,CAM-3-2,3,loisirs_couple,Europe_Centrale,plateforme_en_ligne,train,14,2,2,0.0,1,aucune,non,aucun,166.21,4,319.12,nouveau,0,0,0.0,0,0,0,1,0,AG044,0,0,0,0,0,0.0,1,2.0,2.0,0,159.56,159.56,0.0,0,0.0,0,4,4,0.8660254037844387,-0.4999999999999998,2.70805020110221,7.0,0,0.0,0.0,0.0,0.0,0.0,0.0,0.9734114202049781,0.8223739547771015,0,0.3352248758284064,1,faux positif
R008328,2025-04-09,2025-06-06,Toscana,Firenze,culturelle_rurale,TOS-3-1,3,famille,Europe_Ouest,site_hotel,avion_correspondance,58,6,2,0.0,1,demi_pension,oui,aucun,268.57,10,1450.28,nouveau,0,0,0.0,0,0,0,1,1,DIRECT,0,0,1,0,1,0.0,1,2.0,2.0,0,725.14,241.71333333333334,0.0,1,-1.0,1,6,4,1.2246467991473532e-16,-1.0,4.07753744390572,9.666666666666666,0,0.0,4.07753744390572,4.07753744390572,0.0,0.0,0.0,1.5751444239171872,1.2443013343217197,0,0.46332812227091064,1,faux positif
R008411,2025-04-09,2025-04-12,Campania,Napoli,urbaine_cotiere,CAM-4-3,4,affaires,Ameriques,plateforme_en_ligne,avion_correspondance,3,3,2,0.0,1,aucune,non,total,171.41,6,483.38,nouveau,0,0,1.0,0,0,0,1,1,AG031,0,0,0,0,0,0.0,1,2.0,2.0,0,241.69,161.12666666666667,2.0,0,2.0,0,4,4,0.8660254037844387,-0.4999999999999998,1.3862943611198906,1.0,0,2.772588722239781,0.0,0.0,0.0,0.0,1.3862943611198906,0.9222036907516006,0.8481025184305575,0,0.16216547756346567,0,vrai négatif
R008567,2025-04-09,2025-07-23,Lazio,Roma,urbaine_culturelle,LAZ-4-1,4,famille,Europe_Centrale,agence,train,105,6,2,1.0,1,petit_dejeuner,oui,partiel,168.91,8,932.38,nouveau,0,0,2.0,0,0,0,0,0,AG042,0,0,0,0,0,0.0,1,3.0,3.0,1,310.79333333333335,155.39666666666668,1.0,1,0.0,0,7,4,-0.4999999999999997,-0.8660254037844388,4.663439094112067,17.5,0,4.663439094112067,4.663439094112067,0.0,1.0,0.0,9.326878188224134,0.8270172346259302,0.9788109437318437,0,0.2929020073444165,1,faux positif
R000801,2025-04-10,2025-06-01,Veneto,Venezia,urbaine_littorale,VEN-3-3,3,solo,Italie,plateforme_en_ligne,train,52,7,1,0.0,1,petit_dejeuner,oui,aucun,265.55,7,1728.73,fidele,8,2,1.0,0,0,1,1,0,AG016,1,0,0,0,0,0.25,0,1.0,1.0,0,1728.73,246.96142857142857,0.0,1,-1.0,1,6,4,1.2246467991473532e-16,-1.0,3.970291913552122,7.428571428571429,0,0.0,3.970291913552122,0.0,0.0,0.0,3.970291913552122,1.4224163475565277,1.0687621999074317,1,0.41046548420076556,1,vrai positif
R001907,2025-04-10,2025-06-03,Lazio,Roma,urbaine_culturelle,LAZ-4-1,4,loisirs_couple,Europe_Ouest,plateforme_en_ligne,avion_direct,54,2,2,0.0,1,demi_pension,non,total,164.75,3,319.62,nouveau,0,0,0.0,0,0,0,1,0,AG012,0,0,0,0,0,0.0,1,2.0,2.0,0,159.81,159.81,2.0,0,2.0,0,6,4,1.2246467991473532e-16,-1.0,4.007333185232471,27.0,0,8.014666370464942,0.0,0.0,0.0,0.0,0.0,0.8066490403446925,0.6928236506234361,0,0.10781357410796183,0,vrai négatif
R004131,2025-04-10,2025-06-18,Lombardia,Milano,affaires_lacs,LOM-5-3,5,loisirs_couple,Autres,agence,train,69,2,2,0.0,1,aucune,oui,aucun,238.75,2,467.95,fidele,11,1,3.0,0,0,0,0,0,AG011,1,0,0,0,0,0.09090909090909091,0,2.0,2.0,0,233.975,233.975,0.0,1,-1.0,1,6,4,1.2246467991473532e-16,-1.0,4.248495242049359,34.5,0,0.0,4.248495242049359,0.0,0.0,0.0,12.745485726148079,0.8783386064307263,1.114612511671335,1,0.3086028371696856,1,vrai positif
R006238,2025-04-10,2025-06-24,Trentino-Alto_Adige,Bolzano,montagne,TRE-4-2,4,famille,Europe_Ouest,agence,voiture,75,4,2,1.0,1,petit_dejeuner,non,total,138.99,1,550.4,nouveau,0,0,0.0,1,0,0,0,0,AG031,0,0,0,0,0,0.0,1,3.0,3.0,1,183.46666666666667,137.6,2.0,0,2.0,0,6,4,1.2246467991473532e-16,-1.0,4.330733340286331,18.75,1,8.661466680572662,0.0,0.0,0.0,4.330733340286331,0.0,0.7378171780443784,0.8999028811913242,0,0.13045111363375034,0,vrai négatif
R007425,2025-04-10,2025-04-27,Campania,Napoli,urbaine_cotiere,CAM-4-1,4,loisirs_couple,Italie,site_hotel,avion_direct,17,3,2,0.0,1,petit_dejeuner,non,partiel,199.53,4,574.65,nouveau,0,0,1.0,0,0,0,1,0,DIRECT,0,0,0,0,1,0.0,1,2.0,2.0,0,287.325,191.54999999999998,1.0,0,1.0,0,4,4,0.8660254037844387,-0.4999999999999998,2.8903717578961645,5.666666666666667,0,2.8903717578961645,0.0,2.8903717578961645,0.0,0.0,2.8903717578961645,1.0544311155736406,0.9872346741873237,0,0.12914900712486954,0,vrai négatif
R007464,2025-04-10,2025-04-16,Liguria,Genova,littorale,LIG-3-2,3,famille,Italie,agence,train,6,5,2,2.0,1,petit_dejeuner,oui,partiel,109.36,8,503.06,fidele,2,0,0.0,0,0,0,0,0,AG015,1,0,0,0,0,0.0,0,4.0,4.0,1,125.765,100.612,1.0,1,0.0,0,4,4,0.8660254037844387,-0.4999999999999998,1.9459101490553132,1.2,0,1.9459101490553132,1.9459101490553132,0.0,1.0,0.0,0.0,0.6776972175745182,0.7417757579868411,1,0.27312939921726853,1,vrai positif
R007522,2025-04-10,2025-05-23,Veneto,Venezia,urbaine_littorale,VEN-3-2,3,solo,Europe_Centrale,site_hotel,train,43,6,1,0.0,1,demi_pension,oui,aucun,255.45,5,1456.06,nouveau,0,0,2.0,0,0,1,1,1,DIRECT,0,0,0,0,1,0.0,1,1.0,1.0,0,1456.06,242.67666666666665,0.0,1,-1.0,1,5,4,0.49999999999999994,-0.8660254037844387,3.784189633918261,7.166666666666667,0,0.0,3.784189633918261,3.784189633918261,0.0,0.0,7.568379267836522,1.2501223451110892,1.0112626432572593,0,0.32975388517265025,1,faux positif
R009110,2025-04-10,2025-05-14,Liguria,Genova,littorale,LIG-3-3,3,loisirs_couple,Europe_Centrale,telephone,voiture,34,4,2,0.0,1,aucune,oui,aucun,192.85,1,763.69,nouveau,0,0,1.0,0,0,0,1,0,DIRECT,1,0,0,0,1,0.0,1,2.0,2.0,0,381.845,190.9225,0.0,1,-1.0,1,5,4,0.49999999999999994,-0.8660254037844387,3.5553480614894135,8.5,0,0.0,3.5553480614894135,3.5553480614894135,0.0,0.0,3.5553480614894135,1.221729490022173,0.9839034718502079,1,0.28582342918921694,1,vrai positif
R000096,2025-04-11,2025-06-05,Sardegna,Cagliari,insulaire_balneaire,SAR-4-3,4,famille,Europe_Ouest,site_hotel,ferry,55,5,2,1.0,1,petit_dejeuner,oui,partiel,194.03,0,970.15,fidele,7,1,1.0,0,0,0,1,0,DIRECT,0,0,0,0,1,0.14285714285714285,0,3.0,3.0,1,323.3833333333333,194.03,1.0,1,0.0,0,6,4,1.2246467991473532e-16,-1.0,4.02535169073515,11.0,0,4.02535169073515,4.02535169073515,4.02535169073515,1.0,0.0,4.02535169073515,0.9657317771196775,0.8465716965902398,0,0.22194438456916937,0,vrai négatif
R002067,2025-04-11,2025-05-04,Campania,Napoli,urbaine_cotiere,CAM-3-2,3,affaires,Europe_Centrale,site_hotel,avion_direct,23,1,2,0.0,1,petit_dejeuner,non,total,165.77,0,165.77,entreprise,10,2,2.0,0,0,0,1,0,DIRECT,0,0,1,0,1,0.2,0,2.0,2.0,0,82.885,165.77,2.0,0,2.0,0,5,4,0.49999999999999994,-0.8660254037844387,3.1780538303479458,23.0,0,6.3561076606958915,0.0,3.1780538303479458,0.0,0.0,6.3561076606958915,0.9708345534407028,0.8467157012973746,0,0.07119645796860329,0,vrai négatif
R002400,2025-04-11,2025-06-10,Trentino-Alto_Adige,Bolzano,montagne,TRE-3-3,3,affaires,Europe_Centrale,plateforme_en_ligne,train,60,1,2,0.0,1,aucune,oui,aucun,162.21,0,162.21,nouveau,0,0,2.0,0,0,0,0,0,AG030,1,0,0,0,0,0.0,1,2.0,2.0,0,81.105,162.21,0.0,1,-1.0,1,6,4,1.2246467991473532e-16,-1.0,4.110873864173311,60.0,0,0.0,4.110873864173311,0.0,0.0,0.0,8.221747728346623,1.050514863027006,1.05024279702169,1,0.41155719065170904,1,vrai positif
R007252,2025-04-11,2025-04-26,Sardegna,Cagliari,insulaire_balneaire,SAR-4-1,4,loisirs_couple,Italie,telephone,avion_direct,15,8,2,0.0,1,petit_dejeuner,oui,aucun,242.08035714285717,2,1897.91,fidele,8,1,1.0,0,0,0,0,1,DIRECT,1,1,1,0,1,0.125,0,2.0,2.0,0,948.955,237.23875,0.0,1,-1.0,1,4,4,0.8660254037844387,-0.4999999999999998,2.772588722239781,1.875,0,0.0,2.772588722239781,2.772588722239781,0.0,0.0,2.772588722239781,1.2132529301000208,1.1979939908094734,1,0.2595451645127469,1,vrai positif
R002468,2025-04-12,2025-06-15,Sardegna,Cagliari,insulaire_balneaire,SAR-4-1,4,famille,Ameriques,agence,avion_direct,64,5,2,2.0,1,aucune,oui,aucun,249.61,0,1248.05,nouveau,0,0,0.0,1,0,0,1,0,AG017,1,0,0,0,0,0.0,1,4.0,4.0,1,312.0125,249.60999999999999,0.0,1,-1.0,1,6,4,1.2246467991473532e-16,-1.0,4.174387269895637,12.8,1,0.0,4.174387269895637,0.0,0.0,4.174387269895637,0.0,1.2509898260913146,1.0890726237483366,1,0.48649852983318187,1,vrai positif
R004234,2025-04-12,2025-05-01,Liguria,Genova,littorale,LIG-3-2,3,loisirs_couple,Europe_Ouest,telephone,voiture,19,6,2,0.0,1,petit_dejeuner,oui,aucun,178.38,1,1059.58,nouveau,0,0,1.0,1,0,1,1,0,DIRECT,1,0,0,0,1,0.0,1,2.0,2.0,0,529.79,176.59666666666666,0.0,1,-1.0,1,5,4,0.49999999999999994,-0.8660254037844387,2.995732273553991,3.1666666666666665,1,0.0,2.995732273553991,2.995732273553991,0.0,2.995732273553991,2.995732273553991,1.105409927495817,0.9100788245197826,1,0.2720387497965022,1,vrai positif
R004954,2025-04-12,2025-05-10,Sardegna,Cagliari,insulaire_balneaire,SAR-5-1,5,famille,Italie,site_hotel,avion_correspondance,28,5,2,2.0,1,petit_dejeuner,non,total,200.93,7,934.32,entreprise,11,2,0.0,0,0,0,0,1,DIRECT,0,0,0,0,1,0.18181818181818182,0,4.0,4.0,1,233.58,186.864,2.0,0,2.0,0,5,4,0.49999999999999994,-0.8660254037844387,3.367295829986474,5.6,0,6.734591659972948,0.0,3.367295829986474,0.0,0.0,0.0,0.932820327222354,1.1960119047619049,0,0.0682365581135405,0,vrai négatif
R005072,2025-04-12,2025-06-25,Sardegna,Cagliari,insulaire_balneaire,SAR-4-1,4,solo,Europe_Centrale,plateforme_en_ligne,avion_direct,74,9,1,0.0,1,aucune,oui,aucun,320.88,4,2772.4,nouveau,0,0,3.0,0,0,0,1,0,AG009,1,0,0,0,0,0.0,1,1.0,1.0,0,2772.4,308.0444444444445,0.0,1,-1.0,1,6,4,1.2246467991473532e-16,-1.0,4.31748811353631,8.222222222222221,0,0.0,4.31748811353631,0.0,0.0,0.0,12.95246434060893,1.608179221169749,1.4000305416784835,1,0.41215208363855504,1,vrai positif
R005611,2025-04-12,2025-05-12,Veneto,Venezia,urbaine_littorale,VEN-3-2,3,loisirs_couple,Ameriques,site_hotel,train,30,5,2,0.0,1,demi_pension,oui,partiel,180.16,0,900.8,nouveau,0,0,0.0,0,0,0,1,0,DIRECT,0,0,0,0,1,0.0,1,2.0,2.0,0,450.4,180.16,1.0,1,0.0,0,5,4,0.49999999999999994,-0.8660254037844387,3.4339872044851463,6.0,0,3.4339872044851463,3.4339872044851463,3.4339872044851463,1.0,0.0,0.0,0.8816678085543701,0.7132083687971338,0,0.19363996884735551,0,vrai négatif
R000462,2025-04-13,2026-04-28,Campania,Napoli,urbaine_cotiere,CAM-3-3,3,loisirs_couple,Europe_Ouest,entreprise,avion_direct,380,2,2,0.0,1,petit_dejeuner,oui,partiel,144.63,17,240.09,nouveau,0,0,1.0,0,0,0,1,0,DIRECT,0,0,0,0,1,0.0,1,2.0,2.0,0,120.045,120.045,1.0,1,0.0,0,4,4,0.8660254037844387,-0.4999999999999998,5.942799375126701,190.0,0,5.942799375126701,5.942799375126701,5.942799375126701,1.0,0.0,5.942799375126701,0.8722371317432078,0.715600415615259,0,0.48112225453180557,1,faux positif
R000500,2025-04-13,2025-05-08,Liguria,Genova,littorale,LIG-3-1,3,affaires,Ameriques,site_hotel,train,25,1,2,0.0,1,pension_complete,non,total,149.13,2,146.15,entreprise,6,1,1.0,1,0,0,1,0,DIRECT,0,0,0,0,1,0.16666666666666666,0,2.0,2.0,0,73.075,146.15,2.0,0,2.0,0,5,4,0.49999999999999994,-0.8660254037844387,3.258096538021482,25.0,1,6.516193076042964,0.0,3.258096538021482,0.0,3.258096538021482,3.258096538021482,0.9663059677314844,0.7608479375526135,0,0.09334749407844722,0,vrai négatif
R001990,2025-04-13,2025-05-10,Liguria,Genova,littorale,LIG-3-3,3,famille,Asie_Pacifique,plateforme_en_ligne,voiture,27,4,2,3.0,2,aucune,oui,partiel,162.81,2,1276.43,nouveau,0,0,0.0,0,0,0,1,1,AG027,0,0,0,0,0,0.0,1,5.0,2.5,1,255.286,319.1075,1.0,1,0.0,0,5,4,0.49999999999999994,-0.8660254037844387,3.332204510175204,6.75,0,3.332204510175204,3.332204510175204,0.0,1.0,0.0,0.0,1.0314222363002852,0.8306420754572588,0,0.33103161299904305,1,faux positif
R003796,2025-04-13,2025-05-15,Campania,Napoli,urbaine_cotiere,CAM-3-3,3,loisirs_couple,Europe_Ouest,agence,voiture,32,3,2,0.0,1,petit_dejeuner,non,partiel,156.32,2,459.58,entreprise,12,1,0.0,0,0,0,1,0,AG031,0,0,0,0,0,0.08333333333333333,0,2.0,2.0,0,229.79,153.19333333333333,1.0,0,1.0,0,5,4,0.49999999999999994,-0.8660254037844387,3.4965075614664802,10.666666666666666,0,3.4965075614664802,0.0,0.0,0.0,0.0,0.0,0.9427373880529506,0.7984472366942486,0,0.16584056108991463,0,vrai négatif
R004087,2025-04-13,2025-05-15,Lombardia,Milano,affaires_lacs,LOM-5-3,5,famille,Autres,plateforme_en_ligne,voiture,32,5,2,3.0,2,demi_pension,non,partiel,269.17,5,2557.12,nouveau,0,0,2.0,1,0,0,1,0,AG007,0,0,0,0,0,0.0,1,5.0,2.5,1,511.424,511.424,1.0,0,1.0,0,5,4,0.49999999999999994,-0.8660254037844387,3.4965075614664802,6.4,1,3.4965075614664802,0.0,0.0,0.0,3.4965075614664802,6.9930151229329605,0.9902509013317637,0.9854653291352421,0,0.2702603770017288,1,faux positif
R004695,2025-04-13,2025-04-28,Lazio,Roma,urbaine_culturelle,LAZ-4-2,4,affaires,Ameriques,plateforme_en_ligne,avion_direct,15,3,2,0.0,1,petit_dejeuner,oui,partiel,219.94,2,646.62,nouveau,0,0,1.0,1,0,0,1,0,AG008,0,0,0,0,0,0.0,1,2.0,2.0,0,323.31,215.54,1.0,1,0.0,0,4,4,0.8660254037844387,-0.4999999999999998,2.772588722239781,5.0,1,2.772588722239781,2.772588722239781,0.0,1.0,2.772588722239781,2.772588722239781,1.0853195164075993,0.9096887602109399,0,0.2918453075807058,1,faux positif
R004907,2025-04-13,2025-06-13,Lazio,Roma,urbaine_culturelle,LAZ-4-3,4,loisirs_couple,Autres,plateforme_en_ligne,train,61,6,2,0.0,1,pension_complete,oui,aucun,329.95,4,1900.51,nouveau,0,0,1.0,0,0,1,1,1,AG034,1,0,0,0,0,0.0,1,2.0,2.0,0,950.255,316.75166666666667,0.0,1,-1.0,1,6,4,1.2246467991473532e-16,-1.0,4.127134385045092,10.166666666666666,0,0.0,4.127134385045092,0.0,0.0,0.0,4.127134385045092,1.5975113779413186,1.3875396875459953,1,0.39742359129145155,1,vrai positif
R006793,2025-04-13,2025-05-18,Campania,Napoli,urbaine_cotiere,CAM-4-3,4,solo,Ameriques,entreprise,voiture,35,6,1,0.0,1,petit_dejeuner,oui,aucun,182.77,15,932.13,fidele,1,0,2.0,0,0,0,1,0,DIRECT,0,0,0,0,1,0.0,0,1.0,1.0,0,932.13,155.355,0.0,1,-1.0,1,5,4,0.49999999999999994,-0.8660254037844387,3.58351893845611,5.833333333333333,0,0.0,3.58351893845611,3.58351893845611,0.0,0.0,7.16703787691222,0.9833216764405229,0.9335478598426806,0,0.13203605994154421,0,vrai négatif
R007485,2025-04-13,2025-06-04,Liguria,Genova,littorale,LIG-3-3,3,solo,Italie,plateforme_en_ligne,train,52,6,1,0.0,1,aucune,non,aucun,152.58,2,897.17,nouveau,0,0,2.0,0,0,0,1,0,AG034,0,0,0,0,0,0.0,1,1.0,1.0,0,897.17,149.52833333333334,0.0,0,0.0,0,6,4,1.2246467991473532e-16,-1.0,3.970291913552122,8.666666666666666,0,0.0,0.0,0.0,0.0,0.0,7.940583827104244,0.9666138739309472,0.8071521146877562,0,0.24590901547887536,1,faux positif
R008536,2025-04-13,2025-04-28,Campania,Napoli,urbaine_cotiere,CAM-3-1,3,loisirs_couple,Europe_Ouest,entreprise,avion_direct,15,2,2,0.0,1,aucune,oui,partiel,212.85,18,349.07,nouveau,0,0,0.0,1,0,0,1,0,DIRECT,1,0,0,0,1,0.0,1,2.0,2.0,0,174.535,174.535,1.0,1,0.0,0,4,4,0.8660254037844387,-0.4999999999999998,2.772588722239781,7.5,1,2.772588722239781,2.772588722239781,2.772588722239781,1.0,2.772588722239781,0.0,1.3119452662721893,1.0531393795457917,1,0.14887902527071176,0,faux négatif
R008946,2025-04-13,2025-04-27,Puglia,Bari,balneaire_rurale,PUG-4-1,4,groupe,Italie,plateforme_en_ligne,avion_direct,14,2,6,0.0,4,demi_pension,oui,partiel,120.13,0,961.04,nouveau,0,0,0.0,0,0,0,0,0,AG024,1,0,0,0,0,0.0,1,6.0,1.5,0,160.17333333333332,480.52,1.0,1,0.0,0,4,4,0.8660254037844387,-0.4999999999999998,2.70805020110221,7.0,0,2.70805020110221,2.70805020110221,0.0,1.0,0.0,0.0,0.7260365042910673,0.9477712031558185,1,0.3643324203109505,1,vrai positif
R009599,2025-04-13,2025-04-29,Toscana,Firenze,culturelle_rurale,TOS-3-3,3,affaires,Italie,agence,avion_correspondance,16,3,2,0.0,1,demi_pension,oui,aucun,139.47,7,389.12,entreprise,11,2,0.0,0,0,0,1,0,AG016,0,0,0,1,0,0.18181818181818182,0,2.0,2.0,0,194.56,129.70666666666668,0.0,1,-1.0,1,4,4,0.8660254037844387,-0.4999999999999998,2.833213344056216,5.333333333333333,0,0.0,2.833213344056216,0.0,0.0,0.0,0.0,0.8105893293037313,0.5976602673980116,0,0.333197342648316,1,faux positif
R000935,2025-04-14,2025-06-03,Liguria,Genova,littorale,LIG-4-1,4,solo,Italie,entreprise,voiture,50,3,1,0.0,1,petit_dejeuner,non,aucun,203.05,15,517.78,fidele,11,1,1.0,0,0,0,1,0,DIRECT,0,0,0,0,1,0.09090909090909091,0,1.0,1.0,0,517.78,172.59333333333333,0.0,0,0.0,0,6,4,1.2246467991473532e-16,-1.0,3.9318256327243257,16.666666666666668,0,0.0,0.0,3.9318256327243257,0.0,0.0,3.9318256327243257,1.1244946558121505,1.0741397095775913,0,0.11501345242712518,0,vrai négatif
R001255,2025-04-14,2025-07-26,Veneto,Venezia,urbaine_littorale,VEN-5-1,5,loisirs_couple,Italie,plateforme_en_ligne,voiture,103,6,2,1.0,1,petit_dejeuner,oui,aucun,319.18,4,1838.48,nouveau,0,0,3.0,1,0,0,1,1,AG002,0,0,0,0,0,0.0,1,3.0,3.0,1,612.8266666666667,306.41333333333336,0.0,1,-1.0,1,7,4,-0.4999999999999997,-0.8660254037844388,4.6443908991413725,17.166666666666668,1,0.0,4.6443908991413725,0.0,0.0,4.6443908991413725,13.933172697424117,1.1806613893615445,1.2348105305917172,0,0.4271268797629556,1,faux positif
R003153,2025-04-14,2025-05-13,Lombardia,Milano,affaires_lacs,LOM-4-1,4,loisirs_couple,Europe_Ouest,entreprise,avion_direct,29,2,2,0.0,1,petit_dejeuner,non,partiel,300.96,11,535.71,nouveau,0,0,0.0,0,0,0,1,0,DIRECT,0,0,0,0,1,0.0,1,2.0,2.0,0,267.855,267.855,1.0,0,1.0,0,5,4,0.49999999999999994,-0.8660254037844387,3.4011973816621555,14.5,0,3.4011973816621555,0.0,3.4011973816621555,0.0,0.0,0.0,1.3626114909222617,1.1018525298381783,0,0.08986210348424556,0,vrai négatif
R003632,2025-04-14,2025-04-25,Lombardia,Milano,affaires_lacs,LOM-3-3,3,famille,Europe_Centrale,plateforme_en_ligne,avion_direct,11,3,2,3.0,2,petit_dejeuner,oui,aucun,189.89,8,1048.19,nouveau,0,0,3.0,0,0,0,1,1,AG044,0,0,0,0,0,0.0,1,5.0,2.5,1,209.638,349.3966666666667,0.0,1,-1.0,1,4,4,0.8660254037844387,-0.4999999999999998,2.4849066497880004,3.6666666666666665,0,0.0,2.4849066497880004,0.0,0.0,0.0,7.4547199493640015,0.9405616920105008,0.7191577193281448,0,0.30440476942562933,1,faux positif
R004751,2025-04-14,2025-04-29,Puglia,Bari,balneaire_rurale,PUG-3-2,3,solo,Italie,telephone,voiture,15,4,1,0.0,1,petit_dejeuner,oui,aucun,121.68,2,476.99,nouveau,0,0,1.0,0,0,0,0,0,DIRECT,0,0,0,0,1,0.0,1,1.0,1.0,0,476.99,119.2475,0.0,1,-1.0,1,4,4,0.8660254037844387,-0.4999999999999998,2.772588722239781,3.75,0,0.0,2.772588722239781,2.772588722239781,0.0,0.0,2.772588722239781,0.8803356967153814,0.9600000000000001,0,0.28111270179014214,1,faux positif
R004813,2025-04-14,2025-05-26,Lombardia,Milano,affaires_lacs,LOM-5-3,5,famille,Italie,agence,avion_direct,42,3,2,2.0,1,aucune,non,total,258.3,5,736.16,nouveau,0,0,4.0,0,0,0,1,0,AG027,0,0,0,0,0,0.0,1,4.0,4.0,1,184.04,245.38666666666666,2.0,0,2.0,0,5,4,0.49999999999999994,-0.8660254037844387,3.7612001156935624,14.0,0,7.522400231387125,0.0,0.0,0.0,0.0,15.04480046277425,0.9502612022662057,0.9456688877498719,0,0.08869421354151105,0,vrai négatif
R005693,2025-04-14,2025-06-02,Puglia,Bari,balneaire_rurale,PUG-3-3,3,loisirs_couple,Ameriques,site_hotel,voiture,49,5,2,0.0,1,aucune,oui,aucun,242.34,0,1211.7,fidele,3,0,1.0,4,0,0,1,0,DIRECT,0,0,0,0,1,0.0,0,2.0,2.0,0,605.85,242.34,0.0,1,-1.0,1,6,4,1.2246467991473532e-16,-1.0,3.912023005428146,9.8,1,0.0,3.912023005428146,3.912023005428146,0.0,3.912023005428146,3.912023005428146,1.7383258015924252,1.4416418798334325,0,0.47032424099824577,1,faux positif
R007681,2025-04-14,2025-05-09,Lazio,Roma,urbaine_culturelle,LAZ-3-1,3,loisirs_couple,Asie_Pacifique,plateforme_en_ligne,avion_direct,25,7,2,0.0,1,aucune,oui,aucun,219.67,4,1476.18,nouveau,0,0,0.0,1,0,0,1,1,AG029,0,0,0,0,0,0.0,1,2.0,2.0,0,738.09,210.88285714285715,0.0,1,-1.0,1,5,4,0.49999999999999994,-0.8660254037844387,3.258096538021482,3.5714285714285716,1,0.0,3.258096538021482,0.0,0.0,3.258096538021482,0.0,1.2767800058122638,0.8671298306556664,0,0.43998494075697936,1,faux positif
R001102,2025-04-15,2025-04-21,Campania,Napoli,urbaine_cotiere,CAM-4-1,4,loisirs_couple,Italie,telephone,voiture,6,7,2,0.0,1,aucune,oui,aucun,229.67,3,1559.46,nouveau,0,0,2.0,0,0,0,1,0,DIRECT,0,0,0,0,1,0.0,1,2.0,2.0,0,779.73,222.78,0.0,1,-1.0,1,4,4,0.8660254037844387,-0.4999999999999998,1.9459101490553132,0.8571428571428571,0,0.0,1.9459101490553132,1.9459101490553132,0.0,0.0,3.8918202981106265,1.2137081858056333,1.136361387363317,0,0.2518592842967873,1,faux positif
R002234,2025-04-15,2025-05-15,Lombardia,Milano,affaires_lacs,LOM-5-2,5,affaires,Italie,site_hotel,avion_direct,30,1,2,0.0,1,demi_pension,oui,partiel,236.8,12,208.38,fidele,6,1,2.0,0,0,0,1,0,DIRECT,0,0,0,0,1,0.16666666666666666,0,2.0,2.0,0,104.19,208.38,1.0,1,0.0,0,5,4,0.49999999999999994,-0.8660254037844387,3.4339872044851463,30.0,0,3.4339872044851463,3.4339872044851463,3.4339872044851463,1.0,0.0,6.8679744089702925,0.8943442545557551,0.8669546752581094,0,0.18876469824105097,0,vrai négatif
R000146,2025-04-16,2025-05-12,Sardegna,Cagliari,insulaire_balneaire,SAR-3-2,3,affaires,Italie,agence,avion_direct,26,5,2,0.0,1,petit_dejeuner,oui,aucun,185.48,3,899.58,fidele,2,0,1.0,0,0,0,0,0,AG042,1,0,0,0,0,0.0,0,2.0,2.0,0,449.79,179.916,0.0,1,-1.0,1,5,4,0.49999999999999994,-0.8660254037844387,3.295836866004329,5.2,0,0.0,3.295836866004329,0.0,0.0,0.0,3.295836866004329,1.2068449476218361,1.104047619047619,1,0.33474107214868426,1,vrai positif
R002877,2025-04-16,2025-05-11,Lazio,Roma,urbaine_culturelle,LAZ-3-2,3,loisirs_couple,Asie_Pacifique,site_hotel,train,25,5,2,0.0,1,petit_dejeuner,non,aucun,167.0,7,776.55,fidele,11,1,1.0,1,0,1,1,0,DIRECT,0,0,0,0,1,0.09090909090909091,0,2.0,2.0,0,388.275,155.31,0.0,0,0.0,0,5,4,0.49999999999999994,-0.8660254037844387,3.258096538021482,5.0,1,0.0,0.0,3.258096538021482,0.0,3.258096538021482,3.258096538021482,0.9729383320224883,0.6592192002526349,0,0.17814858456929622,0,vrai négatif
R004794,2025-04-16,2025-04-26,Veneto,Venezia,urbaine_littorale,VEN-5-3,5,affaires,Ameriques,site_hotel,train,10,2,2,0.0,1,petit_dejeuner,oui,aucun,314.55,7,585.06,nouveau,0,0,0.0,1,0,0,1,1,DIRECT,0,0,0,0,1,0.0,1,2.0,2.0,0,292.53,292.53,0.0,1,-1.0,1,4,4,0.8660254037844387,-0.4999999999999998,2.3978952727983707,5.0,1,0.0,2.3978952727983707,2.3978952727983707,0.0,2.3978952727983707,0.0,1.2166395915525643,1.2219330277367726,0,0.34449329685516794,1,faux positif
R006035,2025-04-16,2025-04-24,Veneto,Venezia,urbaine_littorale,VEN-3-2,3,affaires,Europe_Ouest,agence,train,8,3,2,0.0,1,pension_complete,oui,partiel,172.39,1,512.0,fidele,5,1,2.0,0,0,0,1,0,AG043,1,0,0,0,0,0.2,0,2.0,2.0,0,256.0,170.66666666666666,1.0,1,0.0,0,4,4,0.8660254037844387,-0.4999999999999998,2.1972245773362196,2.6666666666666665,0,2.1972245773362196,2.1972245773362196,0.0,1.0,0.0,4.394449154672439,0.8436429480277967,0.669683785253671,1,0.22325725174788344,0,faux négatif
R007682,2025-04-16,2025-05-24,Sardegna,Cagliari,insulaire_balneaire,SAR-5-1,5,famille,Europe_Centrale,plateforme_en_ligne,ferry,38,4,2,2.0,1,demi_pension,non,partiel,241.3,0,965.2,fidele,10,2,0.0,1,0,0,0,1,AG017,0,0,0,0,0,0.2,0,4.0,4.0,1,241.3,241.3,1.0,0,1.0,0,5,4,0.49999999999999994,-0.8660254037844387,3.6635616461296463,9.5,1,3.6635616461296463,0.0,0.0,0.0,3.6635616461296463,0.0,1.1202386152329369,1.4363095238095238,0,0.2235897775538856,0,vrai négatif
R008543,2025-04-16,2025-04-28,Toscana,Firenze,culturelle_rurale,TOS-4-1,4,solo,Europe_Ouest,plateforme_en_ligne,voiture,12,6,1,0.0,1,petit_dejeuner,oui,partiel,232.8,8,1285.06,nouveau,0,0,1.0,0,0,0,1,0,AG029,0,0,0,0,0,0.0,1,1.0,1.0,0,1285.06,214.17666666666665,1.0,1,0.0,0,4,4,0.8660254037844387,-0.4999999999999998,2.5649493574615367,2.0,0,2.5649493574615367,2.5649493574615367,0.0,1.0,0.0,2.5649493574615367,1.0186615329466107,0.9976002742543709,0,0.23240305953699766,0,vrai négatif
R008995,2025-04-16,2025-06-09,Liguria,Genova,littorale,LIG-3-2,3,solo,Europe_Ouest,plateforme_en_ligne,avion_direct,54,6,1,0.0,1,aucune,oui,partiel,175.19,8,967.05,nouveau,0,0,0.0,0,0,0,1,0,AG023,0,0,1,1,0,0.0,1,1.0,1.0,0,967.05,161.17499999999998,1.0,1,0.0,0,6,4,1.2246467991473532e-16,-1.0,4.007333185232471,9.0,0,4.007333185232471,4.007333185232471,0.0,1.0,0.0,0.0,1.085641693003656,0.9267595947840346,0,0.2987179285708887,1,faux positif
R009504,2025-04-16,2025-04-30,Puglia,Bari,balneaire_rurale,PUG-4-2,4,affaires,Europe_Ouest,entreprise,train,14,3,2,0.0,1,petit_dejeuner,oui,aucun,145.06,7,404.72,nouveau,0,0,2.0,0,0,0,0,0,DIRECT,0,0,0,0,1,0.0,1,2.0,2.0,0,202.36,134.90666666666667,0.0,1,-1.0,1,4,4,0.8660254037844387,-0.4999999999999998,2.70805020110221,4.666666666666667,0,0.0,2.70805020110221,2.70805020110221,0.0,0.0,5.41610040220442,0.9640459892337343,1.144457593688363,0,0.1367315753129255,0,vrai négatif
R009587,2025-04-16,2025-05-04,Trentino-Alto_Adige,Bolzano,montagne,TRE-4-2,4,affaires,Italie,site_hotel,voiture,18,1,2,0.0,1,petit_dejeuner,non,total,138.04,5,131.14,fidele,8,2,0.0,0,0,0,0,0,DIRECT,0,0,0,0,1,0.25,0,2.0,2.0,0,65.57,131.14,2.0,0,2.0,0,5,4,0.49999999999999994,-0.8660254037844387,2.9444389791664403,18.0,0,5.8888779583328805,0.0,2.9444389791664403,0.0,0.0,0.0,0.7327741798492409,0.862211118051218,0,0.06842032375764927,0,vrai négatif
R000104,2025-04-17,2025-05-26,Sicilia,Palermo,insulaire_mixte,SIC-4-2,4,solo,Ameriques,telephone,avion_correspondance,39,7,1,0.0,1,petit_dejeuner,oui,aucun,168.51,1,1167.77,fidele,8,1,0.0,0,0,0,1,0,DIRECT,0,0,0,0,1,0.125,0,1.0,1.0,0,1167.77,166.8242857142857,0.0,1,-1.0,1,5,4,0.49999999999999994,-0.8660254037844387,3.6888794541139363,5.571428571428571,0,0.0,3.6888794541139363,3.6888794541139363,0.0,0.0,0.0,0.9724161809683189,0.9159396657154503,0,0.29642501666583915,1,faux positif
R000700,2025-04-17,2025-05-08,Puglia,Bari,balneaire_rurale,PUG-4-1,4,famille,Italie,plateforme_en_ligne,voiture,21,3,2,2.0,1,aucune,non,total,131.41,3,382.4,nouveau,0,0,1.0,1,0,0,0,0,AG045,0,0,0,0,0,0.0,1,4.0,4.0,1,95.6,127.46666666666665,2.0,0,2.0,0,5,4,0.49999999999999994,-0.8660254037844387,3.091042453358316,7.0,1,6.182084906716632,0.0,0.0,0.0,3.091042453358316,3.091042453358316,0.794210080986341,1.0893641714333084,0,0.1384950590517914,0,vrai négatif
R001514,2025-04-17,2025-05-02,Sicilia,Palermo,insulaire_mixte,SIC-4-2,4,affaires,Italie,agence,avion_correspondance,15,4,2,0.0,1,demi_pension,oui,aucun,172.53,8,634.91,nouveau,0,0,0.0,0,0,0,1,1,AG043,1,0,0,0,0,0.0,1,2.0,2.0,0,317.455,158.7275,0.0,1,-1.0,1,5,4,0.49999999999999994,-0.8660254037844387,2.772588722239781,3.75,0,0.0,2.772588722239781,0.0,0.0,0.0,0.0,0.9956142881874315,0.9377904606604157,1,0.3648475272615288,1,vrai positif
R001855,2025-04-17,2025-05-02,Toscana,Firenze,culturelle_rurale,TOS-5-3,5,loisirs_couple,Europe_Centrale,plateforme_en_ligne,voiture,15,5,2,0.0,1,petit_dejeuner,oui,partiel,291.87,7,1357.2,nouveau,0,0,2.0,0,0,0,1,1,AG018,1,0,0,0,0,0.0,1,2.0,2.0,0,678.6,271.44,1.0,1,0.0,0,5,4,0.49999999999999994,-0.8660254037844387,2.772588722239781,3.0,0,2.772588722239781,2.772588722239781,0.0,1.0,0.0,5.545177444479562,1.2204474179385323,1.3770700636942677,1,0.21542383027769615,0,faux négatif
R003509,2025-04-17,2025-05-13,Trentino-Alto_Adige,Bolzano,montagne,TRE-3-2,3,affaires,Europe_Ouest,plateforme_en_ligne,voiture,26,1,2,0.0,1,petit_dejeuner,oui,aucun,137.55,0,137.55,fidele,12,1,0.0,0,0,0,0,0,AG008,1,0,0,0,0,0.08333333333333333,0,2.0,2.0,0,68.775,137.55,0.0,1,-1.0,1,5,4,0.49999999999999994,-0.8660254037844387,3.295836866004329,26.0,0,0.0,3.295836866004329,0.0,0.0,0.0,0.0,0.8693041774631867,0.8591505309181763,1,0.3236162821268373,1,vrai positif
R004088,2025-04-17,2025-05-07,Puglia,Bari,balneaire_rurale,PUG-3-1,3,affaires,Italie,telephone,avion_direct,20,3,2,0.0,1,pension_complete,oui,aucun,136.13,2,400.22,nouveau,0,0,1.0,1,0,0,0,0,DIRECT,1,0,0,0,1,0.0,1,2.0,2.0,0,200.11,133.40666666666667,0.0,1,-1.0,1,5,4,0.49999999999999994,-0.8660254037844387,3.044522437723423,6.666666666666667,1,0.0,3.044522437723423,3.044522437723423,0.0,3.044522437723423,3.044522437723423,1.0629343327867573,1.1284920832297107,1,0.28814432752757174,1,vrai positif
R007277,2025-04-17,2025-05-17,Sardegna,Cagliari,insulaire_balneaire,SAR-4-3,4,loisirs_couple,Autres,plateforme_en_ligne,ferry,30,8,2,0.0,1,aucune,oui,aucun,178.86,6,1345.03,nouveau,0,0,2.0,1,0,0,0,1,AG030,0,0,0,0,0,0.0,1,2.0,2.0,0,672.515,168.12875,0.0,1,-1.0,1,5,4,0.49999999999999994,-0.8660254037844387,3.4339872044851463,3.75,1,0.0,3.4339872044851463,0.0,0.0,3.4339872044851463,6.8679744089702925,0.8902272105119081,1.0646428571428572,0,0.35813596611121656,1,faux positif
R009794,2025-04-17,2025-05-08,Toscana,Firenze,culturelle_rurale,TOS-4-1,4,famille,Italie,plateforme_en_ligne,voiture,21,3,2,2.0,1,petit_dejeuner,oui,aucun,236.39,7,659.53,nouveau,0,0,0.0,1,0,0,1,0,AG006,1,0,0,0,0,0.0,1,4.0,4.0,1,164.8825,219.84333333333333,0.0,1,-1.0,1,5,4,0.49999999999999994,-0.8660254037844387,3.091042453358316,7.0,1,0.0,3.091042453358316,0.0,0.0,3.091042453358316,0.0,1.0343702739400742,1.115310214673272,1,0.4142659057364234,1,vrai positif
R009815,2025-04-17,2025-05-05,Trentino-Alto_Adige,Bolzano,montagne,TRE-3-1,3,affaires,Italie,agence,avion_direct,18,3,2,0.0,1,aucune,oui,aucun,186.75,3,543.44,fidele,11,2,0.0,0,0,0,0,0,AG022,0,0,0,0,0,0.18181818181818182,0,2.0,2.0,0,271.72,181.14666666666668,0.0,1,-1.0,1,5,4,0.49999999999999994,-0.8660254037844387,2.9444389791664403,6.0,0,0.0,2.9444389791664403,0.0,0.0,0.0,0.0,1.1610556747178962,1.1664584634603374,0,0.3202356986338343,1,faux positif
R000689,2025-04-18,2025-04-27,Liguria,Genova,littorale,LIG-3-3,3,affaires,Europe_Ouest,plateforme_en_ligne,train,9,2,2,1.0,1,petit_dejeuner,oui,aucun,124.35,4,238.75,entreprise,4,0,1.0,4,0,0,0,0,AG041,0,0,0,0,0,0.0,0,3.0,3.0,1,79.58333333333333,119.375,0.0,1,-1.0,1,4,4,0.8660254037844387,-0.4999999999999998,2.302585092994046,4.5,1,0.0,2.302585092994046,0.0,0.0,2.302585092994046,2.302585092994046,0.7877732024073487,0.8434511293495217,0,0.5828186452212999,1,faux positif
R003228,2025-04-18,2025-05-18,Sicilia,Palermo,insulaire_mixte,SIC-4-3,4,famille,Europe_Ouest,site_hotel,avion_direct,30,6,2,3.0,2,petit_dejeuner,non,partiel,158.89,2,1868.55,fidele,7,1,2.0,0,0,0,1,0,DIRECT,0,0,0,0,1,0.14285714285714285,0,5.0,2.5,1,373.71,311.425,1.0,0,1.0,0,5,4,0.49999999999999994,-0.8660254037844387,3.4339872044851463,5.0,0,3.4339872044851463,0.0,3.4339872044851463,0.0,0.0,6.8679744089702925,0.9533209335813282,0.86364995243919,0,0.12198079406749489,0,vrai négatif
R003973,2025-04-18,2025-04-24,Veneto,Venezia,urbaine_littorale,VEN-5-2,5,affaires,Europe_Ouest,plateforme_en_ligne,voiture,6,1,2,0.0,1,aucune,non,total,267.4,6,251.36,fidele,5,1,1.0,0,0,0,1,0,AG001,0,0,0,0,0,0.2,0,2.0,2.0,0,125.68,251.36,2.0,0,2.0,0,4,4,0.8660254037844387,-0.4999999999999998,1.9459101490553132,6.0,0,3.8918202981106265,0.0,0.0,0.0,0.0,1.9459101490553132,1.079924074148863,1.0387693263926656,0,0.15473448026542796,0,vrai négatif
R006969,2025-04-18,2025-05-11,Lazio,Roma,urbaine_culturelle,LAZ-4-2,4,loisirs_couple,Europe_Ouest,plateforme_en_ligne,voiture,23,6,2,0.0,1,aucune,oui,partiel,285.89,8,1578.11,nouveau,0,0,3.0,0,0,0,1,0,AG002,1,0,0,0,0,0.0,1,2.0,2.0,0,789.055,263.0183333333333,1.0,1,0.0,0,5,4,0.49999999999999994,-0.8660254037844387,3.1780538303479458,3.8333333333333335,0,3.1780538303479458,3.1780538303479458,0.0,1.0,0.0,9.534161491043838,1.4107574636072044,1.1285280069474597,1,0.19991815309101502,0,faux négatif
R007793,2025-04-18,2025-05-03,Veneto,Venezia,urbaine_littorale,VEN-3-3,3,groupe,Europe_Ouest,entreprise,avion_direct,15,5,5,0.0,4,aucune,non,aucun,269.92,17,4480.67,nouveau,0,0,3.0,0,0,1,1,1,DIRECT,0,0,0,0,1,0.0,1,5.0,1.25,0,896.134,896.134,0.0,0,0.0,0,5,4,0.49999999999999994,-0.8660254037844387,2.772588722239781,3.0,0,0.0,0.0,2.772588722239781,0.0,0.0,8.317766166719343,1.445824215900802,1.0685457532511233,0,0.12454250496476829,0,vrai négatif
R000290,2025-04-19,2025-06-21,Liguria,Genova,littorale,LIG-4-3,4,groupe,Europe_Centrale,plateforme_en_ligne,avion_direct,63,5,6,0.0,4,petit_dejeuner,oui,aucun,159.8,6,3004.24,fidele,2,0,0.0,0,0,0,1,1,AG007,1,0,0,0,0,0.0,0,6.0,1.5,0,500.70666666666665,600.848,0.0,1,-1.0,1,6,4,1.2246467991473532e-16,-1.0,4.1588830833596715,12.6,0,0.0,4.1588830833596715,0.0,0.0,0.0,0.0,0.9218344389962505,0.8453460999285846,1,0.49511927551324764,1,vrai positif
R000845,2025-04-19,2025-04-26,Liguria,Genova,littorale,LIG-3-3,3,affaires,Europe_Ouest,plateforme_en_ligne,avion_direct,7,1,2,0.0,1,aucune,oui,aucun,116.63,4,111.96,nouveau,0,0,0.0,0,0,0,0,1,AG041,0,0,0,0,0,0.0,1,2.0,2.0,0,55.98,111.96,0.0,1,-1.0,1,4,4,0.8660254037844387,-0.4999999999999998,2.0794415416798357,7.0,0,0.0,2.0794415416798357,0.0,0.0,0.0,0.0,0.7388660120367437,0.7910872956657397,0,0.3586843300633054,1,faux positif
R003365,2025-04-19,2025-04-30,Campania,Napoli,urbaine_cotiere,CAM-5-2,5,affaires,Europe_Ouest,plateforme_en_ligne,train,11,2,2,0.0,1,aucune,non,total,217.44,7,404.44,nouveau,0,0,1.0,0,0,0,1,0,AG038,0,0,0,0,0,0.0,1,2.0,2.0,0,202.22,202.22,2.0,0,2.0,0,4,4,0.8660254037844387,-0.4999999999999998,2.4849066497880004,5.5,0,4.969813299576001,0.0,0.0,0.0,0.0,2.4849066497880004,1.0424277290378254,1.0758497847706694,0,0.15141531104946002,0,vrai négatif
R003922,2025-04-19,2025-05-21,Lazio,Roma,urbaine_culturelle,LAZ-5-2,5,affaires,Europe_Ouest,telephone,avion_direct,32,2,2,0.0,1,petit_dejeuner,oui,aucun,246.02,4,472.36,fidele,8,1,1.0,1,0,0,1,0,DIRECT,1,0,0,0,1,0.125,0,2.0,2.0,0,236.18,236.18,0.0,1,-1.0,1,5,4,0.49999999999999994,-0.8660254037844387,3.4965075614664802,16.0,1,0.0,3.4965075614664802,3.4965075614664802,0.0,3.4965075614664802,3.4965075614664802,1.0674245053800764,0.9711443571625943,1,0.3513492809165481,1,vrai positif
R003967,2025-04-19,2025-05-05,Liguria,Genova,littorale,LIG-4-3,4,affaires,Asie_Pacifique,site_hotel,voiture,16,1,2,0.0,1,aucune,oui,aucun,236.9263157894737,5,225.08,entreprise,8,1,0.0,1,0,0,1,0,DIRECT,0,1,0,0,1,0.125,0,2.0,2.0,0,112.54,225.08,0.0,1,-1.0,1,5,4,0.49999999999999994,-0.8660254037844387,2.833213344056216,16.0,1,0.0,2.833213344056216,2.833213344056216,0.0,2.833213344056216,0.0,1.3667511727111261,1.2087768974744202,0,0.21347398621874838,0,vrai négatif
R004914,2025-04-19,2025-05-13,Puglia,Bari,balneaire_rurale,PUG-3-1,3,affaires,Europe_Ouest,plateforme_en_ligne,avion_direct,24,3,2,0.0,1,aucune,oui,aucun,153.97,8,424.96,fidele,1,0,0.0,0,0,0,0,0,AG007,0,0,0,0,0,0.0,0,2.0,2.0,0,212.48,141.65333333333334,0.0,1,-1.0,1,5,4,0.49999999999999994,-0.8660254037844387,3.2188758248682006,8.0,0,0.0,3.2188758248682006,0.0,0.0,0.0,0.0,1.2022331537440463,1.276382326121197,0,0.4016536475709019,1,faux positif
R007540,2025-04-19,2025-05-22,Trentino-Alto_Adige,Bolzano,montagne,TRE-3-3,3,famille,Italie,plateforme_en_ligne,avion_direct,33,5,2,3.0,2,petit_dejeuner,oui,aucun,198.73,1,1967.43,nouveau,0,0,0.0,0,0,1,0,0,AG032,0,0,0,0,0,0.0,1,5.0,2.5,1,393.486,393.486,0.0,1,-1.0,1,5,4,0.49999999999999994,-0.8660254037844387,3.5263605246161616,6.6,0,0.0,3.5263605246161616,0.0,0.0,0.0,0.0,1.2870280422252445,1.2412866958151156,0,0.5000711594314134,1,faux positif
R007763,2025-04-19,2025-06-29,Lazio,Roma,urbaine_culturelle,LAZ-4-1,4,loisirs_couple,Italie,plateforme_en_ligne,train,71,7,2,0.0,1,aucune,oui,aucun,170.25,2,1167.92,nouveau,0,0,0.0,0,0,0,1,0,AG037,1,0,0,0,0,0.0,1,2.0,2.0,0,583.96,166.8457142857143,0.0,1,-1.0,1,6,4,1.2246467991473532e-16,-1.0,4.276666119016055,10.142857142857142,0,0.0,4.276666119016055,0.0,0.0,0.0,0.0,0.833578143360752,0.7159528165016085,1,0.45284248579906405,1,vrai positif
R008293,2025-04-19,2025-05-03,Veneto,Venezia,urbaine_littorale,VEN-4-1,4,affaires,Europe_Ouest,plateforme_en_ligne,train,14,2,2,0.0,1,petit_dejeuner,non,total,256.57,1,508.01,nouveau,0,0,0.0,0,0,0,1,1,AG037,0,0,0,0,0,0.0,1,2.0,2.0,0,254.005,254.005,2.0,0,2.0,0,5,4,0.49999999999999994,-0.8660254037844387,2.70805020110221,7.0,0,5.41610040220442,0.0,0.0,0.0,0.0,0.0,1.1628181014752204,1.0156964430632804,0,0.15260693634784359,0,vrai négatif
R008648,2025-04-19,2025-05-27,Campania,Napoli,urbaine_cotiere,CAM-3-3,3,solo,Europe_Centrale,plateforme_en_ligne,avion_correspondance,38,2,1,0.0,1,petit_dejeuner,oui,aucun,173.97,5,330.54,nouveau,0,0,1.0,0,0,0,1,0,AG034,0,0,0,0,0,0.0,1,1.0,1.0,0,330.54,165.27,0.0,1,-1.0,1,5,4,0.49999999999999994,-0.8660254037844387,3.6635616461296463,19.0,0,0.0,3.6635616461296463,0.0,0.0,0.0,3.6635616461296463,1.0491813165274553,0.8885994483604045,0,0.4163414926954192,1,faux positif
R008808,2025-04-19,2025-05-10,Lazio,Roma,urbaine_culturelle,LAZ-3-1,3,famille,Europe_Ouest,plateforme_en_ligne,voiture,21,5,2,1.0,1,aucune,non,total,208.89,6,981.78,nouveau,0,0,0.0,0,0,1,1,1,AG008,0,0,0,0,0,0.0,1,3.0,3.0,1,327.26,196.356,2.0,0,2.0,0,5,4,0.49999999999999994,-0.8660254037844387,3.091042453358316,4.2,0,6.182084906716632,0.0,0.0,0.0,0.0,0.0,1.2141238012205753,0.8245766391663047,0,0.14219171611413764,0,vrai négatif
R000536,2025-04-20,2025-06-22,Lombardia,Milano,affaires_lacs,LOM-5-2,5,famille,Italie,plateforme_en_ligne,voiture,63,7,2,2.0,1,petit_dejeuner,non,aucun,190.77,7,1241.91,nouveau,0,0,0.0,1,0,1,0,0,AG005,1,0,0,0,0,0.0,1,4.0,4.0,1,310.4775,177.4157142857143,0.0,0,0.0,0,6,4,1.2246467991473532e-16,-1.0,4.1588830833596715,9.0,1,0.0,0.0,0.0,0.0,4.1588830833596715,0.0,0.7204985364932491,0.8906162464985994,1,0.3779217482309968,1,vrai positif
R002363,2025-04-20,2026-02-27,Lazio,Roma,urbaine_culturelle,LAZ-3-3,3,loisirs_couple,Europe_Centrale,site_hotel,avion_direct,313,6,2,1.0,1,petit_dejeuner,non,aucun,145.02,9,791.81,nouveau,0,0,1.0,0,0,0,0,1,DIRECT,0,0,0,0,1,0.0,1,3.0,3.0,1,263.93666666666667,131.96833333333333,0.0,0,0.0,0,2,4,0.8660254037844386,0.5000000000000001,5.749392985908253,52.166666666666664,0,0.0,0.0,5.749392985908253,0.0,0.0,5.749392985908253,0.8664651939111028,0.8446864897923523,0,0.5651146396534583,1,faux positif
R002604,2025-04-20,2025-04-29,Lazio,Roma,urbaine_culturelle,LAZ-4-2,4,loisirs_couple,Asie_Pacifique,agence,train,9,7,2,0.0,1,aucune,oui,aucun,284.37,8,1831.34,fidele,6,1,0.0,0,0,1,1,0,AG039,0,0,0,0,0,0.16666666666666666,0,2.0,2.0,0,915.67,261.62,0.0,1,-1.0,1,4,4,0.8660254037844387,-0.4999999999999998,2.302585092994046,1.2857142857142858,0,0.0,2.302585092994046,0.0,0.0,0.0,0.0,1.403256846780163,1.176176196877262,0,0.38210793716267816,1,faux positif
R004191,2025-04-20,2025-05-14,Trentino-Alto_Adige,Bolzano,montagne,TRE-4-1,4,solo,Italie,telephone,voiture,24,7,1,0.0,1,petit_dejeuner,oui,aucun,201.26,2,1380.64,fidele,3,1,0.0,0,0,0,0,0,DIRECT,1,0,0,0,1,0.3333333333333333,0,1.0,1.0,0,1380.64,197.23428571428573,0.0,1,-1.0,1,5,4,0.49999999999999994,-0.8660254037844387,3.2188758248682006,3.4285714285714284,0,0.0,3.2188758248682006,3.2188758248682006,0.0,0.0,0.0,1.0061239283125454,1.2570893191755153,1,0.3799436275132232,1,vrai positif
R008890,2025-04-20,2025-05-10,Trentino-Alto_Adige,Bolzano,montagne,TRE-4-3,4,loisirs_couple,Europe_Centrale,agence,voiture,20,6,2,0.0,1,aucune,oui,aucun,160.41,3,933.59,nouveau,0,0,0.0,0,0,0,0,1,AG001,1,0,0,0,0,0.0,1,2.0,2.0,0,466.795,155.59833333333333,0.0,1,-1.0,1,5,4,0.49999999999999994,-0.8660254037844387,3.044522437723423,3.3333333333333335,0,0.0,3.044522437723423,0.0,0.0,0.0,0.0,0.8642081728308595,1.0019362898188633,1,0.3459308032310484,1,vrai positif
R009071,2025-04-20,2025-05-20,Toscana,Firenze,culturelle_rurale,TOS-3-1,3,loisirs_couple,Europe_Ouest,plateforme_en_ligne,train,30,6,2,0.0,1,aucune,oui,aucun,259.7598566308244,7,1449.46,nouveau,0,0,2.0,0,0,1,1,0,AG009,0,1,0,0,0,0.0,1,2.0,2.0,0,724.73,241.57666666666668,0.0,1,-1.0,1,5,4,0.49999999999999994,-0.8660254037844387,3.4339872044851463,5.0,0,0.0,3.4339872044851463,0.0,0.0,0.0,6.8679744089702925,1.5234735440651266,1.2255713924549394,0,0.304503766071622,1,faux positif
R000603,2025-04-21,2025-05-12,Trentino-Alto_Adige,Bolzano,montagne,TRE-5-3,5,solo,Asie_Pacifique,plateforme_en_ligne,avion_correspondance,21,4,1,0.0,1,petit_dejeuner,oui,aucun,201.18010752688173,7,748.39,nouveau,0,0,0.0,0,0,0,0,0,AG018,1,1,0,0,0,0.0,1,1.0,1.0,0,748.39,187.0975,0.0,1,-1.0,1,5,4,0.49999999999999994,-0.8660254037844387,3.091042453358316,5.25,0,0.0,3.091042453358316,0.0,0.0,0.0,0.0,0.9115959378625299,1.256590303103571,1,0.3323855681004364,1,vrai positif
R000775,2025-04-21,2025-05-01,Lazio,Roma,urbaine_culturelle,LAZ-4-1,4,famille,Europe_Centrale,agence,train,10,7,2,3.0,2,petit_dejeuner,oui,partiel,279.56,3,3796.42,nouveau,0,0,2.0,0,0,0,1,0,AG039,0,0,0,0,0,0.0,1,5.0,2.5,1,759.284,542.3457142857143,1.0,1,0.0,0,5,4,0.49999999999999994,-0.8660254037844387,2.3978952727983707,1.4285714285714286,0,2.3978952727983707,2.3978952727983707,0.0,1.0,0.0,4.795790545596741,1.3687818253035644,1.1035408360636323,0,0.28333621482276117,1,faux positif
R001560,2025-04-21,2025-05-22,Sicilia,Palermo,insulaire_mixte,SIC-4-1,4,solo,Europe_Ouest,plateforme_en_ligne,avion_direct,31,4,1,0.0,1,demi_pension,non,total,207.74,3,806.03,nouveau,0,0,0.0,0,0,0,1,0,AG040,1,0,0,0,0,0.0,1,1.0,1.0,0,806.03,201.5075,2.0,0,2.0,0,5,4,0.49999999999999994,-0.8660254037844387,3.4657359027997265,7.75,0,6.931471805599453,0.0,0.0,0.0,0.0,0.0,1.2270525694034258,1.1291751596684332,1,0.12238865053249103,0,faux négatif
R002808,2025-04-21,2025-04-30,Trentino-Alto_Adige,Bolzano,montagne,TRE-4-1,4,affaires,Italie,plateforme_en_ligne,voiture,9,3,2,0.0,1,petit_dejeuner,oui,aucun,177.84,1,528.18,entreprise,3,0,1.0,1,0,0,0,0,AG012,0,0,0,0,0,0.0,0,2.0,2.0,0,264.09,176.05999999999997,0.0,1,-1.0,1,4,4,0.8660254037844387,-0.4999999999999998,2.302585092994046,3.0,1,0.0,2.302585092994046,0.0,0.0,2.302585092994046,2.302585092994046,0.8890444172269854,1.035337951912441,0,0.339948495071488,1,faux positif
R003654,2025-04-21,2025-05-15,Trentino-Alto_Adige,Bolzano,montagne,TRE-4-1,4,famille,Italie,plateforme_en_ligne,avion_direct,24,6,2,3.0,2,petit_dejeuner,non,aucun,152.68,5,1740.55,nouveau,0,0,0.0,0,0,0,0,0,AG038,0,0,0,0,0,0.0,1,5.0,2.5,1,348.11,290.09166666666664,0.0,0,0.0,0,5,4,0.49999999999999994,-0.8660254037844387,3.2188758248682006,4.0,0,0.0,0.0,0.0,0.0,0.0,0.0,0.7632664283750344,0.9536539662710807,0,0.3320570417302971,1,faux positif
R005330,2025-04-21,2025-05-11,Toscana,Firenze,culturelle_rurale,TOS-4-2,4,groupe,Europe_Centrale,site_hotel,voiture,20,4,6,0.0,3,aucune,oui,aucun,272.59,2,3205.66,entreprise,8,1,1.0,0,0,1,1,0,DIRECT,0,0,0,0,1,0.125,0,6.0,2.0,0,534.2766666666666,801.415,0.0,1,-1.0,1,5,4,0.49999999999999994,-0.8660254037844387,3.044522437723423,5.0,0,0.0,3.044522437723423,3.044522437723423,0.0,0.0,3.044522437723423,1.3715910234477204,1.2861052134937485,0,0.3700102004060451,1,faux positif
R009183,2025-04-21,2025-04-30,Campania,Napoli,urbaine_cotiere,CAM-3-2,3,famille,Europe_Ouest,site_hotel,train,9,6,2,1.0,1,aucune,oui,aucun,173.91,10,939.11,nouveau,0,0,0.0,0,0,0,1,0,DIRECT,1,0,0,0,1,0.0,1,3.0,3.0,1,313.0366666666667,156.51833333333335,0.0,1,-1.0,1,4,4,0.8660254037844387,-0.4999999999999998,2.302585092994046,1.5,0,0.0,2.302585092994046,2.302585092994046,0.0,0.0,0.0,1.018506588579795,0.8604720201870268,1,0.3447371955469146,1,vrai positif
R009675,2025-04-21,2025-05-21,Campania,Napoli,urbaine_cotiere,CAM-4-3,4,solo,Italie,plateforme_en_ligne,avion_direct,30,2,1,0.0,1,petit_dejeuner,oui,aucun,246.27777777777777,1,487.63,nouveau,0,0,0.0,1,0,0,1,0,AG016,0,1,0,0,0,0.0,1,1.0,1.0,0,487.63,243.815,0.0,1,-1.0,1,5,4,0.49999999999999994,-0.8660254037844387,3.4339872044851463,15.0,1,0.0,3.4339872044851463,0.0,0.0,3.4339872044851463,0.0,1.3250001494473436,1.2579312380109193,0,0.4106003260349571,1,faux positif
R001055,2025-04-22,2025-05-22,Toscana,Firenze,culturelle_rurale,TOS-3-3,3,loisirs_couple,Italie,plateforme_en_ligne,avion_direct,30,2,2,0.0,1,petit_dejeuner,oui,aucun,225.55,7,419.52,nouveau,0,0,0.0,0,0,1,1,0,AG002,0,0,0,0,0,0.0,1,2.0,2.0,0,209.76,209.76,0.0,1,-1.0,1,5,4,0.49999999999999994,-0.8660254037844387,3.4339872044851463,15.0,0,0.0,3.4339872044851463,0.0,0.0,0.0,0.0,1.3108799256073462,1.0641660769049306,0,0.4161609262732082,1,faux positif
R002222,2025-04-22,2025-05-27,Lombardia,Milano,affaires_lacs,LOM-4-2,4,solo,Italie,site_hotel,train,35,3,1,0.0,1,petit_dejeuner,non,total,216.88,1,644.13,fidele,4,1,1.0,0,0,0,1,0,DIRECT,0,0,0,0,1,0.25,0,1.0,1.0,0,644.13,214.71,2.0,0,2.0,0,5,4,0.49999999999999994,-0.8660254037844387,3.58351893845611,11.666666666666666,0,7.16703787691222,0.0,3.58351893845611,0.0,0.0,3.58351893845611,0.9677390567132211,0.7940250421029509,0,0.10698762895373068,0,vrai négatif
R002945,2025-04-22,2025-05-08,Campania,Napoli,urbaine_cotiere,CAM-3-3,3,affaires,Asie_Pacifique,site_hotel,avion_direct,16,2,2,0.0,1,petit_dejeuner,oui,aucun,153.87,1,304.66,fidele,1,0,1.0,0,0,0,1,0,DIRECT,0,0,0,0,1,0.0,0,2.0,2.0,0,152.33,152.33,0.0,1,-1.0,1,5,4,0.49999999999999994,-0.8660254037844387,2.833213344056216,8.0,0,0.0,2.833213344056216,2.833213344056216,0.0,0.0,2.833213344056216,0.9279618852335434,0.7859331903156604,0,0.2797195557479155,1,faux positif
R007705,2025-04-22,2025-05-23,Liguria,Genova,littorale,LIG-4-1,4,famille,Europe_Centrale,site_hotel,train,31,6,2,1.0,1,petit_dejeuner,non,total,247.09,12,1304.64,entreprise,8,2,0.0,0,0,0,1,1,DIRECT,0,0,0,0,1,0.25,0,3.0,3.0,1,434.88000000000005,217.44000000000003,2.0,0,2.0,0,5,4,0.49999999999999994,-0.8660254037844387,3.4657359027997265,5.166666666666667,0,6.931471805599453,0.0,3.4657359027997265,0.0,0.0,0.0,1.3683889904192281,1.2606311063493278,0,0.06736029099030491,0,vrai négatif
R008844,2025-04-22,2025-05-12,Lazio,Roma,urbaine_culturelle,LAZ-3-3,3,famille,Italie,plateforme_en_ligne,train,20,3,2,2.0,1,petit_dejeuner,oui,aucun,297.69,1,884.14,nouveau,0,0,1.0,0,0,1,1,0,AG014,0,0,0,0,0,0.0,1,4.0,4.0,1,221.035,294.7133333333333,0.0,1,-1.0,1,5,4,0.49999999999999994,-0.8660254037844387,3.044522437723423,6.666666666666667,0,0.0,3.044522437723423,0.0,0.0,0.0,3.044522437723423,1.7786375918866097,1.1751075672048317,0,0.4130661102323649,1,faux positif
R009204,2025-04-22,2025-05-21,Toscana,Firenze,culturelle_rurale,TOS-3-3,3,solo,Europe_Ouest,site_hotel,train,29,3,1,0.0,1,aucune,non,total,150.73,0,452.19,fidele,12,2,2.0,0,0,1,1,0,DIRECT,1,0,0,0,1,0.16666666666666666,0,1.0,1.0,0,452.19,150.73,2.0,0,2.0,0,5,4,0.49999999999999994,-0.8660254037844387,3.4011973816621555,9.666666666666666,0,6.802394763324311,0.0,3.4011973816621555,0.0,0.0,6.802394763324311,0.8760316168778333,0.7111582920500118,1,0.04663935239475232,0,faux négatif
R000169,2025-04-23,2025-06-01,Toscana,Firenze,culturelle_rurale,TOS-3-2,3,famille,Europe_Ouest,site_hotel,train,39,5,2,2.0,1,petit_dejeuner,non,total,149.46,11,665.1,fidele,12,2,0.0,1,4,0,1,0,DIRECT,0,0,0,0,1,0.16666666666666666,0,4.0,4.0,1,166.275,133.02,2.0,0,2.0,0,6,4,1.2246467991473532e-16,-1.0,3.6888794541139363,7.8,1,7.3777589082278725,0.0,3.6888794541139363,0.0,3.6888794541139363,0.0,0.8477595008508224,0.6924573758339511,0,0.06112422635528762,0,vrai négatif
R000814,2025-04-23,2025-07-06,Toscana,Firenze,culturelle_rurale,TOS-4-3,4,famille,Autres,plateforme_en_ligne,avion_direct,74,4,2,2.0,1,petit_dejeuner,oui,aucun,301.87,8,1110.88,nouveau,0,0,0.0,0,0,0,1,0,AG018,0,0,0,0,0,0.0,1,4.0,4.0,1,277.72,277.72,0.0,1,-1.0,1,7,4,-0.4999999999999997,-0.8660254037844388,4.31748811353631,18.5,0,0.0,4.31748811353631,0.0,0.0,0.0,0.0,1.4859829186049376,1.344962017420749,0,0.4533001108992414,1,faux positif
R001835,2025-04-23,2025-05-02,Veneto,Venezia,urbaine_littorale,VEN-4-2,4,affaires,Italie,plateforme_en_ligne,avion_direct,9,3,2,0.0,1,aucune,non,partiel,310.04,6,874.31,entreprise,11,2,0.0,0,0,1,1,1,AG014,0,0,0,0,0,0.18181818181818182,0,2.0,2.0,0,437.155,291.43666666666667,1.0,0,1.0,0,5,4,0.49999999999999994,-0.8660254037844387,2.302585092994046,3.0,0,2.302585092994046,0.0,0.0,0.0,0.0,0.0,1.3719798212231171,1.2273707963025275,0,0.13946946486711626,0,vrai négatif
R005601,2025-04-23,2025-06-05,Lombardia,Milano,affaires_lacs,LOM-4-1,4,affaires,Europe_Centrale,plateforme_en_ligne,train,43,1,2,0.0,1,petit_dejeuner,non,partiel,201.29,7,187.2,fidele,11,2,1.0,1,0,0,0,0,AG034,1,0,0,0,0,0.18181818181818182,0,2.0,2.0,0,93.6,187.2,1.0,0,1.0,0,6,4,1.2246467991473532e-16,-1.0,3.784189633918261,43.0,1,3.784189633918261,0.0,0.0,0.0,3.784189633918261,3.784189633918261,0.9113505682075428,0.9397292250233426,1,0.15620220133234883,0,faux négatif
R007061,2025-04-23,2025-04-27,Lazio,Roma,urbaine_culturelle,LAZ-4-1,4,affaires,Europe_Ouest,site_hotel,train,4,3,2,0.0,1,pension_complete,oui,aucun,330.92013888888886,4,953.05,nouveau,0,0,0.0,0,0,0,1,0,DIRECT,0,1,0,0,1,0.0,1,2.0,2.0,0,476.525,317.68333333333334,0.0,1,-1.0,1,4,4,0.8660254037844387,-0.4999999999999998,1.6094379124341003,1.3333333333333333,0,0.0,1.6094379124341003,1.6094379124341003,0.0,0.0,0.0,1.6202513654959305,1.3687111524718802,0,0.22300398038728936,0,vrai négatif
R007395,2025-04-23,2025-06-09,Campania,Napoli,urbaine_cotiere,CAM-3-1,3,famille,Italie,plateforme_en_ligne,avion_direct,47,5,2,1.0,1,demi_pension,oui,partiel,201.87,3,979.07,fidele,12,2,0.0,1,0,0,1,0,AG017,0,0,0,0,0,0.16666666666666666,0,3.0,3.0,1,326.3566666666667,195.81400000000002,1.0,1,0.0,0,6,4,1.2246467991473532e-16,-1.0,3.8712010109078907,9.4,1,3.8712010109078907,3.8712010109078907,0.0,1.0,3.8712010109078907,0.0,1.24426775147929,0.9596406160867085,0,0.2902539997334987,1,faux positif
R008395,2025-04-23,2025-05-04,Lazio,Roma,urbaine_culturelle,LAZ-4-3,4,groupe,Ameriques,plateforme_en_ligne,avion_direct,11,4,5,0.0,3,petit_dejeuner,oui,aucun,224.5,0,2694.0,fidele,3,1,0.0,0,0,0,1,0,AG014,0,0,0,0,0,0.3333333333333333,0,5.0,1.6666666666666667,0,538.8,673.5,0.0,1,-1.0,1,5,4,0.49999999999999994,-0.8660254037844387,2.4849066497880004,2.75,0,0.0,2.4849066497880004,0.0,0.0,0.0,0.0,1.0869565217391304,0.8861958709983025,0,0.544441701820478,1,faux positif
R008447,2025-04-23,2025-05-25,Lazio,Roma,urbaine_culturelle,LAZ-4-2,4,loisirs_couple,Italie,telephone,avion_direct,32,7,2,0.0,1,petit_dejeuner,oui,total,300.01,7,1953.07,nouveau,0,0,0.0,0,0,1,1,0,DIRECT,0,0,0,0,1,0.0,1,2.0,2.0,0,976.535,279.01,2.0,1,1.0,0,5,4,0.49999999999999994,-0.8660254037844387,3.4965075614664802,4.571428571428571,0,6.9930151229329605,3.4965075614664802,3.4965075614664802,2.0,0.0,0.0,1.480434246237355,1.1842655824418742,0,0.11596927011590505,0,vrai négatif
R000605,2025-04-24,2025-05-22,Lazio,Roma,urbaine_culturelle,LAZ-4-2,4,loisirs_couple,Europe_Ouest,plateforme_en_ligne,voiture,28,3,2,0.0,1,aucune,non,total,221.42,3,644.33,nouveau,0,0,1.0,0,0,1,1,0,AG014,0,0,0,0,0,0.0,1,2.0,2.0,0,322.165,214.77666666666667,2.0,0,2.0,0,5,4,0.49999999999999994,-0.8660254037844387,3.367295829986474,9.333333333333334,0,6.734591659972948,0.0,0.0,0.0,0.0,3.367295829986474,1.0926227485812978,0.8740378162870563,0,0.11541536541684541,0,vrai négatif
R001293,2025-04-24,2025-05-05,Trentino-Alto_Adige,Bolzano,montagne,TRE-5-1,5,solo,Italie,site_hotel,voiture,11,6,1,0.0,1,petit_dejeuner,non,total,169.11,11,903.05,nouveau,0,0,0.0,0,0,0,0,0,DIRECT,0,0,0,0,1,0.0,1,1.0,1.0,0,903.05,150.50833333333333,2.0,0,2.0,0,5,4,0.49999999999999994,-0.8660254037844387,2.4849066497880004,1.8333333333333333,0,4.969813299576001,0.0,2.4849066497880004,0.0,0.0,0.0,0.7635969566297158,1.056277326670831,0,0.07573659324466582,0,vrai négatif
R002112,2025-04-24,2025-05-22,Sicilia,Palermo,insulaire_mixte,SIC-4-3,4,famille,Italie,telephone,avion_direct,28,8,2,3.0,2,aucune,oui,aucun,245.13,7,3647.53,nouveau,0,0,0.0,0,0,0,1,0,DIRECT,1,0,0,0,1,0.0,1,5.0,2.5,1,729.5060000000001,455.94125,0.0,1,-1.0,1,5,4,0.49999999999999994,-0.8660254037844387,3.367295829986474,3.5,0,0.0,3.367295829986474,3.367295829986474,0.0,0.0,0.0,1.4707505849883,1.332409294741133,1,0.37358579552939897,1,vrai positif
R002509,2025-04-24,2025-07-12,Sardegna,Cagliari,insulaire_balneaire,SAR-3-3,3,loisirs_couple,Ameriques,plateforme_en_ligne,ferry,79,8,2,0.0,1,petit_dejeuner,oui,aucun,222.13,6,1670.42,nouveau,0,0,1.0,1,0,0,1,1,AG041,0,0,0,0,0,0.0,1,2.0,2.0,0,835.21,208.8025,0.0,1,-1.0,1,7,4,-0.4999999999999997,-0.8660254037844388,4.382026634673881,9.875,1,0.0,4.382026634673881,0.0,0.0,4.382026634673881,4.382026634673881,1.295898722361589,0.888324568594909,0,0.4995226356475383,1,faux positif
R004159,2025-04-24,2025-05-05,Campania,Napoli,urbaine_cotiere,CAM-3-2,3,affaires,Italie,plateforme_en_ligne,avion_direct,11,3,2,0.0,1,petit_dejeuner,non,partiel,177.87,7,496.26,fidele,6,1,0.0,1,0,1,1,0,AG004,1,0,0,0,0,0.16666666666666666,0,2.0,2.0,0,248.13,165.42,1.0,0,1.0,0,5,4,0.49999999999999994,-0.8660254037844387,2.4849066497880004,3.6666666666666665,1,2.4849066497880004,0.0,0.0,0.0,2.4849066497880004,0.0,1.0416983894582723,0.9085197670855042,1,0.2805680679886732,1,vrai positif
R004507,2025-04-24,2025-10-08,Lombardia,Milano,affaires_lacs,LOM-4-1,4,famille,Europe_Ouest,agence,avion_direct,167,4,2,3.0,2,demi_pension,oui,aucun,252.29,1,1998.14,nouveau,0,0,2.0,0,0,0,1,0,AG042,1,0,0,0,0,0.0,1,5.0,2.5,1,399.62800000000004,499.535,0.0,1,-1.0,1,10,4,-0.8660254037844386,0.5000000000000001,5.123963979403259,41.75,0,0.0,5.123963979403259,0.0,0.0,0.0,10.247927958806518,1.142255625481052,0.9310281201564691,1,0.4782212066098308,1,vrai positif
R004636,2025-04-24,2025-05-12,Lombardia,Milano,affaires_lacs,LOM-5-2,5,loisirs_couple,Asie_Pacifique,telephone,voiture,18,2,2,0.0,1,aucune,oui,aucun,282.47,4,542.34,fidele,7,1,1.0,0,0,1,1,0,DIRECT,0,0,0,0,1,0.14285714285714285,0,2.0,2.0,0,271.17,271.17,0.0,1,-1.0,1,5,4,0.49999999999999994,-0.8660254037844387,2.9444389791664403,9.0,0,0.0,2.9444389791664403,2.9444389791664403,0.0,0.0,2.9444389791664403,1.0668303276366728,1.0341583070952627,0,0.2775646814303134,1,faux positif
R005014,2025-04-24,2025-05-14,Lazio,Roma,urbaine_culturelle,LAZ-4-3,4,loisirs_couple,Europe_Ouest,plateforme_en_ligne,avion_direct,20,5,2,0.0,1,demi_pension,non,total,264.83,8,1218.22,nouveau,0,0,2.0,0,0,1,1,0,AG002,0,0,0,0,0,0.0,1,2.0,2.0,0,609.11,243.644,2.0,0,2.0,0,5,4,0.49999999999999994,-0.8660254037844387,3.044522437723423,4.0,0,6.089044875446846,0.0,0.0,0.0,0.0,6.089044875446846,1.2822213614796163,1.0453953341491333,0,0.10312150258059335,0,vrai négatif
R006197,2025-04-24,2025-05-27,Puglia,Bari,balneaire_rurale,PUG-3-3,3,famille,Europe_Ouest,plateforme_en_ligne,avion_direct,33,5,2,2.0,1,petit_dejeuner,non,total,84.21,7,391.58,fidele,8,1,1.0,0,0,0,0,0,AG019,0,0,0,0,0,0.125,0,4.0,4.0,1,97.895,78.316,2.0,0,2.0,0,5,4,0.49999999999999994,-0.8660254037844387,3.5263605246161616,6.6,0,7.052721049232323,0.0,0.0,0.0,0.0,3.5263605246161616,0.6040456208306434,0.6980850534692862,0,0.10419946595462602,0,vrai négatif
R008581,2025-04-24,2025-05-09,Sardegna,Cagliari,insulaire_balneaire,SAR-4-1,4,affaires,Italie,telephone,avion_correspondance,15,4,2,0.0,1,petit_dejeuner,oui,aucun,194.89,7,724.99,fidele,1,0,1.0,0,0,0,0,1,DIRECT,0,0,0,0,1,0.0,0,2.0,2.0,0,362.495,181.2475,0.0,1,-1.0,1,5,4,0.49999999999999994,-0.8660254037844387,2.772588722239781,3.75,0,0.0,2.772588722239781,2.772588722239781,0.0,0.0,2.772588722239781,0.976745351576204,1.1600595238095237,0,0.27254157647998956,1,faux positif
R009117,2025-04-24,2025-07-06,Lazio,Roma,urbaine_culturelle,LAZ-3-3,3,loisirs_couple,Europe_Ouest,plateforme_en_ligne,avion_direct,73,4,2,0.0,1,aucune,oui,aucun,185.17,5,703.65,nouveau,0,0,0.0,0,0,1,0,0,AG026,0,0,0,0,0,0.0,1,2.0,2.0,0,351.825,175.9125,0.0,1,-1.0,1,7,4,-0.4999999999999997,-0.8660254037844388,4.304065093204169,18.25,0,0.0,4.304065093204169,0.0,0.0,0.0,0.0,1.1063533302752646,1.073035477182082,0,0.45815359352529067,1,faux positif
R009924,2025-04-24,2025-05-31,Toscana,Firenze,culturelle_rurale,TOS-3-1,3,loisirs_couple,Italie,plateforme_en_ligne,voiture,37,5,2,0.0,1,aucune,oui,aucun,153.17,1,758.19,nouveau,0,0,0.0,1,0,0,1,1,AG033,0,0,0,0,0,0.0,1,2.0,2.0,0,379.095,151.638,0.0,1,-1.0,1,5,4,0.49999999999999994,-0.8660254037844387,3.6375861597263857,7.4,1,0.0,3.6375861597263857,0.0,0.0,3.6375861597263857,0.0,0.8983314272308729,0.7226704411417787,0,0.44767828639247986,1,faux positif
R000181,2025-04-25,2025-05-15,Puglia,Bari,balneaire_rurale,PUG-4-1,4,groupe,Ameriques,plateforme_en_ligne,train,20,5,6,0.0,3,petit_dejeuner,oui,partiel,165.67,6,2335.95,nouveau,0,0,1.0,1,0,1,0,0,AG042,1,0,0,0,0,0.0,1,6.0,2.0,0,389.325,467.18999999999994,1.0,1,0.0,0,5,4,0.49999999999999994,-0.8660254037844387,3.044522437723423,4.0,1,3.044522437723423,3.044522437723423,0.0,1.0,3.044522437723423,3.044522437723423,1.0012691889278373,1.3733731244300753,1,0.36371583439455196,1,vrai positif
R000480,2025-04-25,2025-05-30,Liguria,Genova,littorale,LIG-3-3,3,affaires,Italie,site_hotel,train,35,2,2,1.0,1,aucune,oui,aucun,239.21,11,425.79,fidele,12,2,0.0,0,12,0,1,1,DIRECT,0,0,0,0,1,0.16666666666666666,0,3.0,3.0,1,141.93,212.895,0.0,1,-1.0,1,5,4,0.49999999999999994,-0.8660254037844387,3.58351893845611,17.5,0,0.0,3.58351893845611,3.58351893845611,0.0,0.0,0.0,1.515426037377257,1.2204280503048393,0,0.2433521030483447,1,faux positif
R003625,2025-04-25,2025-05-26,Lazio,Roma,urbaine_culturelle,LAZ-4-1,4,famille,Italie,telephone,avion_direct,31,4,2,3.0,2,demi_pension,oui,partiel,256.88,5,1952.29,nouveau,0,0,1.0,1,0,1,1,0,DIRECT,0,0,0,0,1,0.0,1,5.0,2.5,1,390.45799999999997,488.0725,1.0,1,0.0,0,5,4,0.49999999999999994,-0.8660254037844387,3.4657359027997265,7.75,1,3.4657359027997265,3.4657359027997265,3.4657359027997265,1.0,3.4657359027997265,3.4657359027997265,1.2577359968664317,1.0140133422808195,0,0.32276550909709395,1,faux positif
R005713,2025-04-25,2025-05-10,Lazio,Roma,urbaine_culturelle,LAZ-4-2,4,groupe,Italie,plateforme_en_ligne,avion_direct,15,4,6,0.0,4,petit_dejeuner,oui,aucun,333.18,8,4904.41,fidele,5,1,1.0,0,0,1,1,1,AG021,0,0,0,0,0,0.2,0,6.0,1.5,0,817.4016666666666,1226.1025,0.0,1,-1.0,1,5,4,0.49999999999999994,-0.8660254037844387,2.772588722239781,3.75,0,0.0,2.772588722239781,0.0,0.0,0.0,2.772588722239781,1.6441154700222058,1.3152015158094186,0,0.48560480736046746,1,faux positif
R007213,2025-04-25,2025-06-25,Lombardia,Milano,affaires_lacs,LOM-5-2,5,groupe,Italie,telephone,train,61,3,3,0.0,2,aucune,non,aucun,198.35,0,1190.1,nouveau,0,0,3.0,0,0,0,0,0,DIRECT,0,1,0,0,1,0.0,1,3.0,1.5,0,396.7,396.7,0.0,0,0.0,0,6,4,1.2246467991473532e-16,-1.0,4.127134385045092,20.333333333333332,0,0.0,0.0,4.127134385045092,0.0,0.0,12.381403155135274,0.7491266169389105,0.9260037348272642,0,0.2327735238902118,0,vrai négatif
R007997,2025-04-25,2025-05-15,Trentino-Alto_Adige,Bolzano,montagne,TRE-4-2,4,affaires,Italie,agence,voiture,20,1,2,0.0,1,petit_dejeuner,oui,aucun,141.08,5,134.03,entreprise,12,1,0.0,0,0,0,0,0,AG007,0,0,0,0,0,0.08333333333333333,0,2.0,2.0,0,67.015,134.03,0.0,1,-1.0,1,5,4,0.49999999999999994,-0.8660254037844387,3.044522437723423,20.0,0,0.0,3.044522437723423,0.0,0.0,0.0,0.0,0.7489117740736809,0.8811992504684574,0,0.2796805233683256,1,faux positif
R009269,2025-04-25,2025-06-17,Trentino-Alto_Adige,Bolzano,montagne,TRE-3-2,3,solo,Italie,site_hotel,train,53,3,1,0.0,1,aucune,oui,aucun,145.98,12,385.39,fidele,10,1,0.0,1,0,0,0,0,DIRECT,1,0,0,1,1,0.1,0,1.0,1.0,0,385.39,128.46333333333334,0.0,1,-1.0,1,6,4,1.2246467991473532e-16,-1.0,3.9889840465642745,17.666666666666668,1,0.0,3.9889840465642745,3.9889840465642745,0.0,3.9889840465642745,0.0,0.9225810528976806,0.9451602460343154,1,0.31713848554151686,1,vrai positif
R000051,2025-04-26,2026-06-02,Lombardia,Milano,affaires_lacs,LOM-5-1,5,famille,Inconnu,plateforme_en_ligne,train,402,3,2,1.0,1,petit_dejeuner,oui,partiel,181.6,5,517.56,fidele,12,2,2.0,0,0,0,0,0,AG020,0,0,0,0,0,0.16666666666666666,0,3.0,3.0,1,172.51999999999998,172.51999999999998,1.0,1,0.0,0,6,4,1.2246467991473532e-16,-1.0,5.998936561946683,134.0,0,5.998936561946683,5.998936561946683,0.0,1.0,0.0,11.997873123893365,0.6883220255467536,0.8478057889822594,0,0.6062629443822973,1,faux positif
R000367,2025-04-26,2025-05-06,Veneto,Venezia,urbaine_littorale,VEN-3-2,3,loisirs_couple,Italie,agence,voiture,10,7,2,0.0,1,petit_dejeuner,oui,aucun,242.14,8,1559.38,nouveau,0,0,0.0,0,0,0,1,0,AG014,1,0,0,0,0,0.0,1,2.0,2.0,0,779.69,222.76857142857145,0.0,1,-1.0,1,5,4,0.49999999999999994,-0.8660254037844387,2.3978952727983707,1.4285714285714286,0,0.0,2.3978952727983707,0.0,0.0,0.0,0.0,1.1849858079671136,0.9585716830624887,1,0.373806166437804,1,vrai positif
R000882,2025-04-26,2025-05-20,Sardegna,Cagliari,insulaire_balneaire,SAR-3-2,3,groupe,Italie,plateforme_en_ligne,ferry,24,6,5,0.0,4,petit_dejeuner,non,total,146.27,1,3475.38,nouveau,0,0,1.0,0,0,0,0,0,AG002,1,0,0,0,0,0.0,1,5.0,1.25,0,695.076,579.23,2.0,0,2.0,0,5,4,0.49999999999999994,-0.8660254037844387,3.2188758248682006,4.0,0,6.437751649736401,0.0,0.0,0.0,0.0,3.2188758248682006,0.951720996811764,0.870654761904762,1,0.1502157220575307,0,faux négatif
R001451,2025-04-26,2025-05-06,Toscana,Firenze,culturelle_rurale,TOS-4-2,4,solo,Ameriques,telephone,voiture,10,7,1,0.0,1,demi_pension,non,total,258.81,0,1811.67,fidele,2,0,0.0,0,0,0,1,0,DIRECT,0,0,0,0,1,0.0,0,1.0,1.0,0,1811.67,258.81,2.0,0,2.0,0,5,4,0.49999999999999994,-0.8660254037844387,2.3978952727983707,1.4285714285714286,0,4.795790545596741,0.0,2.3978952727983707,0.0,0.0,0.0,1.3022542014692562,1.2210898796886058,0,0.08850095987781356,0,vrai négatif
R003282,2025-04-26,2025-06-04,Sardegna,Cagliari,insulaire_balneaire,SAR-3-1,3,loisirs_couple,Asie_Pacifique,plateforme_en_ligne,avion_correspondance,39,8,2,0.0,1,aucune,non,total,167.98,2,1316.96,fidele,7,1,0.0,0,0,0,1,0,AG007,1,0,0,0,0,0.14285714285714285,0,2.0,2.0,0,658.48,164.62,2.0,0,2.0,0,6,4,1.2246467991473532e-16,-1.0,3.6888794541139363,4.875,0,7.3777589082278725,0.0,0.0,0.0,0.0,0.0,1.030425714636241,0.7329130216627762,1,0.11262958607808726,0,faux négatif
R004404,2025-04-26,2025-06-12,Campania,Napoli,urbaine_cotiere,CAM-5-1,5,famille,Ameriques,site_hotel,train,47,3,2,1.0,1,petit_dejeuner,oui,aucun,227.86,10,615.22,fidele,9,2,3.0,1,0,0,1,0,DIRECT,0,0,0,0,1,0.2222222222222222,0,3.0,3.0,1,205.07333333333335,205.07333333333335,0.0,1,-1.0,1,6,4,1.2246467991473532e-16,-1.0,3.8712010109078907,15.666666666666666,1,0.0,3.8712010109078907,3.8712010109078907,0.0,3.8712010109078907,11.613603032723672,1.0794192188351217,1.0831907206693288,0,0.3052162622077434,1,faux positif
R007314,2025-04-26,2025-05-19,Veneto,Venezia,urbaine_littorale,VEN-4-2,4,solo,Italie,entreprise,avion_direct,23,6,1,0.0,1,petit_dejeuner,oui,aucun,338.21,7,1887.21,fidele,12,1,1.0,0,0,1,1,0,DIRECT,0,0,0,0,1,0.08333333333333333,0,1.0,1.0,0,1887.21,314.535,0.0,1,-1.0,1,5,4,0.49999999999999994,-0.8660254037844387,3.1780538303479458,3.8333333333333335,0,0.0,3.1780538303479458,3.1780538303479458,0.0,0.0,3.1780538303479458,1.4966368705195148,1.3388887789236157,0,0.1358558372635541,0,vrai négatif
R008838,2025-04-26,2025-06-08,Lazio,Roma,urbaine_culturelle,LAZ-5-3,5,solo,Italie,plateforme_en_ligne,avion_correspondance,43,6,1,0.0,1,demi_pension,oui,aucun,349.16,0,2094.96,nouveau,0,0,0.0,1,0,0,1,0,AG023,1,0,0,0,0,0.0,1,1.0,1.0,0,2094.96,349.16,0.0,1,-1.0,1,6,4,1.2246467991473532e-16,-1.0,3.784189633918261,7.166666666666667,1,0.0,3.784189633918261,0.0,0.0,3.784189633918261,0.0,1.473186785367706,1.4683235560041212,1,0.46831379957251573,1,vrai positif
R009877,2025-04-26,2025-07-14,Veneto,Venezia,urbaine_littorale,VEN-4-2,4,famille,Italie,site_hotel,train,79,6,2,1.0,1,petit_dejeuner,oui,aucun,247.73,4,1426.92,nouveau,0,0,1.0,0,0,0,1,0,DIRECT,0,0,0,0,1,0.0,1,3.0,3.0,1,475.64000000000004,237.82000000000002,0.0,1,-1.0,1,7,4,-0.4999999999999997,-0.8660254037844388,4.382026634673881,13.166666666666666,0,0.0,4.382026634673881,4.382026634673881,0.0,0.0,4.382026634673881,1.0962474555270376,0.9583921697583998,0,0.38574464415331494,1,faux positif
R001814,2025-04-27,2025-05-20,Toscana,Firenze,culturelle_rurale,TOS-4-3,4,loisirs_couple,Italie,site_hotel,train,23,7,2,0.0,1,aucune,oui,partiel,298.44,8,1921.95,nouveau,0,0,0.0,0,0,1,1,0,DIRECT,0,0,0,0,1,0.0,1,2.0,2.0,0,960.975,274.56428571428575,1.0,1,0.0,0,5,4,0.49999999999999994,-0.8660254037844387,3.1780538303479458,3.2857142857142856,0,3.1780538303479458,3.1780538303479458,3.1780538303479458,1.0,0.0,0.0,1.4690984272317804,1.4080679405520171,0,0.20527378685387923,0,vrai négatif
R002617,2025-04-27,2025-05-30,Liguria,Genova,littorale,LIG-3-1,3,famille,Italie,plateforme_en_ligne,voiture,33,3,2,2.0,1,petit_dejeuner,oui,partiel,158.66,5,452.18,nouveau,0,0,0.0,0,0,0,1,1,AG044,1,0,0,0,0,0.0,1,4.0,4.0,1,113.045,150.72666666666666,1.0,1,0.0,0,5,4,0.49999999999999994,-0.8660254037844387,3.5263605246161616,11.0,0,3.5263605246161616,3.5263605246161616,0.0,1.0,0.0,0.0,1.0280567614851293,0.8094691461952501,1,0.32112214733926653,1,vrai positif
R003764,2025-04-27,2025-05-06,Lazio,Roma,urbaine_culturelle,LAZ-4-2,4,affaires,Italie,plateforme_en_ligne,voiture,9,2,2,0.0,1,petit_dejeuner,oui,partiel,282.45,3,547.95,nouveau,0,0,0.0,0,0,0,1,0,AG035,0,0,0,0,0,0.0,1,2.0,2.0,0,273.975,273.975,1.0,1,0.0,0,5,4,0.49999999999999994,-0.8660254037844387,2.302585092994046,4.5,0,2.302585092994046,2.302585092994046,0.0,1.0,0.0,0.0,1.393782383419689,1.1149488809063277,0,0.29406315798431504,1,faux positif
R004964,2025-04-27,2025-05-21,Lombardia,Milano,affaires_lacs,LOM-5-3,5,affaires,Europe_Ouest,plateforme_en_ligne,voiture,24,1,2,0.0,1,demi_pension,non,total,307.83,5,292.44,fidele,6,1,0.0,0,0,0,1,0,AG039,0,0,0,0,0,0.16666666666666666,0,2.0,2.0,0,146.22,292.44,2.0,0,2.0,0,5,4,0.49999999999999994,-0.8660254037844387,3.2188758248682006,24.0,0,6.437751649736401,0.0,0.0,0.0,0.0,0.0,1.1324773747332793,1.127004466573918,0,0.1455070843521958,0,vrai négatif
R006161,2025-04-27,2025-06-11,Trentino-Alto_Adige,Bolzano,montagne,TRE-3-1,3,solo,Asie_Pacifique,plateforme_en_ligne,train,45,6,1,0.0,1,aucune,non,partiel,159.77,7,891.52,nouveau,0,0,2.0,0,0,0,0,0,AG035,0,0,0,0,0,0.0,1,1.0,1.0,0,891.52,148.58666666666667,1.0,0,1.0,0,6,4,1.2246467991473532e-16,-1.0,3.828641396489095,7.5,0,3.828641396489095,0.0,0.0,0.0,0.0,7.65728279297819,0.9933165469862291,1.034444804143736,0,0.14553285938493815,0,vrai négatif
R008571,2025-04-27,2025-05-09,Campania,Napoli,urbaine_cotiere,CAM-3-1,3,loisirs_couple,Asie_Pacifique,plateforme_en_ligne,voiture,12,6,2,0.0,1,aucune,oui,aucun,197.46,2,1161.06,nouveau,0,0,0.0,0,0,0,1,1,AG004,0,0,0,0,0,0.0,1,2.0,2.0,0,580.53,193.51,0.0,1,-1.0,1,5,4,0.49999999999999994,-0.8660254037844387,2.5649493574615367,2.0,0,0.0,2.5649493574615367,0.0,0.0,0.0,0.0,1.217085798816568,1.0085810603738892,0,0.3814152546373567,1,faux positif
R003638,2025-04-28,2025-05-18,Lombardia,Milano,affaires_lacs,LOM-5-3,5,loisirs_couple,Europe_Ouest,plateforme_en_ligne,avion_direct,20,4,2,0.0,1,petit_dejeuner,oui,partiel,295.88,5,1124.34,nouveau,0,0,0.0,0,0,0,1,0,AG038,1,0,0,0,0,0.0,1,2.0,2.0,0,562.17,281.085,1.0,1,0.0,0,5,4,0.49999999999999994,-0.8660254037844387,3.044522437723423,5.0,0,3.044522437723423,3.044522437723423,0.0,1.0,0.0,0.0,1.0885144580972703,1.083254008933148,1,0.2951650435551108,1,vrai positif
R004178,2025-04-28,2025-05-30,Toscana,Firenze,culturelle_rurale,TOS-3-1,3,solo,Italie,agence,train,32,5,1,0.0,1,petit_dejeuner,non,partiel,273.51,8,1258.15,fidele,4,1,0.0,0,0,1,1,1,AG025,0,0,0,0,0,0.25,0,1.0,1.0,0,1258.15,251.63000000000002,1.0,0,1.0,0,5,4,0.49999999999999994,-0.8660254037844387,3.4965075614664802,6.4,0,3.4965075614664802,0.0,0.0,0.0,0.0,0.0,1.604117181314331,1.2904458598726114,0,0.274383605552174,1,faux positif
R004450,2025-04-28,2025-06-04,Lazio,Roma,urbaine_culturelle,LAZ-4-3,4,loisirs_couple,Europe_Centrale,agence,voiture,37,6,2,0.0,1,aucune,non,total,203.62,7,1136.2,nouveau,0,0,0.0,1,0,0,1,0,AG034,0,0,0,0,0,0.0,1,2.0,2.0,0,568.1,189.36666666666667,2.0,0,2.0,0,6,4,1.2246467991473532e-16,-1.0,3.6375861597263857,6.166666666666667,1,7.275172319452771,0.0,0.0,0.0,3.6375861597263857,0.0,0.9858623027016558,0.8562837738388107,0,0.11656700132692085,0,vrai négatif
R004530,2025-04-28,2025-05-31,Sicilia,Palermo,insulaire_mixte,SIC-4-2,4,famille,Europe_Centrale,plateforme_en_ligne,avion_direct,33,5,2,1.0,1,demi_pension,oui,partiel,210.24,8,967.1,nouveau,0,0,3.0,1,0,0,1,1,AG010,0,0,0,0,0,0.0,1,3.0,3.0,1,322.3666666666667,193.42000000000002,1.0,1,0.0,0,5,4,0.49999999999999994,-0.8660254037844387,3.5263605246161616,6.6,1,3.5263605246161616,3.5263605246161616,0.0,1.0,3.5263605246161616,10.579081573848484,1.2132263835189567,1.1427639624949042,0,0.2568319743213584,1,faux positif
R005354,2025-04-28,2025-05-18,Sicilia,Palermo,insulaire_mixte,SIC-3-2,3,famille,Autres,plateforme_en_ligne,avion_direct,20,9,2,2.0,1,petit_dejeuner,oui,aucun,148.31,2,1308.09,nouveau,0,0,0.0,0,0,0,1,0,AG027,1,0,0,0,0,0.0,1,4.0,4.0,1,327.0225,145.34333333333333,0.0,1,-1.0,1,5,4,0.49999999999999994,-0.8660254037844387,3.044522437723423,2.2222222222222223,0,0.0,3.044522437723423,0.0,0.0,0.0,0.0,0.9876140374242526,0.8061421388775648,1,0.41018477782080365,1,vrai positif
R007859,2025-04-28,2025-05-11,Campania,Napoli,urbaine_cotiere,CAM-5-1,5,loisirs_couple,Europe_Centrale,site_hotel,avion_direct,13,4,2,0.0,1,aucune,oui,partiel,280.32,10,1009.15,fidele,10,1,1.0,1,0,0,1,0,DIRECT,1,0,0,0,1,0.1,0,2.0,2.0,0,504.575,252.2875,1.0,1,0.0,0,5,4,0.49999999999999994,-0.8660254037844387,2.639057329615259,3.25,1,2.639057329615259,2.639057329615259,2.639057329615259,1.0,2.639057329615259,2.639057329615259,1.3279329211966175,1.4318112166717745,1,0.19564640529682822,0,faux négatif
R008955,2025-04-28,2025-06-08,Puglia,Bari,balneaire_rurale,PUG-4-1,4,loisirs_couple,Italie,agence,train,41,3,2,0.0,1,petit_dejeuner,oui,partiel,172.23,8,475.35,nouveau,0,0,2.0,0,0,0,1,0,AG022,0,0,0,0,0,0.0,1,2.0,2.0,0,237.675,158.45000000000002,1.0,1,0.0,0,6,4,1.2246467991473532e-16,-1.0,3.7376696182833684,13.666666666666666,0,3.7376696182833684,3.7376696182833684,0.0,1.0,0.0,7.475339236566737,1.0409162335307627,1.024568709101725,0,0.2050442765414758,0,vrai négatif
R009184,2025-04-28,2025-06-18,Sicilia,Palermo,insulaire_mixte,SIC-3-3,3,loisirs_couple,Italie,telephone,ferry,51,5,2,0.0,1,pension_complete,non,total,143.29,8,659.13,nouveau,0,0,0.0,1,0,0,1,0,DIRECT,0,0,0,0,1,0.0,1,2.0,2.0,0,329.565,131.826,2.0,0,2.0,0,6,4,1.2246467991473532e-16,-1.0,3.9512437185814275,10.2,1,7.902487437162855,0.0,3.9512437185814275,0.0,3.9512437185814275,0.0,1.0150173549621024,0.7745405405405404,0,0.09833757831426741,0,vrai négatif
R009723,2025-04-28,2025-06-07,Veneto,Venezia,urbaine_littorale,VEN-3-1,3,solo,Italie,plateforme_en_ligne,train,40,4,1,0.0,1,petit_dejeuner,oui,partiel,256.87,6,965.83,nouveau,0,0,2.0,0,0,0,1,1,AG010,0,0,0,0,0,0.0,1,1.0,1.0,0,965.83,241.4575,1.0,1,0.0,0,6,4,1.2246467991473532e-16,-1.0,3.713572066704308,10.0,0,3.713572066704308,3.713572066704308,0.0,1.0,0.0,7.427144133408616,1.3079253545151355,1.033827702090838,0,0.2673081005580775,1,faux positif
R001941,2025-04-29,2025-05-27,Campania,Napoli,urbaine_cotiere,CAM-3-1,3,solo,Italie,plateforme_en_ligne,train,28,2,1,0.0,1,petit_dejeuner,oui,partiel,193.54,1,383.21,fidele,1,0,0.0,0,0,0,1,0,AG037,0,0,0,0,0,0.0,0,1.0,1.0,0,383.21,191.605,1.0,1,0.0,0,5,4,0.49999999999999994,-0.8660254037844387,3.367295829986474,14.0,0,3.367295829986474,3.367295829986474,0.0,1.0,0.0,0.0,1.1929240631163707,0.9885585861681478,0,0.34166715875654763,1,faux positif
R003010,2025-04-29,2025-07-23,Sicilia,Palermo,insulaire_mixte,SIC-5-1,5,famille,Italie,site_hotel,avion_correspondance,85,7,2,3.0,2,petit_dejeuner,oui,aucun,204.22,6,2687.54,fidele,8,1,0.0,0,0,0,1,0,DIRECT,1,0,0,0,1,0.125,0,5.0,2.5,1,537.508,383.9342857142857,0.0,1,-1.0,1,7,4,-0.4999999999999997,-0.8660254037844388,4.454347296253507,12.142857142857142,0,0.0,4.454347296253507,4.454347296253507,0.0,0.0,0.0,1.1270108440716318,1.1104344516339515,1,0.45816547537648167,1,vrai positif
R003439,2025-04-29,2025-05-29,Sicilia,Palermo,insulaire_mixte,SIC-3-2,3,loisirs_couple,Europe_Centrale,plateforme_en_ligne,ferry,30,5,2,0.0,1,aucune,oui,partiel,182.28,1,902.29,nouveau,0,0,1.0,0,0,0,1,0,AG042,0,0,0,0,0,0.0,1,2.0,2.0,0,451.145,180.458,1.0,1,0.0,0,5,4,0.49999999999999994,-0.8660254037844387,3.4339872044851463,6.0,0,3.4339872044851463,3.4339872044851463,0.0,1.0,0.0,3.4339872044851463,1.2138243324232538,0.9907867916836526,0,0.2607332939720692,1,faux positif
R007005,2025-04-29,2025-06-05,Veneto,Venezia,urbaine_littorale,VEN-3-3,3,loisirs_couple,Autres,site_hotel,voiture,37,6,2,0.0,1,aucune,oui,aucun,181.1,7,1010.54,nouveau,0,0,2.0,0,0,0,1,0,DIRECT,0,0,0,0,1,0.0,1,2.0,2.0,0,505.27,168.42333333333332,0.0,1,-1.0,1,6,4,1.2246467991473532e-16,-1.0,3.6375861597263857,6.166666666666667,0,0.0,3.6375861597263857,3.6375861597263857,0.0,0.0,7.275172319452771,0.9700606309263309,0.7288752943070453,0,0.20936142809514086,0,vrai négatif
R008918,2025-04-29,2025-05-25,Veneto,Venezia,urbaine_littorale,VEN-5-1,5,solo,Europe_Ouest,plateforme_en_ligne,voiture,26,3,1,0.0,1,pension_complete,oui,aucun,335.15,7,935.07,nouveau,0,0,0.0,1,0,0,1,0,AG027,1,0,0,0,0,0.0,1,1.0,1.0,0,935.07,311.69,0.0,1,-1.0,1,5,4,0.49999999999999994,-0.8660254037844387,3.295836866004329,8.666666666666666,1,0.0,3.295836866004329,0.0,0.0,3.295836866004329,0.0,1.2397351483317303,1.3267750044535933,1,0.3944337393427469,1,vrai positif
R000639,2025-04-30,2025-09-18,Trentino-Alto_Adige,Bolzano,montagne,TRE-3-2,3,solo,Europe_Ouest,plateforme_en_ligne,avion_correspondance,141,7,1,0.0,1,demi_pension,oui,aucun,194.98958333333334,4,1310.33,fidele,1,0,2.0,1,0,0,0,0,AG043,0,1,0,0,0,0.0,0,1.0,1.0,0,1310.33,187.19,0.0,1,-1.0,1,9,4,-1.0,-1.8369701987210297e-16,4.955827057601261,20.142857142857142,1,0.0,4.955827057601261,0.0,0.0,4.955827057601261,9.911654115202522,1.2323174071499297,1.2433974195468267,0,0.33381801181304155,1,faux positif
R001473,2025-04-30,2025-05-08,Campania,Napoli,urbaine_cotiere,CAM-4-3,4,affaires,Ameriques,plateforme_en_ligne,train,8,3,2,0.0,1,petit_dejeuner,non,total,205.95,1,611.67,fidele,11,2,1.0,0,0,0,1,0,AG006,0,0,0,0,0,0.18181818181818182,0,2.0,2.0,0,305.835,203.89,2.0,0,2.0,0,5,4,0.49999999999999994,-0.8660254037844387,2.1972245773362196,2.6666666666666665,0,4.394449154672439,0.0,0.0,0.0,0.0,2.1972245773362196,1.108032495830419,1.0519460619062213,0,0.08516203919914177,0,vrai négatif
R003076,2025-04-30,2025-05-10,Lazio,Roma,urbaine_culturelle,LAZ-4-3,4,loisirs_couple,Europe_Centrale,site_hotel,train,10,2,2,0.0,1,aucune,oui,aucun,269.24,12,473.86,nouveau,0,0,1.0,0,0,0,1,1,DIRECT,0,0,1,0,1,0.0,1,2.0,2.0,0,236.93,236.93,0.0,1,-1.0,1,5,4,0.49999999999999994,-0.8660254037844387,2.3978952727983707,5.0,0,0.0,2.3978952727983707,2.3978952727983707,0.0,0.0,2.3978952727983707,1.3035731577418417,1.0628034579402361,0,0.3089164341006997,1,faux positif
R003613,2025-04-30,2025-06-02,Sardegna,Cagliari,insulaire_balneaire,SAR-5-1,5,famille,Europe_Ouest,plateforme_en_ligne,avion_direct,33,8,2,3.0,2,demi_pension,oui,aucun,239.59,0,3833.44,nouveau,0,0,2.0,0,0,0,1,0,AG043,1,0,0,0,0,0.0,1,5.0,2.5,1,766.688,479.18,0.0,1,-1.0,1,6,4,1.2246467991473532e-16,-1.0,3.5263605246161616,4.125,0,0.0,3.5263605246161616,0.0,0.0,0.0,7.052721049232323,1.1122999163848295,1.0453543925478306,1,0.41559134663199604,1,vrai positif
R004693,2025-04-30,2025-06-03,Sicilia,Palermo,insulaire_mixte,SIC-3-1,3,loisirs_couple,Europe_Centrale,site_hotel,voiture,34,9,2,0.0,1,demi_pension,non,total,136.03,8,1126.33,nouveau,0,0,3.0,0,0,0,1,0,DIRECT,0,0,0,0,1,0.0,1,2.0,2.0,0,563.165,125.14777777777778,2.0,0,2.0,0,6,4,1.2246467991473532e-16,-1.0,3.5553480614894135,3.7777777777777777,0,7.110696122978827,0.0,3.5553480614894135,0.0,0.0,10.666044184468241,0.9272981355874433,0.7352972972972973,0,0.06784461691432833,0,vrai négatif
R005585,2025-04-30,2025-05-15,Toscana,Firenze,culturelle_rurale,TOS-4-1,4,affaires,Europe_Ouest,plateforme_en_ligne,train,15,2,2,0.0,1,aucune,non,total,201.24,1,398.46,fidele,11,1,1.0,0,0,0,1,0,AG006,0,0,0,0,0,0.09090909090909091,0,2.0,2.0,0,199.23,199.23,2.0,0,2.0,0,5,4,0.49999999999999994,-0.8660254037844387,2.772588722239781,7.5,0,5.545177444479562,0.0,0.0,0.0,0.0,2.772588722239781,0.8805646344079722,0.9494692144373674,0,0.09559897238123012,0,vrai négatif
R007154,2025-04-30,2025-06-25,Veneto,Venezia,urbaine_littorale,VEN-5-3,5,famille,Europe_Ouest,site_hotel,voiture,56,3,2,1.0,1,petit_dejeuner,oui,aucun,328.36,9,896.42,nouveau,0,0,1.0,0,0,0,1,0,DIRECT,0,0,0,0,1,0.0,1,3.0,3.0,1,298.8066666666667,298.8066666666667,0.0,1,-1.0,1,6,4,1.2246467991473532e-16,-1.0,4.04305126783455,18.666666666666668,0,0.0,4.04305126783455,4.04305126783455,0.0,0.0,4.04305126783455,1.270054923802893,1.321554343670135,0,0.31262954821434663,1,faux positif
R007272,2025-04-30,2025-05-16,Lazio,Roma,urbaine_culturelle,LAZ-4-2,4,affaires,Europe_Ouest,plateforme_en_ligne,train,16,1,2,1.0,1,petit_dejeuner,oui,aucun,168.01,7,156.25,nouveau,0,0,1.0,0,0,0,1,1,AG045,1,0,0,0,0,0.0,1,3.0,3.0,1,52.083333333333336,156.25,0.0,1,-1.0,1,5,4,0.49999999999999994,-0.8660254037844387,2.833213344056216,16.0,0,0.0,2.833213344056216,0.0,0.0,0.0,2.833213344056216,0.8290648902047865,0.663206094817037,1,0.32974327198045517,1,vrai positif
R008005,2025-04-30,2025-07-04,Campania,Napoli,urbaine_cotiere,CAM-3-2,3,famille,Europe_Ouest,plateforme_en_ligne,train,65,2,2,1.0,1,petit_dejeuner,oui,aucun,154.85,1,306.6,nouveau,0,0,0.0,0,0,0,1,1,AG037,1,0,0,0,0,0.0,1,3.0,3.0,1,102.2,153.3,0.0,1,-1.0,1,7,4,-0.4999999999999997,-0.8660254037844388,4.189654742026425,32.5,0,0.0,4.189654742026425,0.0,0.0,0.0,0.0,0.9068814055636896,0.7815772870662461,1,0.46504432345428814,1,vrai positif
R008367,2025-04-30,2025-05-14,Lazio,Roma,urbaine_culturelle,LAZ-5-1,5,affaires,Italie,site_hotel,train,14,3,2,0.0,1,demi_pension,non,aucun,246.65,1,732.55,entreprise,4,1,0.0,0,0,0,1,0,DIRECT,0,0,0,0,1,0.25,0,2.0,2.0,0,366.275,244.1833333333333,0.0,0,0.0,0,5,4,0.49999999999999994,-0.8660254037844387,2.70805020110221,4.666666666666667,0,0.0,0.0,2.70805020110221,0.0,0.0,0.0,1.0829144073935857,0.9736312319898945,0,0.309743708009841,1,faux positif
R000305,2025-05-01,2025-05-16,Lombardia,Milano,affaires_lacs,LOM-4-1,4,loisirs_couple,Italie,entreprise,avion_direct,15,6,2,0.0,1,petit_dejeuner,oui,aucun,297.62,13,1553.58,nouveau,0,0,0.0,0,0,0,1,1,DIRECT,0,0,0,0,1,0.0,1,2.0,2.0,0,776.79,258.93,0.0,1,-1.0,1,5,5,0.49999999999999994,-0.8660254037844387,2.772588722239781,2.5,0,0.0,2.772588722239781,2.772588722239781,0.0,0.0,0.0,1.3474894734459184,1.089624368455737,0,0.1563775004027247,0,vrai négatif
R002674,2025-05-01,2025-05-11,Toscana,Firenze,culturelle_rurale,TOS-4-2,4,groupe,Europe_Ouest,agence,avion_direct,10,4,3,0.0,4,petit_dejeuner,non,partiel,264.1,4,4056.58,fidele,12,2,0.0,2,0,0,1,0,AG005,0,0,0,0,0,0.16666666666666666,0,3.0,0.75,0,1352.1933333333334,1014.145,1.0,0,1.0,0,5,5,0.49999999999999994,-0.8660254037844387,2.3978952727983707,2.5,1,2.3978952727983707,0.0,0.0,0.0,2.3978952727983707,0.0,1.3288718929254302,1.2460485963670678,0,0.20195881258687237,0,vrai négatif
R003272,2025-05-01,2025-06-02,Veneto,Venezia,urbaine_littorale,VEN-4-2,4,solo,Europe_Centrale,agence,train,32,3,1,0.0,1,aucune,oui,aucun,261.03,6,736.1,fidele,11,1,2.0,0,0,0,1,0,AG040,0,0,0,0,0,0.09090909090909091,0,1.0,1.0,0,736.1,245.36666666666667,0.0,1,-1.0,1,6,5,1.2246467991473532e-16,-1.0,3.4965075614664802,10.666666666666666,0,0.0,3.4965075614664802,0.0,0.0,0.0,6.9930151229329605,1.155102221435525,1.0505705028877306,0,0.3179537270056229,1,faux positif
R003874,2025-05-01,2025-07-16,Campania,Napoli,urbaine_cotiere,CAM-5-3,5,famille,Europe_Centrale,plateforme_en_ligne,train,76,7,2,0.0,1,petit_dejeuner,oui,partiel,247.52,8,1594.03,nouveau,0,0,3.0,0,0,0,1,0,AG028,0,0,1,0,0,0.0,1,2.0,2.0,0,797.015,227.71857142857144,1.0,1,0.0,0,7,5,-0.4999999999999997,-0.8660254037844388,4.343805421853684,10.857142857142858,0,4.343805421853684,4.343805421853684,0.0,1.0,0.0,13.031416265561052,1.220964360587002,1.2493123028391169,0,0.3396741780984257,1,faux positif
R004227,2025-05-01,2025-06-16,Sardegna,Cagliari,insulaire_balneaire,SAR-5-1,5,affaires,Italie,entreprise,ferry,46,5,2,0.0,1,aucune,non,total,292.56,17,1214.12,fidele,4,1,2.0,1,0,0,1,0,DIRECT,0,0,0,0,1,0.25,0,2.0,2.0,0,607.06,242.82399999999998,2.0,0,2.0,0,6,5,1.2246467991473532e-16,-1.0,3.8501476017100584,9.2,1,7.700295203420117,0.0,3.8501476017100584,0.0,3.8501476017100584,7.700295203420117,1.3582138801183092,1.27646763672855,0,0.07931607799893198,0,vrai négatif
R005766,2025-05-01,2025-10-05,Puglia,Bari,balneaire_rurale,PUG-4-3,4,famille,Asie_Pacifique,entreprise,voiture,157,5,2,2.0,1,demi_pension,oui,aucun,170.28,15,723.69,fidele,10,2,0.0,1,0,0,0,0,DIRECT,0,0,0,0,1,0.2,0,4.0,4.0,1,180.9225,144.738,0.0,1,-1.0,1,10,5,-0.8660254037844386,0.5000000000000001,5.062595033026967,31.4,1,0.0,5.062595033026967,5.062595033026967,0.0,5.062595033026967,0.0,1.1367156208277702,1.2411078717201167,0,0.261407370229663,1,faux positif
R002281,2025-05-02,2025-06-15,Lombardia,Milano,affaires_lacs,LOM-4-1,4,famille,Europe_Ouest,telephone,train,44,5,2,1.0,1,aucune,oui,partiel,143.60000000000002,3,696.46,nouveau,0,0,0.0,0,0,0,0,0,DIRECT,0,1,0,0,1,0.0,1,3.0,3.0,1,232.15333333333334,139.292,1.0,1,0.0,0,6,5,1.2246467991473532e-16,-1.0,3.8066624897703196,8.8,0,3.8066624897703196,3.8066624897703196,3.8066624897703196,1.0,0.0,0.0,0.6501562004799204,0.6704014939309058,0,0.1894513177274056,0,vrai négatif
R003115,2025-05-02,2025-06-14,Lombardia,Milano,affaires_lacs,LOM-5-3,5,loisirs_couple,Europe_Ouest,plateforme_en_ligne,train,43,7,2,0.0,1,aucune,non,partiel,233.56,6,1536.82,fidele,9,2,0.0,0,0,0,0,1,AG004,0,0,0,0,0,0.2222222222222222,0,2.0,2.0,0,768.41,219.54571428571427,1.0,0,1.0,0,6,5,1.2246467991473532e-16,-1.0,3.784189633918261,6.142857142857143,0,3.784189633918261,0.0,0.0,0.0,0.0,0.0,0.8592450886616143,1.0903828197945844,0,0.17436284896844012,0,vrai négatif
R004101,2025-05-02,2025-06-12,Lazio,Roma,urbaine_culturelle,LAZ-4-1,4,groupe,Italie,entreprise,voiture,41,2,5,0.0,4,aucune,oui,aucun,277.75,15,1888.7,fidele,5,1,1.0,0,0,0,1,0,DIRECT,0,0,0,0,1,0.2,0,5.0,1.25,0,377.74,944.35,0.0,1,-1.0,1,6,5,1.2246467991473532e-16,-1.0,3.7376696182833684,20.5,0,0.0,3.7376696182833684,3.7376696182833684,0.0,0.0,3.7376696182833684,1.3599197023110066,1.1680228768477048,0,0.31961741830868434,1,faux positif
R004841,2025-05-02,2025-07-14,Lazio,Roma,urbaine_culturelle,LAZ-4-1,4,loisirs_couple,Italie,entreprise,voiture,73,4,2,0.0,1,aucune,non,total,172.12,16,578.32,fidele,7,1,1.0,0,0,0,0,0,DIRECT,0,0,0,0,1,0.14285714285714285,0,2.0,2.0,0,289.16,144.58,2.0,0,2.0,0,7,5,-0.4999999999999997,-0.8660254037844388,4.304065093204169,18.25,0,8.608130186408339,0.0,4.304065093204169,0.0,0.0,4.304065093204169,0.8427340383862123,0.9974124660181454,0,0.07001661237369951,0,vrai négatif
R004917,2025-05-02,2025-05-23,Campania,Napoli,urbaine_cotiere,CAM-4-3,4,solo,Italie,site_hotel,train,21,4,1,0.0,1,petit_dejeuner,non,total,247.25,0,989.0,nouveau,0,0,0.0,1,0,0,1,1,DIRECT,0,0,0,0,1,0.0,1,1.0,1.0,0,989.0,247.25,2.0,0,2.0,0,5,5,0.49999999999999994,-0.8660254037844387,3.091042453358316,5.25,1,6.182084906716632,0.0,3.091042453358316,0.0,3.091042453358316,0.0,1.3302308064776456,1.2628971294309939,0,0.11645985182491407,0,vrai négatif
R008268,2025-05-02,2025-07-11,Lombardia,Milano,affaires_lacs,LOM-3-2,3,loisirs_couple,Europe_Ouest,agence,train,70,5,2,0.0,1,petit_dejeuner,non,total,208.22,6,978.63,nouveau,0,0,1.0,0,0,0,0,1,AG001,1,0,0,0,0,0.0,1,2.0,2.0,0,489.315,195.726,2.0,0,2.0,0,7,5,-0.4999999999999997,-0.8660254037844388,4.2626798770413155,14.0,0,8.525359754082631,0.0,0.0,0.0,0.0,4.2626798770413155,1.0892731029792577,1.0374688589935228,1,0.09590776752635746,0,faux négatif
R009466,2025-05-02,2025-05-15,Lazio,Roma,urbaine_culturelle,LAZ-4-1,4,famille,Italie,entreprise,train,13,5,2,3.0,2,demi_pension,oui,aucun,220.0,6,2068.0,nouveau,0,0,0.0,1,0,0,1,0,DIRECT,0,0,0,0,1,0.0,1,5.0,2.5,1,413.6,413.6,0.0,1,-1.0,1,5,5,0.49999999999999994,-0.8660254037844387,2.639057329615259,2.6,1,0.0,2.639057329615259,2.639057329615259,0.0,2.639057329615259,0.0,1.0771641206423814,0.8684324793747286,0,0.2887106849967863,1,faux positif
R000101,2025-05-03,2025-07-21,Lazio,Roma,urbaine_culturelle,LAZ-4-2,4,loisirs_couple,Italie,agence,train,79,7,2,1.0,1,demi_pension,oui,partiel,249.46,2,1711.3,nouveau,0,0,0.0,0,0,0,0,0,AG017,0,0,0,0,0,0.0,1,3.0,3.0,1,570.4333333333333,244.47142857142856,1.0,1,0.0,0,7,5,-0.4999999999999997,-0.8660254037844388,4.382026634673881,11.285714285714286,0,4.382026634673881,4.382026634673881,0.0,1.0,0.0,0.0,1.2309893905748828,1.4455874609161432,0,0.35844566817825174,1,faux positif
R004572,2025-05-03,2025-08-05,Lombardia,Milano,affaires_lacs,LOM-5-3,5,famille,Ameriques,site_hotel,avion_direct,94,5,2,3.0,2,aucune,oui,partiel,165.29,9,1504.14,nouveau,0,0,1.0,1,0,0,0,0,DIRECT,0,0,0,0,1,0.0,1,5.0,2.5,1,300.82800000000003,300.82800000000003,1.0,1,0.0,0,8,5,-0.8660254037844384,-0.5000000000000004,4.553876891600541,18.8,1,4.553876891600541,4.553876891600541,4.553876891600541,1.0,4.553876891600541,4.553876891600541,0.6080862335368994,0.7746274252507264,0,0.3169321984425441,1,faux positif
R005198,2025-05-03,2025-06-13,Toscana,Firenze,culturelle_rurale,TOS-4-1,4,famille,Europe_Centrale,plateforme_en_ligne,voiture,41,2,2,0.0,2,pension_complete,oui,aucun,308.71,5,1173.1,fidele,2,0,0.0,1,0,0,1,1,AG042,1,0,1,0,0,0.0,0,2.0,1.0,0,586.55,586.55,0.0,1,-1.0,1,6,5,1.2246467991473532e-16,-1.0,3.7376696182833684,20.5,1,0.0,3.7376696182833684,0.0,0.0,3.7376696182833684,0.0,1.3508204546217704,1.4302724240177909,1,0.4841685619777788,1,vrai positif
R006249,2025-05-03,2025-05-09,Trentino-Alto_Adige,Bolzano,montagne,TRE-4-1,4,affaires,Italie,agence,train,6,1,2,0.0,1,petit_dejeuner,oui,partiel,194.97,6,183.27,entreprise,10,1,1.0,1,0,0,0,1,AG041,0,0,0,0,0,0.1,0,2.0,2.0,0,91.635,183.27,1.0,1,0.0,0,5,5,0.49999999999999994,-0.8660254037844387,1.9459101490553132,6.0,1,1.9459101490553132,1.9459101490553132,0.0,1.0,1.9459101490553132,1.9459101490553132,0.9746794310995576,1.2178013741411617,0,0.21005951578000315,0,vrai négatif
R006637,2025-05-03,2025-05-19,Liguria,Genova,littorale,LIG-4-3,4,famille,Italie,agence,voiture,16,6,2,1.0,1,pension_complete,oui,aucun,226.79,2,1333.53,nouveau,0,0,0.0,0,0,0,1,0,AG027,1,0,0,0,0,0.0,1,3.0,3.0,1,444.51,222.255,0.0,1,-1.0,1,5,5,0.49999999999999994,-0.8660254037844387,2.833213344056216,2.6666666666666665,0,0.0,2.833213344056216,0.0,0.0,0.0,0.0,1.308278050187482,1.1570623198387797,1,0.3318834919869392,1,vrai positif
R008335,2025-05-03,2025-05-30,Lombardia,Milano,affaires_lacs,LOM-4-3,4,famille,Europe_Centrale,telephone,voiture,27,5,2,2.0,1,petit_dejeuner,oui,aucun,333.92,7,1552.73,fidele,1,0,1.0,0,0,0,1,1,DIRECT,0,0,0,0,1,0.0,0,4.0,4.0,1,388.1825,310.546,0.0,1,-1.0,1,5,5,0.49999999999999994,-0.8660254037844387,3.332204510175204,5.4,0,0.0,3.332204510175204,3.332204510175204,0.0,0.0,3.332204510175204,1.5059757362558068,1.2225232481511314,0,0.2540098770075696,1,faux positif
R009017,2025-05-03,2025-06-12,Veneto,Venezia,urbaine_littorale,VEN-4-2,4,famille,Ameriques,entreprise,train,40,3,2,3.0,2,aucune,oui,aucun,197.74,7,1103.39,nouveau,0,0,1.0,0,0,0,1,0,DIRECT,0,0,0,0,1,0.0,1,5.0,2.5,1,220.67800000000003,367.7966666666667,0.0,1,-1.0,1,6,5,1.2246467991473532e-16,-1.0,3.713572066704308,13.333333333333334,0,0.0,3.713572066704308,3.713572066704308,0.0,0.0,3.713572066704308,0.8750331887777679,0.7958464974946171,0,0.2532999804238585,1,faux positif
R000100,2025-05-04,2025-05-10,Puglia,Bari,balneaire_rurale,PUG-3-1,3,affaires,Asie_Pacifique,site_hotel,train,6,1,2,0.0,1,aucune,oui,total,213.05,4,204.53,entreprise,2,0,2.0,1,0,1,0,1,DIRECT,0,0,0,0,1,0.0,0,2.0,2.0,0,102.265,204.53,2.0,1,1.0,0,5,5,0.49999999999999994,-0.8660254037844387,1.9459101490553132,6.0,1,3.8918202981106265,1.9459101490553132,1.9459101490553132,2.0,1.9459101490553132,3.8918202981106265,1.663543374716952,1.7661444085219267,0,0.08819510111945758,0,vrai négatif
R000474,2025-05-04,2025-06-09,Lazio,Roma,urbaine_culturelle,LAZ-4-1,4,solo,Italie,site_hotel,avion_correspondance,36,5,1,0.0,1,aucune,non,total,233.2,7,1084.38,fidele,8,2,0.0,0,0,0,1,0,DIRECT,0,0,0,0,1,0.25,0,1.0,1.0,0,1084.38,216.87600000000003,2.0,0,2.0,0,6,5,1.2246467991473532e-16,-1.0,3.6109179126442243,7.2,0,7.221835825288449,0.0,3.6109179126442243,0.0,0.0,0.0,1.1417939678809244,0.9806766332345086,0,0.07007135078555075,0,vrai négatif
R001722,2025-05-04,2025-07-01,Sicilia,Palermo,insulaire_mixte,SIC-5-1,5,solo,Asie_Pacifique,telephone,avion_direct,58,6,1,0.0,1,petit_dejeuner,oui,aucun,205.33,7,1145.74,nouveau,0,0,1.0,0,0,0,1,0,DIRECT,0,0,0,0,1,0.0,1,1.0,1.0,0,1145.74,190.95666666666668,0.0,1,-1.0,1,7,5,-0.4999999999999997,-0.8660254037844388,4.07753744390572,9.666666666666666,0,0.0,4.07753744390572,4.07753744390572,0.0,0.0,4.07753744390572,1.1331365028558815,1.116470012506117,0,0.2812010884182007,1,faux positif
R004523,2025-05-04,2025-08-17,Lazio,Roma,urbaine_culturelle,LAZ-4-3,4,famille,Asie_Pacifique,plateforme_en_ligne,voiture,105,3,2,2.0,1,petit_dejeuner,oui,aucun,206.06,7,574.91,nouveau,0,0,1.0,0,0,0,0,0,AG042,0,0,0,0,0,0.0,1,4.0,4.0,1,143.7275,191.63666666666666,0.0,1,-1.0,1,8,5,-0.8660254037844384,-0.5000000000000004,4.663439094112067,35.0,0,0.0,4.663439094112067,0.0,0.0,0.0,4.663439094112067,0.9976759949646556,1.1368200375151716,0,0.4213558933580023,1,faux positif
R005260,2025-05-04,2025-05-10,Sicilia,Palermo,insulaire_mixte,SIC-4-3,4,affaires,Europe_Ouest,telephone,ferry,6,4,2,0.0,1,aucune,oui,aucun,163.16,6,613.48,fidele,5,1,1.0,0,0,0,1,1,DIRECT,0,0,0,0,1,0.2,0,2.0,2.0,0,306.74,153.37,0.0,1,-1.0,1,5,5,0.49999999999999994,-0.8660254037844387,1.9459101490553132,1.5,0,0.0,1.9459101490553132,1.9459101490553132,0.0,0.0,1.9459101490553132,0.9789404211915761,0.8868596276668024,0,0.30634590990217303,1,faux positif
R008939,2025-05-04,2025-07-09,Trentino-Alto_Adige,Bolzano,montagne,TRE-3-2,3,loisirs_couple,Italie,entreprise,voiture,66,6,2,1.0,1,petit_dejeuner,oui,aucun,176.4,6,994.9,fidele,5,1,1.0,1,0,0,1,0,DIRECT,0,0,0,0,1,0.2,0,3.0,3.0,1,331.6333333333333,165.81666666666666,0.0,1,-1.0,1,7,5,-0.4999999999999997,-0.8660254037844388,4.204692619390966,11.0,1,0.0,4.204692619390966,4.204692619390966,0.0,4.204692619390966,4.204692619390966,1.1148328382733996,0.8248386795099598,0,0.24692890183108465,1,faux positif
R009247,2025-05-04,2025-06-07,Toscana,Firenze,culturelle_rurale,TOS-5-1,5,loisirs_couple,Europe_Ouest,plateforme_en_ligne,voiture,34,7,2,0.0,1,petit_dejeuner,oui,aucun,294.85,6,1940.11,nouveau,0,0,2.0,0,0,0,1,1,AG032,0,0,0,0,0,0.0,1,2.0,2.0,0,970.055,277.1585714285714,0.0,1,-1.0,1,6,5,1.2246467991473532e-16,-1.0,3.5553480614894135,4.857142857142857,0,0.0,3.5553480614894135,0.0,0.0,0.0,7.110696122978827,1.2772916305666264,1.3660581912527798,0,0.29937717398514985,1,faux positif
R001231,2025-05-05,2025-07-28,Lombardia,Milano,affaires_lacs,LOM-5-2,5,famille,Italie,plateforme_en_ligne,train,84,4,2,3.0,2,aucune,non,total,554.32,6,4168.49,fidele,11,2,2.0,0,0,0,0,0,AG020,0,0,0,0,0,0.18181818181818182,0,5.0,2.5,1,833.698,1042.1225,2.0,0,2.0,0,7,5,-0.4999999999999997,-0.8660254037844388,4.442651256490317,21.0,0,8.885302512980633,0.0,0.0,0.0,0.0,8.885302512980633,2.0935511283164954,2.761933233682113,0,0.10004630990432083,0,vrai négatif
R001948,2025-05-05,2025-07-16,Veneto,Venezia,urbaine_littorale,VEN-3-2,3,loisirs_couple,Italie,agence,train,72,6,2,0.0,1,petit_dejeuner,oui,aucun,253.21,8,1397.72,nouveau,0,0,2.0,0,0,0,1,0,AG031,0,0,0,0,0,0.0,1,2.0,2.0,0,698.86,232.95333333333335,0.0,1,-1.0,1,7,5,-0.4999999999999997,-0.8660254037844388,4.290459441148391,12.0,0,0.0,4.290459441148391,0.0,0.0,0.0,8.580918882296782,1.2391602231574828,0.9795926262645801,0,0.3840022874637528,1,faux positif
R002223,2025-05-05,2025-07-17,Campania,Napoli,urbaine_cotiere,CAM-4-1,4,groupe,Asie_Pacifique,agence,voiture,73,2,3,0.0,3,petit_dejeuner,non,partiel,277.61,7,1549.06,nouveau,0,0,0.0,0,0,1,1,0,AG034,1,0,0,0,0,0.0,1,3.0,1.0,0,516.3533333333334,774.53,1.0,0,1.0,0,7,5,-0.4999999999999997,-0.8660254037844388,4.304065093204169,36.5,0,4.304065093204169,0.0,0.0,0.0,0.0,0.0,1.4670506790678013,1.4011861198738171,1,0.24142625557840047,1,vrai positif
R004535,2025-05-05,2025-06-03,Sardegna,Cagliari,insulaire_balneaire,SAR-3-3,3,loisirs_couple,Europe_Ouest,plateforme_en_ligne,ferry,29,7,2,0.0,1,aucune,non,total,144.95,0,1014.65,fidele,11,2,2.0,1,10,0,1,0,AG010,0,0,0,0,0,0.18181818181818182,0,2.0,2.0,0,507.325,144.95,2.0,0,2.0,0,6,5,1.2246467991473532e-16,-1.0,3.4011973816621555,4.142857142857143,1,6.802394763324311,0.0,0.0,0.0,3.4011973816621555,6.802394763324311,0.8456332769383348,0.6324308994524312,0,0.07337841375246007,0,vrai négatif
R004624,2025-05-05,2025-06-01,Veneto,Venezia,urbaine_littorale,VEN-3-2,3,loisirs_couple,Italie,plateforme_en_ligne,voiture,27,7,2,0.0,1,aucune,oui,aucun,282.49,7,1839.01,nouveau,0,0,1.0,1,0,1,1,0,AG009,0,0,0,0,0,0.0,1,2.0,2.0,0,919.505,262.7157142857143,0.0,1,-1.0,1,6,5,1.2246467991473532e-16,-1.0,3.332204510175204,3.857142857142857,1,0.0,3.332204510175204,0.0,0.0,3.332204510175204,3.332204510175204,1.382450817265342,1.1369408166140103,0,0.41300028692115986,1,faux positif
R006379,2025-05-05,2025-06-02,Lombardia,Milano,affaires_lacs,LOM-3-2,3,loisirs_couple,Europe_Ouest,plateforme_en_ligne,avion_direct,28,4,2,0.0,1,demi_pension,oui,partiel,225.61,6,848.29,fidele,11,2,0.0,0,0,0,0,0,AG025,1,0,0,0,0,0.18181818181818182,0,2.0,2.0,0,424.145,212.0725,1.0,1,0.0,0,6,5,1.2246467991473532e-16,-1.0,3.367295829986474,7.0,0,3.367295829986474,3.367295829986474,0.0,1.0,0.0,0.0,1.1802463969030368,1.0532679738562092,1,0.24717483847801758,1,vrai positif
R008606,2025-05-05,2025-07-19,Sicilia,Palermo,insulaire_mixte,SIC-4-2,4,affaires,Europe_Centrale,plateforme_en_ligne,avion_correspondance,75,6,2,0.0,1,aucune,oui,aucun,253.68,4,1461.2,entreprise,6,1,0.0,0,0,0,1,1,AG002,1,0,0,0,0,0.16666666666666666,0,2.0,2.0,0,730.6,243.53333333333333,0.0,1,-1.0,1,7,5,-0.4999999999999997,-0.8660254037844388,4.330733340286331,12.5,0,0.0,4.330733340286331,0.0,0.0,0.0,0.0,1.4639044376478736,1.379370344190093,1,0.5045334636602357,1,vrai positif
R008975,2025-05-05,2025-05-27,Liguria,Genova,littorale,LIG-3-2,3,solo,Italie,site_hotel,avion_direct,22,4,1,0.0,1,demi_pension,non,total,192.7,3,747.68,fidele,11,1,3.0,1,0,1,1,0,DIRECT,0,0,0,0,1,0.09090909090909091,0,1.0,1.0,0,747.68,186.92,2.0,0,2.0,0,5,5,0.49999999999999994,-0.8660254037844387,3.1354942159291497,5.5,1,6.270988431858299,0.0,3.1354942159291497,0.0,3.1354942159291497,9.406482647787449,1.1941500898556112,0.9831381852503762,0,0.059667217448685195,0,vrai négatif
R009550,2025-05-05,2025-06-16,Veneto,Venezia,urbaine_littorale,VEN-3-2,3,groupe,Europe_Ouest,site_hotel,train,42,5,3,0.0,2,demi_pension,oui,aucun,327.85,3,3180.15,nouveau,0,0,0.0,1,0,1,1,0,DIRECT,0,0,0,0,1,0.0,1,3.0,1.5,0,1060.05,636.03,0.0,1,-1.0,1,6,5,1.2246467991473532e-16,-1.0,3.7612001156935624,8.4,1,0.0,3.7612001156935624,3.7612001156935624,0.0,3.7612001156935624,0.0,1.6044337868258784,1.3195017406878236,0,0.4300597950235309,1,faux positif
R004924,2025-05-06,2025-05-19,Lazio,Roma,urbaine_culturelle,LAZ-3-3,3,affaires,Europe_Centrale,site_hotel,train,13,2,2,0.0,1,aucune,oui,aucun,176.08,1,348.64,fidele,6,1,0.0,0,0,0,1,0,DIRECT,0,0,0,0,1,0.16666666666666666,0,2.0,2.0,0,174.32,174.32,0.0,1,-1.0,1,5,5,0.49999999999999994,-0.8660254037844387,2.639057329615259,6.5,0,0.0,2.639057329615259,2.639057329615259,0.0,0.0,0.0,1.0520424172105018,0.6950617771286465,0,0.32414345104600545,1,faux positif
R005736,2025-05-06,2025-06-02,Campania,Napoli,urbaine_cotiere,CAM-3-1,3,loisirs_couple,Asie_Pacifique,entreprise,voiture,27,2,2,0.0,1,petit_dejeuner,non,partiel,176.1,12,309.94,nouveau,0,0,1.0,0,0,0,1,0,DIRECT,0,0,1,0,1,0.0,1,2.0,2.0,0,154.97,154.97,1.0,0,1.0,0,6,5,1.2246467991473532e-16,-1.0,3.332204510175204,13.5,0,3.332204510175204,0.0,3.332204510175204,0.0,0.0,3.332204510175204,1.08542899408284,0.8371363377067883,0,0.08214414316280924,0,vrai négatif
R007330,2025-05-06,2025-07-19,Lazio,Roma,urbaine_culturelle,LAZ-5-1,5,famille,Italie,site_hotel,avion_direct,74,5,2,2.0,1,petit_dejeuner,oui,aucun,231.59,3,1123.21,nouveau,0,0,0.0,0,0,1,0,1,DIRECT,0,0,0,0,1,0.0,1,4.0,4.0,1,280.8025,224.642,0.0,1,-1.0,1,7,5,-0.4999999999999997,-0.8660254037844388,4.31748811353631,14.8,0,0.0,4.31748811353631,4.31748811353631,0.0,0.0,0.0,1.0167936250082323,1.3420331919889745,0,0.3915124748352262,1,faux positif
R007672,2025-05-06,2025-07-16,Lazio,Roma,urbaine_culturelle,LAZ-4-2,4,famille,Italie,site_hotel,train,71,4,2,1.0,1,petit_dejeuner,oui,aucun,164.38,1,650.94,fidele,7,1,1.0,1,0,0,0,0,DIRECT,0,0,0,0,1,0.14285714285714285,0,3.0,3.0,1,216.98000000000002,162.735,0.0,1,-1.0,1,7,5,-0.4999999999999997,-0.8660254037844388,4.276666119016055,17.75,1,0.0,4.276666119016055,4.276666119016055,0.0,4.276666119016055,4.276666119016055,0.8111522329138909,0.9525601973278105,0,0.41839487665432346,1,faux positif
R000045,2025-05-07,2025-06-01,Toscana,Firenze,culturelle_rurale,TOS-4-1,4,loisirs_couple,Inconnu,plateforme_en_ligne,voiture,25,3,2,0.0,1,aucune,non,partiel,243.27,1,722.51,nouveau,0,0,0.0,0,0,0,1,0,AG028,0,0,0,1,0,0.0,1,2.0,2.0,0,361.255,240.83666666666667,1.0,0,1.0,0,6,5,1.2246467991473532e-16,-1.0,3.258096538021482,8.333333333333334,0,3.258096538021482,0.0,0.0,0.0,0.0,0.0,1.064475047765988,1.1270848776871758,0,0.18295082532260173,0,vrai négatif
R000638,2025-05-07,2025-05-21,Sicilia,Palermo,insulaire_mixte,SIC-3-2,3,loisirs_couple,Italie,telephone,avion_direct,14,6,2,0.0,1,petit_dejeuner,non,total,160.5,1,953.37,nouveau,0,0,2.0,0,0,0,1,0,DIRECT,0,0,0,0,1,0.0,1,2.0,2.0,0,476.685,158.895,2.0,0,2.0,0,5,5,0.49999999999999994,-0.8660254037844387,2.70805020110221,2.3333333333333335,0,5.41610040220442,0.0,2.70805020110221,0.0,0.0,5.41610040220442,1.0687887061330492,0.8724011414594374,0,0.06489955398246208,0,vrai négatif
R001707,2025-05-07,2025-06-02,Liguria,Genova,littorale,LIG-3-3,3,loisirs_couple,Italie,plateforme_en_ligne,voiture,26,3,2,0.0,1,petit_dejeuner,oui,aucun,179.5,0,538.5,nouveau,0,0,2.0,0,0,0,1,0,AG011,0,0,0,0,0,0.0,1,2.0,2.0,0,269.25,179.5,0.0,1,-1.0,1,6,5,1.2246467991473532e-16,-1.0,3.295836866004329,8.666666666666666,0,0.0,3.295836866004329,0.0,0.0,0.0,6.591673732008658,1.1371555273994298,0.9495596053640859,0,0.29064429283051596,1,faux positif
R004175,2025-05-07,2025-05-13,Lazio,Roma,urbaine_culturelle,LAZ-3-3,3,affaires,Europe_Ouest,plateforme_en_ligne,voiture,6,3,2,0.0,1,aucune,oui,aucun,205.99,3,599.43,entreprise,4,0,0.0,0,0,1,1,0,AG017,0,0,1,1,0,0.0,0,2.0,2.0,0,299.715,199.80999999999997,0.0,1,-1.0,1,5,5,0.49999999999999994,-0.8660254037844387,1.9459101490553132,2.0,0,0.0,1.9459101490553132,0.0,0.0,0.0,0.0,1.2307486229054478,0.8131291201200016,0,0.43682407489076985,1,faux positif
R005303,2025-05-07,2025-07-16,Puglia,Bari,balneaire_rurale,PUG-3-3,3,loisirs_couple,Europe_Ouest,plateforme_en_ligne,voiture,70,2,2,0.0,1,pension_complete,oui,aucun,138.52,5,263.19,nouveau,0,0,1.0,0,0,0,1,0,AG036,0,0,0,0,0,0.0,1,2.0,2.0,0,131.595,131.595,0.0,1,-1.0,1,7,5,-0.4999999999999997,-0.8660254037844388,4.2626798770413155,35.0,0,0.0,4.2626798770413155,0.0,0.0,0.0,4.2626798770413155,0.9936159529445522,0.8149194022826216,0,0.387953748698954,1,faux positif
R005362,2025-05-07,2025-05-18,Lombardia,Milano,affaires_lacs,LOM-4-2,4,famille,Italie,plateforme_en_ligne,train,11,2,2,1.0,1,aucune,non,total,323.95,2,634.94,nouveau,0,0,2.0,0,0,1,1,0,AG043,0,0,0,0,0,0.0,1,3.0,3.0,1,211.64666666666668,317.47,2.0,0,2.0,0,5,5,0.49999999999999994,-0.8660254037844387,2.4849066497880004,5.5,0,4.969813299576001,0.0,0.0,0.0,0.0,4.969813299576001,1.4454955155950202,1.186021820311928,0,0.09322885082712926,0,vrai négatif
R006838,2025-05-07,2025-05-10,Campania,Napoli,urbaine_cotiere,CAM-3-2,3,affaires,Europe_Ouest,site_hotel,train,3,3,2,0.0,1,aucune,oui,partiel,234.07,9,639.01,entreprise,7,1,1.0,0,0,1,1,1,DIRECT,1,0,0,0,1,0.14285714285714285,0,2.0,2.0,0,319.505,213.00333333333333,1.0,1,0.0,0,5,5,0.49999999999999994,-0.8660254037844387,1.3862943611198906,1.0,0,1.3862943611198906,1.3862943611198906,1.3862943611198906,1.0,0.0,1.3862943611198906,1.3708345534407027,1.1955766676882214,1,0.2503317313753889,1,vrai positif
R008425,2025-05-07,2025-05-24,Toscana,Firenze,culturelle_rurale,TOS-4-3,4,affaires,Inconnu,plateforme_en_ligne,train,17,1,2,0.0,1,aucune,oui,aucun,266.14,8,244.85,nouveau,0,0,0.0,0,0,0,1,1,AG028,0,0,0,0,0,0.0,1,2.0,2.0,0,122.425,244.85,0.0,1,-1.0,1,5,5,0.49999999999999994,-0.8660254037844387,2.8903717578961645,17.0,0,0.0,2.8903717578961645,0.0,0.0,0.0,0.0,1.3100986979743534,1.2556735079028072,0,0.39133641456104,1,faux positif
R001587,2025-05-08,2025-07-03,Lazio,Roma,urbaine_culturelle,LAZ-4-1,4,groupe,Europe_Ouest,plateforme_en_ligne,avion_direct,56,3,4,0.0,2,petit_dejeuner,oui,partiel,182.63,2,1073.86,fidele,7,1,1.0,1,0,0,0,0,AG027,1,0,0,0,0,0.14285714285714285,0,4.0,2.0,0,268.465,357.9533333333333,1.0,1,0.0,0,7,5,-0.4999999999999997,-0.8660254037844388,4.04305126783455,18.666666666666668,1,4.04305126783455,4.04305126783455,0.0,1.0,4.04305126783455,4.04305126783455,0.8941931061496279,1.0583165156222047,1,0.3662808621658595,1,vrai positif
R002337,2025-05-08,2025-06-14,Lombardia,Milano,affaires_lacs,LOM-5-2,5,solo,Europe_Centrale,entreprise,avion_direct,37,7,1,0.0,1,petit_dejeuner,oui,aucun,292.3,11,1821.03,fidele,5,1,2.0,0,0,0,0,1,DIRECT,1,0,0,0,1,0.2,0,1.0,1.0,0,1821.03,260.14714285714285,0.0,1,-1.0,1,6,5,1.2246467991473532e-16,-1.0,3.6375861597263857,5.285714285714286,0,0.0,3.6375861597263857,3.6375861597263857,0.0,0.0,7.275172319452771,1.10395618921726,1.3646125116713352,1,0.16073017644952659,0,faux négatif
R003750,2025-05-08,2025-06-12,Veneto,Venezia,urbaine_littorale,VEN-4-1,4,affaires,Europe_Ouest,plateforme_en_ligne,voiture,35,3,2,0.0,1,petit_dejeuner,non,partiel,192.24,6,542.12,fidele,7,1,2.0,1,0,0,1,0,AG002,1,0,0,0,0,0.14285714285714285,0,2.0,2.0,0,271.06,180.70666666666668,1.0,0,1.0,0,6,5,1.2246467991473532e-16,-1.0,3.58351893845611,11.666666666666666,1,3.58351893845611,0.0,0.0,0.0,3.58351893845611,7.16703787691222,0.8712637947834757,0.7737105829794942,1,0.18636923172994524,0,faux négatif
R007047,2025-05-08,2025-05-16,Lombardia,Milano,affaires_lacs,LOM-3-2,3,loisirs_couple,Italie,plateforme_en_ligne,avion_direct,8,6,2,0.0,1,petit_dejeuner,oui,partiel,259.28,1,1540.12,nouveau,0,0,1.0,0,0,0,1,1,AG024,0,0,0,0,0,0.0,1,2.0,2.0,0,770.06,256.68666666666667,1.0,1,0.0,0,5,5,0.49999999999999994,-0.8660254037844387,2.1972245773362196,1.3333333333333333,0,2.1972245773362196,2.1972245773362196,0.0,1.0,0.0,2.1972245773362196,1.35638617875546,0.9492567913890312,0,0.28795284225496665,1,faux positif
R007096,2025-05-08,2025-05-22,Campania,Napoli,urbaine_cotiere,CAM-4-1,4,loisirs_couple,Europe_Centrale,agence,train,14,4,2,0.0,1,demi_pension,oui,aucun,205.37,5,780.41,fidele,7,1,1.0,0,0,0,1,0,AG005,0,0,0,0,0,0.14285714285714285,0,2.0,2.0,0,390.205,195.1025,0.0,1,-1.0,1,5,5,0.49999999999999994,-0.8660254037844387,2.70805020110221,3.5,0,0.0,2.70805020110221,0.0,0.0,0.0,2.70805020110221,1.085293029646462,1.0489835529676168,0,0.39046604600709567,1,faux positif
R007315,2025-05-08,2025-05-27,Toscana,Firenze,culturelle_rurale,TOS-3-3,3,loisirs_couple,Europe_Ouest,site_hotel,voiture,19,7,2,0.0,1,petit_dejeuner,oui,aucun,244.75,4,1644.72,nouveau,0,0,1.0,0,0,0,1,0,DIRECT,0,0,0,0,1,0.0,1,2.0,2.0,0,822.36,234.96,0.0,1,-1.0,1,5,5,0.49999999999999994,-0.8660254037844387,2.995732273553991,2.7142857142857144,0,0.0,2.995732273553991,2.995732273553991,0.0,0.0,2.995732273553991,1.4224689061955131,1.154753479594244,0,0.2722440738799759,1,faux positif
R008443,2025-05-08,2025-06-06,Trentino-Alto_Adige,Bolzano,montagne,TRE-5-2,5,famille,Europe_Ouest,site_hotel,voiture,29,2,2,1.0,1,petit_dejeuner,non,partiel,247.51,6,465.32,nouveau,0,0,1.0,1,0,0,0,1,DIRECT,0,0,0,0,1,0.0,1,3.0,3.0,1,155.10666666666665,232.66,1.0,0,1.0,0,6,5,1.2246467991473532e-16,-1.0,3.4011973816621555,14.5,1,3.4011973816621555,0.0,3.4011973816621555,0.0,3.4011973816621555,3.4011973816621555,1.144343242868371,1.6025250890255747,0,0.12468855316774778,0,vrai négatif
R000235,2025-05-09,2025-07-08,Sicilia,Palermo,insulaire_mixte,SIC-4-3,4,loisirs_couple,Italie,plateforme_en_ligne,avion_correspondance,60,5,2,0.0,1,petit_dejeuner,oui,aucun,192.64,3,934.3,fidele,7,1,1.0,1,0,0,1,0,AG011,1,0,0,0,0,0.14285714285714285,0,2.0,2.0,0,467.15,186.85999999999999,0.0,1,-1.0,1,7,5,-0.4999999999999997,-0.8660254037844388,4.110873864173311,12.0,1,0.0,4.110873864173311,0.0,0.0,4.110873864173311,4.110873864173311,1.1558168836623266,1.0474688706432493,1,0.40864640622853154,1,vrai positif
R003271,2025-05-09,2025-05-24,Toscana,Firenze,culturelle_rurale,TOS-3-3,3,affaires,Europe_Ouest,entreprise,voiture,15,1,2,0.0,1,aucune,oui,aucun,239.13,8,220.0,fidele,5,1,1.0,0,0,1,1,1,DIRECT,0,0,0,0,1,0.2,0,2.0,2.0,0,110.0,220.0,0.0,1,-1.0,1,5,5,0.49999999999999994,-0.8660254037844387,2.772588722239781,15.0,0,0.0,2.772588722239781,2.772588722239781,0.0,0.0,2.772588722239781,1.3898058816691852,1.1282377919320594,0,0.1907572902771807,0,vrai négatif
R004324,2025-05-09,2025-05-23,Veneto,Venezia,urbaine_littorale,VEN-4-3,4,affaires,Europe_Ouest,telephone,voiture,14,3,2,0.0,1,pension_complete,oui,aucun,198.62,8,548.19,nouveau,0,0,0.0,1,0,0,1,1,DIRECT,0,0,0,1,1,0.0,1,2.0,2.0,0,274.095,182.73000000000002,0.0,1,-1.0,1,5,5,0.49999999999999994,-0.8660254037844387,2.70805020110221,4.666666666666667,1,0.0,2.70805020110221,2.70805020110221,0.0,2.70805020110221,0.0,0.9100781232101537,0.7862868905999485,0,0.3061223741030729,1,faux positif
R005246,2025-05-09,2025-08-17,Toscana,Firenze,culturelle_rurale,TOS-5-2,5,famille,Europe_Ouest,agence,train,100,4,2,1.0,1,petit_dejeuner,oui,aucun,246.98,5,938.52,fidele,12,1,1.0,0,0,0,1,0,AG029,1,0,0,0,0,0.08333333333333333,0,3.0,3.0,1,312.84,234.63,0.0,1,-1.0,1,8,5,-0.8660254037844384,-0.5000000000000004,4.61512051684126,25.0,0,0.0,4.61512051684126,0.0,0.0,0.0,4.61512051684126,1.0635604168460941,1.0818204280717516,1,0.4113459439545598,1,vrai positif
R005921,2025-05-09,2025-05-27,Veneto,Venezia,urbaine_littorale,VEN-5-2,5,famille,Italie,site_hotel,avion_direct,18,5,2,0.0,2,petit_dejeuner,non,total,206.33,7,1918.87,fidele,12,2,2.0,0,0,0,1,0,DIRECT,0,0,1,0,1,0.16666666666666666,0,2.0,1.0,0,959.435,383.774,2.0,0,2.0,0,5,5,0.49999999999999994,-0.8660254037844387,2.9444389791664403,3.6,0,5.8888779583328805,0.0,2.9444389791664403,0.0,0.0,5.8888779583328805,0.8332862162271314,0.8168088517646127,0,0.05714923107559896,0,vrai négatif
R006284,2025-05-09,2025-07-14,Sicilia,Palermo,insulaire_mixte,SIC-3-1,3,loisirs_couple,Europe_Ouest,agence,avion_correspondance,66,6,2,0.0,1,petit_dejeuner,oui,partiel,180.56,5,1029.19,entreprise,6,1,0.0,0,0,0,1,0,AG026,1,0,0,0,0,0.16666666666666666,0,2.0,2.0,0,514.595,171.53166666666667,1.0,1,0.0,0,7,5,-0.4999999999999997,-0.8660254037844388,4.204692619390966,11.0,0,4.204692619390966,4.204692619390966,0.0,1.0,0.0,0.0,1.2308531306452164,0.9817845685389593,1,0.2835833506534854,1,vrai positif
R007560,2025-05-09,2025-05-29,Sicilia,Palermo,insulaire_mixte,SIC-4-3,4,affaires,Italie,plateforme_en_ligne,ferry,20,3,2,0.0,1,aucune,non,partiel,160.21,8,442.18,nouveau,0,0,1.0,0,0,0,1,0,AG043,0,0,0,0,0,0.0,1,2.0,2.0,0,221.09,147.39333333333335,1.0,0,1.0,0,5,5,0.49999999999999994,-0.8660254037844387,3.044522437723423,6.666666666666667,0,3.044522437723423,0.0,0.0,0.0,0.0,3.044522437723423,0.9612407751844962,0.8708248403315667,0,0.18103686306826716,0,vrai négatif
R008323,2025-05-09,2025-05-16,Veneto,Venezia,urbaine_littorale,VEN-5-2,5,affaires,Europe_Centrale,agence,train,7,3,2,0.0,1,aucune,non,aucun,264.38,2,777.28,nouveau,0,0,1.0,0,0,0,1,1,AG003,0,0,0,0,0,0.0,1,2.0,2.0,0,388.64,259.0933333333333,0.0,0,0.0,0,5,5,0.49999999999999994,-0.8660254037844387,2.0794415416798357,2.3333333333333335,0,0.0,0.0,0.0,0.0,0.0,2.0794415416798357,1.0677274746577279,1.0466142792106252,0,0.2889649651824676,1,faux positif
R008673,2025-05-09,2025-05-15,Lombardia,Milano,affaires_lacs,LOM-5-3,5,affaires,Europe_Centrale,site_hotel,train,6,2,2,1.0,1,petit_dejeuner,non,aucun,296.36,4,569.01,entreprise,4,0,0.0,0,0,1,1,0,DIRECT,0,0,0,0,1,0.0,0,3.0,3.0,1,189.67,284.505,0.0,0,0.0,0,5,5,0.49999999999999994,-0.8660254037844387,1.9459101490553132,3.0,0,0.0,0.0,1.9459101490553132,0.0,0.0,0.0,1.0902803325730264,1.0850113494911036,0,0.21261432275878417,0,vrai négatif
R009038,2025-05-09,2025-06-13,Sicilia,Palermo,insulaire_mixte,SIC-5-3,5,affaires,Italie,agence,avion_direct,35,2,2,0.0,1,demi_pension,oui,aucun,273.99,1,542.5,entreprise,1,0,0.0,0,0,0,1,1,AG019,1,0,0,0,0,0.0,0,2.0,2.0,0,271.25,271.25,0.0,1,-1.0,1,6,5,1.2246467991473532e-16,-1.0,3.58351893845611,17.5,0,0.0,3.58351893845611,0.0,0.0,0.0,0.0,1.5072615249202332,1.4810270270270272,1,0.37530863256682767,1,vrai positif
R009039,2025-05-09,2025-09-04,Trentino-Alto_Adige,Bolzano,montagne,TRE-3-2,3,groupe,Europe_Ouest,agence,voiture,118,3,4,0.0,4,aucune,non,aucun,134.1,2,1577.02,nouveau,0,0,2.0,0,0,0,0,0,AG029,0,0,0,0,0,0.0,1,4.0,1.0,0,394.255,525.6733333333333,0.0,0,0.0,0,9,5,-1.0,-1.8369701987210297e-16,4.77912349311153,39.333333333333336,0,0.0,0.0,0.0,0.0,0.0,9.55824698622306,0.8475004739935537,0.8551205203417931,0,0.3198695270488376,1,faux positif
R009600,2025-05-09,2025-06-04,Veneto,Venezia,urbaine_littorale,VEN-3-3,3,famille,Italie,plateforme_en_ligne,avion_direct,26,3,2,0.0,2,petit_dejeuner,oui,aucun,260.09,3,1513.72,nouveau,0,0,0.0,0,0,0,1,0,AG035,0,0,1,0,0,0.0,1,2.0,1.0,0,756.86,504.5733333333333,0.0,1,-1.0,1,6,5,1.2246467991473532e-16,-1.0,3.295836866004329,8.666666666666666,0,0.0,3.295836866004329,0.0,0.0,0.0,0.0,1.3931699033552147,1.0467872738615096,0,0.5394025553446214,1,faux positif
R000055,2025-05-10,2025-05-21,Campania,Napoli,urbaine_cotiere,CAM-4-2,4,loisirs_couple,Italie,site_hotel,train,11,2,2,0.0,1,petit_dejeuner,oui,aucun,162.83,9,296.35,fidele,6,1,0.0,0,0,0,1,0,DIRECT,1,0,0,0,1,0.16666666666666666,0,2.0,2.0,0,148.175,148.175,0.0,1,-1.0,1,5,5,0.49999999999999994,-0.8660254037844387,2.4849066497880004,5.5,0,0.0,2.4849066497880004,2.4849066497880004,0.0,0.0,0.0,0.8512874134100118,0.8316988456430688,1,0.37291897585566264,1,vrai positif
R001321,2025-05-10,2025-06-18,Liguria,Genova,littorale,LIG-3-2,3,solo,Ameriques,entreprise,voiture,39,2,1,0.0,1,petit_dejeuner,oui,aucun,289.7,8,533.05,nouveau,0,0,2.0,1,0,0,1,0,DIRECT,0,0,0,0,1,0.0,1,1.0,1.0,0,533.05,266.525,0.0,1,-1.0,1,6,5,1.2246467991473532e-16,-1.0,3.6888794541139363,19.5,1,0.0,3.6888794541139363,3.6888794541139363,0.0,3.6888794541139363,7.3777589082278725,1.7952531449463964,1.5325204327240984,0,0.18402813947362437,0,vrai négatif
R002816,2025-05-10,2025-06-11,Campania,Napoli,urbaine_cotiere,CAM-3-3,3,loisirs_couple,Europe_Centrale,site_hotel,train,32,4,2,0.0,1,petit_dejeuner,oui,partiel,231.76,7,862.15,nouveau,0,0,2.0,0,13,0,1,0,DIRECT,0,0,0,0,1,0.0,1,2.0,2.0,0,431.075,215.5375,1.0,1,0.0,0,6,5,1.2246467991473532e-16,-1.0,3.4965075614664802,8.0,0,3.4965075614664802,3.4965075614664802,3.4965075614664802,1.0,0.0,6.9930151229329605,1.3977022585411452,1.1017303669899219,0,0.16590009271842204,0,vrai négatif
R004802,2025-05-10,2025-06-20,Veneto,Venezia,urbaine_littorale,VEN-4-3,4,famille,Europe_Centrale,plateforme_en_ligne,voiture,41,4,2,0.0,2,petit_dejeuner,oui,partiel,297.82,7,2215.78,nouveau,0,0,0.0,0,0,0,1,1,AG032,1,0,1,0,0,0.0,1,2.0,1.0,0,1107.89,553.945,1.0,1,0.0,0,6,5,1.2246467991473532e-16,-1.0,3.7376696182833684,10.25,0,3.7376696182833684,3.7376696182833684,0.0,1.0,0.0,0.0,1.3646131641045613,1.1986396474352525,1,0.41695654577968627,1,vrai positif
R005825,2025-05-10,2025-05-15,Lombardia,Milano,affaires_lacs,LOM-4-3,4,affaires,Europe_Centrale,plateforme_en_ligne,voiture,5,2,2,0.0,1,petit_dejeuner,non,partiel,220.84,7,410.76,nouveau,0,0,1.0,0,0,0,1,0,AG042,0,0,0,0,0,0.0,1,2.0,2.0,0,205.38,205.38,1.0,0,1.0,0,5,5,0.49999999999999994,-0.8660254037844387,1.791759469228055,2.5,0,1.791759469228055,0.0,0.0,0.0,0.0,1.791759469228055,0.9959861092319489,0.8085231017060849,0,0.17913836669997407,0,vrai négatif
R006885,2025-05-10,2025-05-17,Toscana,Firenze,culturelle_rurale,TOS-4-3,4,affaires,Italie,entreprise,train,7,1,2,0.0,1,petit_dejeuner,non,total,198.77,6,186.84,entreprise,5,0,1.0,0,0,0,1,1,DIRECT,0,0,0,0,1,0.0,0,2.0,2.0,0,93.42,186.84,2.0,0,2.0,0,5,5,0.49999999999999994,-0.8660254037844387,2.0794415416798357,7.0,0,4.1588830833596715,0.0,2.0794415416798357,0.0,0.0,2.0794415416798357,0.97846365896281,0.9378155225288984,0,0.04709415387414552,0,vrai négatif
R007354,2025-05-10,2025-07-13,Puglia,Bari,balneaire_rurale,PUG-3-2,3,solo,Europe_Ouest,agence,avion_direct,64,5,1,0.0,1,petit_dejeuner,oui,partiel,152.37,0,761.85,fidele,6,1,2.0,0,0,0,1,0,AG021,0,0,0,0,0,0.16666666666666666,0,1.0,1.0,0,761.85,152.37,1.0,1,0.0,0,7,5,-0.4999999999999997,-0.8660254037844388,4.174387269895637,12.8,0,4.174387269895637,4.174387269895637,0.0,1.0,0.0,8.348774539791274,1.1023730285052815,0.8963995764207555,0,0.2408127367508987,1,faux positif
R009953,2025-05-10,2025-05-17,Puglia,Bari,balneaire_rurale,PUG-4-3,4,affaires,Italie,plateforme_en_ligne,voiture,7,1,2,0.0,1,petit_dejeuner,non,aucun,154.24,0,154.24,fidele,7,1,0.0,0,0,0,0,1,AG039,1,0,0,0,0,0.14285714285714285,0,2.0,2.0,0,77.12,154.24,0.0,0,0.0,0,5,5,0.49999999999999994,-0.8660254037844387,2.0794415416798357,7.0,0,0.0,0.0,0.0,0.0,0.0,0.0,1.0296395193591454,1.2786205753129405,1,0.2915018508844094,1,vrai positif
R000508,2025-05-11,2025-05-25,Lazio,Roma,urbaine_culturelle,LAZ-4-1,4,famille,Europe_Ouest,plateforme_en_ligne,train,14,2,2,3.0,2,petit_dejeuner,oui,partiel,236.39,2,926.65,fidele,7,1,1.0,0,0,0,1,0,AG033,0,0,0,0,0,0.14285714285714285,0,5.0,2.5,1,185.32999999999998,463.325,1.0,1,0.0,0,5,5,0.49999999999999994,-0.8660254037844387,2.70805020110221,7.0,0,2.70805020110221,2.70805020110221,0.0,1.0,0.0,2.70805020110221,1.1574128476302388,0.9331306990881458,0,0.3350614796384107,1,faux positif
R001388,2025-05-11,2025-07-05,Toscana,Firenze,culturelle_rurale,TOS-4-1,4,loisirs_couple,Italie,plateforme_en_ligne,voiture,55,4,2,0.0,1,petit_dejeuner,oui,aucun,193.91,4,744.61,fidele,7,1,0.0,0,0,0,1,1,AG004,0,0,0,0,0,0.14285714285714285,0,2.0,2.0,0,372.305,186.1525,0.0,1,-1.0,1,7,5,-0.4999999999999997,-0.8660254037844388,4.02535169073515,13.75,0,0.0,4.02535169073515,0.0,0.0,0.0,0.0,0.8484907983405381,0.8639533070462697,0,0.40680214150169525,1,faux positif
R001718,2025-05-11,2025-08-04,Liguria,Genova,littorale,LIG-4-2,4,solo,Asie_Pacifique,plateforme_en_ligne,avion_direct,85,7,1,0.0,1,petit_dejeuner,oui,aucun,249.94,0,1749.58,nouveau,0,0,2.0,0,0,0,1,0,AG042,0,0,0,0,0,0.0,1,1.0,1.0,0,1749.58,249.94,0.0,1,-1.0,1,8,5,-0.8660254037844384,-0.5000000000000004,4.454347296253507,12.142857142857142,0,0.0,4.454347296253507,0.0,0.0,0.0,8.908694592507015,1.353917824544297,1.2501688133049893,0,0.36007823698825,1,faux positif
R002401,2025-05-11,2025-06-14,Lombardia,Milano,affaires_lacs,LOM-5-3,5,affaires,Europe_Centrale,plateforme_en_ligne,voiture,34,2,2,0.0,1,petit_dejeuner,non,total,198.12,2,388.32,entreprise,1,0,1.0,0,0,0,0,1,AG045,0,0,0,0,0,0.0,0,2.0,2.0,0,194.16,194.16,2.0,0,2.0,0,6,5,1.2246467991473532e-16,-1.0,3.5553480614894135,17.0,0,7.110696122978827,0.0,0.0,0.0,0.0,3.5553480614894135,0.7288646898682952,0.9249299719887955,0,0.12127539512939606,0,vrai négatif
R002734,2025-05-11,2025-05-25,Sicilia,Palermo,insulaire_mixte,SIC-5-3,5,affaires,Italie,entreprise,avion_direct,14,3,2,0.0,1,aucune,non,total,190.83,13,498.07,nouveau,0,0,1.0,1,0,0,1,0,DIRECT,0,0,0,0,1,0.0,1,2.0,2.0,0,249.035,166.02333333333334,2.0,0,2.0,0,5,5,0.49999999999999994,-0.8660254037844387,2.70805020110221,4.666666666666667,1,5.41610040220442,0.0,2.70805020110221,0.0,2.70805020110221,2.70805020110221,1.0497854549455385,1.0372604973501833,0,0.055310839854802216,0,vrai négatif
R003747,2025-05-11,2025-07-13,Toscana,Firenze,culturelle_rurale,TOS-4-2,4,affaires,Italie,plateforme_en_ligne,avion_correspondance,63,3,2,0.0,1,petit_dejeuner,oui,aucun,286.47,3,833.63,entreprise,3,0,1.0,0,0,0,1,0,AG027,0,0,0,0,0,0.0,0,2.0,2.0,0,416.815,277.87666666666667,0.0,1,-1.0,1,7,5,-0.4999999999999997,-0.8660254037844388,4.1588830833596715,21.0,0,0.0,4.1588830833596715,0.0,0.0,0.0,4.1588830833596715,1.4414310153970011,1.2763483258704806,0,0.38952655653493073,1,faux positif
R006732,2025-05-11,2025-05-22,Lazio,Roma,urbaine_culturelle,LAZ-4-1,4,famille,Europe_Ouest,plateforme_en_ligne,voiture,11,4,2,3.0,2,petit_dejeuner,oui,partiel,243.17,7,1809.18,nouveau,0,0,0.0,1,0,0,1,0,AG025,0,0,0,0,0,0.0,1,5.0,2.5,1,361.836,452.295,1.0,1,0.0,0,5,5,0.49999999999999994,-0.8660254037844387,2.4849066497880004,2.75,1,2.4849066497880004,2.4849066497880004,0.0,1.0,2.4849066497880004,0.0,1.1906090873482176,0.9598942091343307,0,0.407147090518586,1,faux positif
R007578,2025-05-11,2025-05-29,Puglia,Bari,balneaire_rurale,PUG-3-2,3,groupe,Italie,plateforme_en_ligne,avion_direct,18,4,6,0.0,4,aucune,oui,aucun,88.26,6,1327.43,fidele,6,1,0.0,0,0,0,0,0,AG003,1,0,0,0,0,0.16666666666666666,0,6.0,1.5,0,221.23833333333334,331.8575,0.0,1,-1.0,1,5,5,0.49999999999999994,-0.8660254037844387,2.9444389791664403,4.5,0,0.0,2.9444389791664403,0.0,0.0,0.0,0.0,0.6385472435248155,0.7316587913454365,1,0.44924070741051236,1,vrai positif
R007624,2025-05-11,2025-05-27,Campania,Napoli,urbaine_cotiere,CAM-3-1,3,affaires,Italie,agence,voiture,16,3,2,0.0,1,petit_dejeuner,non,total,141.88,4,408.61,nouveau,0,0,0.0,0,0,0,1,0,AG014,0,0,0,0,0,0.0,1,2.0,2.0,0,204.305,136.20333333333335,2.0,0,2.0,0,5,5,0.49999999999999994,-0.8660254037844387,2.833213344056216,5.333333333333333,0,5.666426688112432,0.0,0.0,0.0,0.0,0.0,0.8745069033530571,0.7246909796710593,0,0.11924279454576725,0,vrai négatif
R007677,2025-05-11,2025-06-06,Trentino-Alto_Adige,Bolzano,montagne,TRE-4-3,4,groupe,Europe_Centrale,site_hotel,voiture,26,5,5,0.0,2,demi_pension,non,total,178.78,9,1626.9,nouveau,0,0,1.0,0,0,0,0,1,DIRECT,1,0,0,0,1,0.0,1,5.0,2.5,0,325.38,325.38,2.0,0,2.0,0,6,5,1.2246467991473532e-16,-1.0,3.295836866004329,5.2,0,6.591673732008658,0.0,3.295836866004329,0.0,0.0,3.295836866004329,0.9631764674191202,1.157526707672386,1,0.080386963277535,0,faux négatif
R000527,2025-05-12,2025-06-15,Lazio,Roma,urbaine_culturelle,LAZ-4-2,4,famille,Italie,site_hotel,train,34,5,2,3.0,2,pension_complete,non,partiel,192.36,4,1846.66,nouveau,0,0,0.0,1,0,0,1,0,DIRECT,0,0,0,0,1,0.0,1,5.0,2.5,1,369.332,369.332,1.0,0,1.0,0,6,5,1.2246467991473532e-16,-1.0,3.5553480614894135,6.8,1,3.5553480614894135,0.0,3.5553480614894135,0.0,3.5553480614894135,0.0,0.9492227979274612,0.8089320633318615,0,0.19223560426869268,0,vrai négatif
R003465,2025-05-12,2025-06-07,Puglia,Bari,balneaire_rurale,PUG-3-1,3,groupe,Europe_Centrale,site_hotel,voiture,26,5,5,0.0,4,petit_dejeuner,non,aucun,189.37,7,3522.28,nouveau,0,0,0.0,1,0,0,1,1,DIRECT,0,0,0,0,1,0.0,1,5.0,1.25,0,704.456,704.456,0.0,0,0.0,0,6,5,1.2246467991473532e-16,-1.0,3.295836866004329,5.2,1,0.0,0.0,3.295836866004329,0.0,3.295836866004329,0.0,1.478644491293824,1.1265318262938728,0,0.2954375481427129,1,faux positif
R005109,2025-05-12,2025-06-05,Lombardia,Milano,affaires_lacs,LOM-4-2,4,loisirs_couple,Europe_Ouest,entreprise,voiture,24,4,2,0.0,1,petit_dejeuner,oui,aucun,224.37,16,753.88,nouveau,0,0,0.0,0,0,0,0,0,DIRECT,0,0,0,1,1,0.0,1,2.0,2.0,0,376.94,188.47,0.0,1,-1.0,1,6,5,1.2246467991473532e-16,-1.0,3.2188758248682006,6.0,0,0.0,3.2188758248682006,3.2188758248682006,0.0,0.0,0.0,1.001160144571862,1.0474789915966385,0,0.15045590270493847,0,vrai négatif
R005977,2025-05-12,2025-05-31,Lombardia,Milano,affaires_lacs,LOM-4-1,4,famille,Italie,agence,avion_direct,19,5,2,3.0,2,petit_dejeuner,oui,aucun,316.91,0,3169.1,nouveau,0,0,0.0,1,0,0,1,1,AG038,1,0,0,0,0,0.0,1,5.0,2.5,1,633.8199999999999,633.8199999999999,0.0,1,-1.0,1,5,5,0.49999999999999994,-0.8660254037844387,2.995732273553991,3.8,1,0.0,2.995732273553991,0.0,0.0,2.995732273553991,0.0,1.4348259156970165,1.1602474921285788,1,0.440246758611206,1,vrai positif
R007393,2025-05-12,2025-05-25,Lombardia,Milano,affaires_lacs,LOM-4-2,4,affaires,Europe_Ouest,site_hotel,avion_direct,13,2,2,1.0,1,petit_dejeuner,oui,partiel,218.92,2,429.08,nouveau,0,0,0.0,0,0,0,1,0,DIRECT,1,0,0,0,1,0.0,1,3.0,3.0,1,143.02666666666667,214.54,1.0,1,0.0,0,5,5,0.49999999999999994,-0.8660254037844387,2.639057329615259,6.5,0,2.639057329615259,2.639057329615259,2.639057329615259,1.0,0.0,0.0,0.9768417295078309,0.8014937394742623,1,0.19211142697666195,0,faux négatif
R009949,2025-05-12,2025-06-21,Veneto,Venezia,urbaine_littorale,VEN-3-3,3,loisirs_couple,Italie,plateforme_en_ligne,train,40,7,2,0.0,1,petit_dejeuner,oui,partiel,216.07,6,1421.74,nouveau,0,0,0.0,3,0,0,1,1,AG029,1,0,0,0,0,0.0,1,2.0,2.0,0,710.87,203.1057142857143,1.0,1,0.0,0,6,5,1.2246467991473532e-16,-1.0,3.713572066704308,5.714285714285714,1,3.713572066704308,3.713572066704308,0.0,1.0,3.713572066704308,0.0,1.1573771425966444,0.8696194635059264,1,0.5171789905155982,1,vrai positif
R000311,2025-05-13,2025-05-25,Puglia,Bari,balneaire_rurale,PUG-4-1,4,loisirs_couple,Europe_Ouest,agence,avion_direct,12,7,2,0.0,1,aucune,oui,aucun,148.49,5,987.46,nouveau,0,0,0.0,1,0,0,0,0,AG036,0,0,0,0,0,0.0,1,2.0,2.0,0,493.73,141.06571428571428,0.0,1,-1.0,1,5,5,0.49999999999999994,-0.8660254037844387,2.5649493574615367,1.7142857142857142,1,0.0,2.5649493574615367,0.0,0.0,2.5649493574615367,0.0,0.897437447117128,1.2309541573406284,0,0.38868084784360357,1,faux positif
R001097,2025-05-13,2025-06-05,Veneto,Venezia,urbaine_littorale,VEN-4-1,4,famille,Italie,plateforme_en_ligne,train,23,2,2,2.0,1,aucune,non,total,225.12,4,432.23,nouveau,0,0,1.0,0,13,0,1,0,AG007,0,0,0,0,0,0.0,1,4.0,4.0,1,108.0575,216.115,2.0,0,2.0,0,6,5,1.2246467991473532e-16,-1.0,3.1780538303479458,11.5,0,6.3561076606958915,0.0,0.0,0.0,0.0,3.1780538303479458,1.0202814475741575,0.9060431046626286,0,0.09825413995531725,0,vrai négatif
R001699,2025-05-13,2025-07-29,Campania,Napoli,urbaine_cotiere,CAM-3-3,3,solo,Europe_Centrale,entreprise,train,77,7,1,0.0,1,pension_complete,non,total,184.08,8,1185.48,nouveau,0,0,3.0,1,0,0,1,0,DIRECT,0,0,0,0,1,0.0,1,1.0,1.0,0,1185.48,169.3542857142857,2.0,0,2.0,0,7,5,-0.4999999999999997,-0.8660254037844388,4.356708826689592,11.0,1,8.713417653379183,0.0,4.356708826689592,0.0,4.356708826689592,13.070126480068776,1.11015288122305,0.9291104100946372,0,0.0565955811655108,0,vrai négatif
R003037,2025-05-13,2025-06-11,Lazio,Roma,urbaine_culturelle,LAZ-4-1,4,loisirs_couple,Ameriques,telephone,avion_direct,29,2,2,0.0,1,petit_dejeuner,oui,partiel,323.91,7,602.47,nouveau,0,0,3.0,0,0,0,1,0,DIRECT,0,0,0,0,1,0.0,1,2.0,2.0,0,301.235,301.235,1.0,1,0.0,0,6,5,1.2246467991473532e-16,-1.0,3.4011973816621555,14.5,0,3.4011973816621555,3.4011973816621555,3.4011973816621555,1.0,0.0,10.203592144986466,1.585928319623972,1.3621396581088754,0,0.1479331317752483,0,vrai négatif
R003601,2025-05-13,2025-06-21,Veneto,Venezia,urbaine_littorale,VEN-5-3,5,loisirs_couple,Italie,plateforme_en_ligne,avion_correspondance,39,3,2,0.0,1,aucune,non,partiel,229.82,4,661.88,nouveau,0,0,0.0,0,0,0,1,1,AG006,0,0,0,0,0,0.0,1,2.0,2.0,0,330.94,220.62666666666667,1.0,0,1.0,0,6,5,1.2246467991473532e-16,-1.0,3.6888794541139363,13.0,0,3.6888794541139363,0.0,0.0,0.0,0.0,0.0,0.8889146747118434,0.9249592497937336,0,0.21760381564121684,0,vrai négatif
R003680,2025-05-13,2025-06-09,Lombardia,Milano,affaires_lacs,LOM-4-2,4,loisirs_couple,Europe_Ouest,site_hotel,avion_direct,27,2,2,0.0,1,petit_dejeuner,non,aucun,239.8,1,474.8,nouveau,0,0,2.0,1,10,1,0,0,DIRECT,0,0,0,0,1,0.0,1,2.0,2.0,0,237.4,237.4,0.0,0,0.0,0,6,5,1.2246467991473532e-16,-1.0,3.332204510175204,13.5,1,0.0,0.0,3.332204510175204,0.0,3.332204510175204,6.664409020350408,1.0700102628173664,1.119514472455649,0,0.16542732308980898,0,vrai négatif
R004711,2025-05-13,2025-05-24,Toscana,Firenze,culturelle_rurale,TOS-3-2,3,affaires,Italie,agence,avion_direct,11,2,2,0.0,1,petit_dejeuner,oui,aucun,286.5,3,555.81,nouveau,0,0,0.0,0,0,0,1,1,AG014,0,0,0,0,0,0.0,1,2.0,2.0,0,277.905,277.905,0.0,1,-1.0,1,5,5,0.49999999999999994,-0.8660254037844387,2.4849066497880004,5.5,0,0.0,2.4849066497880004,0.0,0.0,0.0,0.0,1.6250709018718092,1.3517338995046002,0,0.38428435389729915,1,faux positif
R004823,2025-05-13,2025-05-27,Lombardia,Milano,affaires_lacs,LOM-4-2,4,affaires,Europe_Centrale,site_hotel,train,14,2,2,0.0,1,petit_dejeuner,non,total,263.26,12,463.34,nouveau,0,0,0.0,0,0,0,1,0,DIRECT,0,0,0,0,1,0.0,1,2.0,2.0,0,231.67,231.67,2.0,0,2.0,0,5,5,0.49999999999999994,-0.8660254037844387,2.70805020110221,7.0,0,5.41610040220442,0.0,2.70805020110221,0.0,0.0,0.0,1.174690999955379,0.9638280735154133,0,0.08505917534158457,0,vrai négatif
R004892,2025-05-13,2025-08-06,Lombardia,Milano,affaires_lacs,LOM-5-3,5,loisirs_couple,Inconnu,entreprise,train,85,7,2,0.0,1,petit_dejeuner,oui,aucun,255.28,16,1501.05,nouveau,0,0,1.0,1,0,0,0,0,DIRECT,0,0,0,0,1,0.0,1,2.0,2.0,0,750.525,214.43571428571428,0.0,1,-1.0,1,8,5,-0.8660254037844384,-0.5000000000000004,4.454347296253507,12.142857142857142,1,0.0,4.454347296253507,4.454347296253507,0.0,4.454347296253507,4.454347296253507,0.939150908689574,1.196363295529103,0,0.2386640761270316,0,vrai négatif
R005326,2025-05-13,2025-06-05,Toscana,Firenze,culturelle_rurale,TOS-5-1,5,solo,Europe_Ouest,plateforme_en_ligne,avion_direct,23,2,1,0.0,1,demi_pension,oui,aucun,297.020202020202,1,588.1,nouveau,0,0,1.0,1,0,1,1,0,AG004,0,1,1,0,0,0.0,1,1.0,1.0,0,588.1,294.05,0.0,1,-1.0,1,6,5,1.2246467991473532e-16,-1.0,3.1780538303479458,11.5,1,0.0,3.1780538303479458,0.0,0.0,3.1780538303479458,3.1780538303479458,1.2866929562476261,1.3761128707385193,0,0.36760857440373373,1,faux positif
R008267,2025-05-13,2025-05-28,Liguria,Genova,littorale,LIG-3-2,3,loisirs_couple,Italie,plateforme_en_ligne,train,15,2,2,0.0,1,petit_dejeuner,oui,aucun,215.61,0,431.22,fidele,9,2,0.0,1,0,0,1,0,AG029,1,0,0,0,0,0.2222222222222222,0,2.0,2.0,0,215.61,215.61,0.0,1,-1.0,1,5,5,0.49999999999999994,-0.8660254037844387,2.772588722239781,7.5,1,0.0,2.772588722239781,0.0,0.0,2.772588722239781,0.0,1.3361219557538577,1.100022958597995,1,0.4294690644834065,1,vrai positif
R008746,2025-05-13,2025-06-01,Puglia,Bari,balneaire_rurale,PUG-4-2,4,loisirs_couple,Europe_Ouest,site_hotel,avion_direct,19,2,2,0.0,1,petit_dejeuner,oui,aucun,195.51,10,351.92,fidele,5,1,1.0,0,0,0,1,0,DIRECT,1,0,0,0,1,0.2,0,2.0,2.0,0,175.96,175.96,0.0,1,-1.0,1,6,5,1.2246467991473532e-16,-1.0,2.995732273553991,9.5,0,0.0,2.995732273553991,2.995732273553991,0.0,0.0,2.995732273553991,1.299328769854456,1.1630577037477692,1,0.2670394458049945,1,vrai positif
R008822,2025-05-13,2025-07-18,Campania,Napoli,urbaine_cotiere,CAM-4-3,4,famille,Europe_Ouest,plateforme_en_ligne,avion_direct,66,7,2,1.0,1,aucune,non,total,207.28,3,1407.43,nouveau,0,0,2.0,0,0,0,1,1,AG022,0,0,0,0,0,0.0,1,3.0,3.0,1,469.1433333333334,201.0614285714286,2.0,0,2.0,0,7,5,-0.4999999999999997,-0.8660254037844388,4.204692619390966,9.428571428571429,0,8.409385238781931,0.0,0.0,0.0,0.0,8.409385238781931,1.1151880346478722,1.0462082018927445,0,0.1078092862715726,0,vrai négatif
R009311,2025-05-13,2025-08-30,Trentino-Alto_Adige,Bolzano,montagne,TRE-5-2,5,loisirs_couple,Europe_Ouest,plateforme_en_ligne,voiture,109,2,2,0.0,1,aucune,oui,aucun,227.77,2,446.43,nouveau,0,0,0.0,0,0,0,1,1,AG033,0,0,0,1,0,0.0,1,2.0,2.0,0,223.215,223.215,0.0,1,-1.0,1,8,5,-0.8660254037844384,-0.5000000000000004,4.700480365792417,54.5,0,0.0,4.700480365792417,0.0,0.0,0.0,0.0,1.0530768875121366,1.0290968237473457,0,0.45003401887267025,1,faux positif
R009741,2025-05-13,2025-05-17,Lombardia,Milano,affaires_lacs,LOM-5-1,5,affaires,Asie_Pacifique,plateforme_en_ligne,train,4,2,2,0.0,1,aucune,oui,aucun,345.43,1,683.95,entreprise,1,0,0.0,0,0,0,1,1,AG025,0,0,0,0,0,0.0,0,2.0,2.0,0,341.975,341.975,0.0,1,-1.0,1,5,5,0.49999999999999994,-0.8660254037844387,1.6094379124341003,2.0,0,0.0,1.6094379124341003,0.0,0.0,0.0,0.0,1.309290073153167,1.2646628102804423,0,0.35689728426743406,1,faux positif
R002047,2025-05-14,2025-07-21,Lazio,Roma,urbaine_culturelle,LAZ-5-2,5,famille,Italie,plateforme_en_ligne,avion_correspondance,68,6,2,0.0,2,petit_dejeuner,non,total,190.7,4,2196.86,nouveau,0,0,1.0,1,0,0,0,0,AG039,0,0,1,0,0,0.0,1,2.0,1.0,0,1098.43,366.1433333333334,2.0,0,2.0,0,7,5,-0.4999999999999997,-0.8660254037844388,4.23410650459726,11.333333333333334,1,8.46821300919452,0.0,0.0,0.0,4.23410650459726,4.23410650459726,0.8274036792780285,1.1050810903419725,0,0.171830044155852,0,vrai négatif
R002624,2025-05-14,2025-07-09,Lombardia,Milano,affaires_lacs,LOM-5-3,5,solo,Italie,site_hotel,avion_correspondance,56,2,1,0.0,1,petit_dejeuner,oui,partiel,262.36,12,461.75,nouveau,0,0,1.0,0,0,0,0,0,DIRECT,0,0,0,0,1,0.0,1,1.0,1.0,0,461.75,230.875,1.0,1,0.0,0,7,5,-0.4999999999999997,-0.8660254037844388,4.04305126783455,28.0,0,4.04305126783455,4.04305126783455,4.04305126783455,1.0,0.0,4.04305126783455,0.9651975572069753,1.3072247135027406,0,0.2051764585892901,0,vrai négatif
R002767,2025-05-14,2025-05-29,Campania,Napoli,urbaine_cotiere,CAM-5-3,5,groupe,Europe_Centrale,agence,avion_direct,15,4,3,0.0,2,petit_dejeuner,oui,aucun,229.48,2,1799.12,nouveau,0,0,1.0,0,0,0,1,0,AG022,0,0,0,0,0,0.0,1,3.0,1.5,0,599.7066666666666,449.78,0.0,1,-1.0,1,5,5,0.49999999999999994,-0.8660254037844387,2.772588722239781,3.75,0,0.0,2.772588722239781,0.0,0.0,0.0,2.772588722239781,1.131976815883586,1.1721319848809888,0,0.4253637532122551,1,faux positif
R003637,2025-05-14,2025-06-18,Campania,Napoli,urbaine_cotiere,CAM-4-1,4,loisirs_couple,Europe_Ouest,entreprise,voiture,35,6,2,0.0,1,petit_dejeuner,oui,aucun,272.83,14,1407.8,fidele,4,1,0.0,0,0,0,1,0,DIRECT,0,0,0,0,1,0.25,0,2.0,2.0,0,703.9,234.63333333333333,0.0,1,-1.0,1,6,5,1.2246467991473532e-16,-1.0,3.58351893845611,5.833333333333333,0,0.0,3.58351893845611,3.58351893845611,0.0,0.0,0.0,1.4417904137821698,1.2969671040121695,0,0.2182457524522284,0,vrai négatif
R004508,2025-05-14,2025-05-21,Veneto,Venezia,urbaine_littorale,VEN-3-1,3,affaires,Europe_Ouest,telephone,train,7,2,2,0.0,1,petit_dejeuner,non,total,164.64,0,329.28,fidele,5,0,1.0,0,0,0,1,0,DIRECT,0,0,0,0,1,0.0,0,2.0,2.0,0,164.64,164.64,2.0,0,2.0,0,5,5,0.49999999999999994,-0.8660254037844387,2.0794415416798357,3.5,0,4.1588830833596715,0.0,2.0794415416798357,0.0,0.0,2.0794415416798357,0.8383105476208661,0.6517685714851249,0,0.06736751537596487,0,vrai négatif
R004668,2025-05-14,2025-06-15,Lombardia,Milano,affaires_lacs,LOM-5-2,5,solo,Italie,agence,avion_direct,32,2,1,0.0,1,demi_pension,oui,partiel,252.93,2,495.74,nouveau,0,0,0.0,0,0,1,0,0,AG036,1,0,0,0,0,0.0,1,1.0,1.0,0,495.74,247.87,1.0,1,0.0,0,6,5,1.2246467991473532e-16,-1.0,3.4965075614664802,16.0,0,3.4965075614664802,3.4965075614664802,0.0,1.0,0.0,0.0,0.9552639033141348,1.180812324929972,1,0.3322810210985488,1,vrai positif
R006422,2025-05-14,2025-06-12,Sicilia,Palermo,insulaire_mixte,SIC-3-3,3,loisirs_couple,Europe_Centrale,agence,ferry,29,3,2,0.0,1,petit_dejeuner,non,total,138.86,0,416.58,nouveau,0,0,1.0,1,0,0,1,0,AG037,0,0,0,0,0,0.0,1,2.0,2.0,0,208.29,138.85999999999999,2.0,0,2.0,0,6,5,1.2246467991473532e-16,-1.0,3.4011973816621555,9.666666666666666,1,6.802394763324311,0.0,0.0,0.0,3.4011973816621555,3.4011973816621555,0.9836367500177093,0.7505945945945947,0,0.11386381191924064,0,vrai négatif
R007386,2025-05-14,2025-06-01,Campania,Napoli,urbaine_cotiere,CAM-4-2,4,affaires,Europe_Ouest,site_hotel,train,18,2,2,0.0,1,aucune,non,total,224.3315217391304,8,412.77,nouveau,0,0,2.0,0,0,0,1,0,DIRECT,0,1,0,0,1,0.0,1,2.0,2.0,0,206.385,206.385,2.0,0,2.0,0,6,5,1.2246467991473532e-16,-1.0,2.9444389791664403,9.0,0,5.8888779583328805,0.0,2.9444389791664403,0.0,0.0,5.8888779583328805,1.172821967006302,1.0664171978471686,0,0.05707950693181606,0,vrai négatif
R007503,2025-05-14,2025-06-17,Toscana,Firenze,culturelle_rurale,TOS-5-3,5,solo,Italie,plateforme_en_ligne,voiture,34,4,1,0.0,1,aucune,oui,aucun,306.91,4,1178.53,nouveau,0,0,0.0,0,0,0,1,0,AG034,0,0,0,0,0,0.0,1,1.0,1.0,0,1178.53,294.6325,0.0,1,-1.0,1,6,5,1.2246467991473532e-16,-1.0,3.5553480614894135,8.5,0,0.0,3.5553480614894135,0.0,0.0,0.0,0.0,1.2833368178967177,1.4219329132690883,0,0.40561144035530006,1,faux positif
R007817,2025-05-14,2025-06-30,Lazio,Roma,urbaine_culturelle,LAZ-4-3,4,solo,Europe_Ouest,telephone,voiture,47,7,1,0.0,1,aucune,oui,aucun,248.13,5,1650.06,nouveau,0,0,0.0,0,0,1,1,0,DIRECT,0,0,0,0,1,0.0,1,1.0,1.0,0,1650.06,235.72285714285712,0.0,1,-1.0,1,6,5,1.2246467991473532e-16,-1.0,3.8712010109078907,6.714285714285714,0,0.0,3.8712010109078907,3.8712010109078907,0.0,0.0,0.0,1.2013653529582646,1.0434618053365292,0,0.36377564495991943,1,faux positif
R000454,2025-05-15,2025-07-08,Puglia,Bari,balneaire_rurale,PUG-4-1,4,loisirs_couple,Europe_Ouest,plateforme_en_ligne,train,54,6,2,0.0,1,petit_dejeuner,non,total,127.78,1,759.01,nouveau,0,0,0.0,0,0,0,1,0,AG045,0,0,0,0,0,0.0,1,2.0,2.0,0,379.505,126.50166666666667,2.0,0,2.0,0,7,5,-0.4999999999999997,-0.8660254037844388,4.007333185232471,9.0,0,8.014666370464942,0.0,0.0,0.0,0.0,0.0,0.7722712438051492,0.751735498293917,0,0.13229773785890742,0,vrai négatif
R000690,2025-05-15,2025-09-01,Trentino-Alto_Adige,Bolzano,montagne,TRE-3-1,3,solo,Europe_Ouest,site_hotel,train,109,7,1,0.0,1,petit_dejeuner,oui,partiel,143.62,8,924.91,nouveau,0,0,1.0,0,0,0,0,0,DIRECT,0,0,0,0,1,0.0,1,1.0,1.0,0,924.91,132.13,1.0,1,0.0,0,9,5,-1.0,-1.8369701987210297e-16,4.700480365792417,15.571428571428571,0,4.700480365792417,4.700480365792417,4.700480365792417,1.0,0.0,4.700480365792417,0.8929093226398086,0.9158270628746334,0,0.19472794422300466,0,vrai négatif
R001752,2025-05-15,2025-05-18,Sicilia,Palermo,insulaire_mixte,SIC-4-2,4,affaires,Italie,plateforme_en_ligne,avion_direct,3,2,2,0.0,1,petit_dejeuner,oui,aucun,159.85,2,313.31,nouveau,0,0,0.0,0,0,0,1,0,AG039,0,0,0,0,0,0.0,1,2.0,2.0,0,156.655,156.655,0.0,1,-1.0,1,5,5,0.49999999999999994,-0.8660254037844387,1.3862943611198906,1.5,0,0.0,1.3862943611198906,0.0,0.0,0.0,0.0,0.9224421489987882,0.8688680527245548,0,0.37912918406407253,1,faux positif
R001869,2025-05-15,2025-06-08,Toscana,Firenze,culturelle_rurale,TOS-3-1,3,loisirs_couple,Ameriques,agence,avion_direct,24,5,2,0.0,1,aucune,oui,aucun,186.68,7,868.06,fidele,6,1,1.0,0,0,0,1,0,AG043,1,0,0,0,0,0.16666666666666666,0,2.0,2.0,0,434.03,173.612,0.0,1,-1.0,1,6,5,1.2246467991473532e-16,-1.0,3.2188758248682006,4.8,0,0.0,3.2188758248682006,0.0,0.0,0.0,3.2188758248682006,1.0948652532183807,0.8648999258710156,1,0.33111923611234995,1,vrai positif
R002593,2025-05-15,2025-07-23,Lombardia,Milano,affaires_lacs,LOM-3-3,3,loisirs_couple,Italie,site_hotel,train,69,7,2,0.0,1,petit_dejeuner,oui,partiel,162.36,6,1068.33,nouveau,0,0,1.0,0,0,0,0,0,DIRECT,0,0,0,0,1,0.0,1,2.0,2.0,0,534.165,152.6185714285714,1.0,1,0.0,0,7,5,-0.4999999999999997,-0.8660254037844388,4.248495242049359,9.857142857142858,0,4.248495242049359,4.248495242049359,4.248495242049359,1.0,0.0,4.248495242049359,0.8042003070979248,0.8089686098654709,0,0.22017185856165708,0,vrai négatif
R004791,2025-05-15,2025-07-25,Campania,Napoli,urbaine_cotiere,CAM-4-3,4,loisirs_couple,Europe_Ouest,telephone,avion_direct,71,2,2,0.0,1,petit_dejeuner,non,total,260.09,4,499.37,nouveau,0,0,2.0,0,0,0,1,1,DIRECT,0,0,0,0,1,0.0,1,2.0,2.0,0,249.685,249.685,2.0,0,2.0,0,7,5,-0.4999999999999997,-0.8660254037844388,4.276666119016055,35.5,0,8.55333223803211,0.0,4.276666119016055,0.0,0.0,8.55333223803211,1.3993113466401246,1.312757097791798,0,0.08927458325044757,0,vrai négatif
R008815,2025-05-15,2025-06-20,Trentino-Alto_Adige,Bolzano,montagne,TRE-4-2,4,famille,Asie_Pacifique,entreprise,voiture,36,4,2,3.0,2,petit_dejeuner,oui,aucun,161.02,6,1210.87,nouveau,0,0,2.0,0,0,0,0,1,DIRECT,0,0,0,0,1,0.0,1,5.0,2.5,1,242.17399999999998,302.7175,0.0,1,-1.0,1,6,5,1.2246467991473532e-16,-1.0,3.6109179126442243,9.0,0,0.0,3.6109179126442243,3.6109179126442243,0.0,0.0,7.221835825288449,0.8547616519800404,1.0425380382000649,0,0.17870788399819557,0,vrai négatif
R000582,2025-05-16,2025-05-24,Veneto,Venezia,urbaine_littorale,VEN-3-2,3,affaires,Ameriques,agence,avion_direct,8,3,2,0.0,1,petit_dejeuner,oui,aucun,307.14,3,893.78,nouveau,0,0,1.0,0,0,0,1,1,AG020,0,0,0,0,0,0.0,1,2.0,2.0,0,446.89,297.9266666666667,0.0,1,-1.0,1,5,5,0.49999999999999994,-0.8660254037844387,2.1972245773362196,2.6666666666666665,0,0.0,2.1972245773362196,0.0,0.0,0.0,2.1972245773362196,1.5030830967994517,1.215890421804794,0,0.3305660418204423,1,faux positif
R000867,2025-05-16,2025-06-09,Toscana,Firenze,culturelle_rurale,TOS-5-3,5,famille,Europe_Ouest,plateforme_en_ligne,avion_direct,24,6,2,2.0,1,petit_dejeuner,oui,aucun,262.42,5,1495.79,nouveau,0,0,1.0,0,0,0,1,0,AG013,1,0,0,0,0,0.0,1,4.0,4.0,1,373.9475,249.29833333333332,0.0,1,-1.0,1,6,5,1.2246467991473532e-16,-1.0,3.2188758248682006,4.0,0,0.0,3.2188758248682006,0.0,0.0,0.0,3.2188758248682006,1.097302947940623,1.215808005930319,1,0.3961152224668114,1,vrai positif
R001183,2025-05-16,2025-07-27,Toscana,Firenze,culturelle_rurale,TOS-3-3,3,affaires,Ameriques,plateforme_en_ligne,voiture,72,3,2,0.0,1,petit_dejeuner,non,partiel,237.53,2,698.34,nouveau,0,0,1.0,0,0,0,1,0,AG009,0,0,0,0,0,0.0,1,2.0,2.0,0,349.17,232.78,1.0,0,1.0,0,7,5,-0.4999999999999997,-0.8660254037844388,4.290459441148391,24.0,0,4.290459441148391,0.0,0.0,0.0,0.0,4.290459441148391,1.3805067999535046,1.058299360645147,0,0.20500062202085736,0,vrai négatif
R001613,2025-05-16,2025-07-06,Lombardia,Milano,affaires_lacs,LOM-5-1,5,loisirs_couple,Europe_Ouest,plateforme_en_ligne,train,51,4,2,0.0,1,demi_pension,non,total,260.36,1,1031.03,nouveau,0,0,0.0,0,0,0,0,0,AG017,0,0,0,0,0,0.0,1,2.0,2.0,0,515.515,257.7575,2.0,0,2.0,0,7,5,-0.4999999999999997,-0.8660254037844388,3.9512437185814275,12.75,0,7.902487437162855,0.0,0.0,0.0,0.0,0.0,0.9868475912519427,1.2972595914299951,0,0.14572291367306373,0,vrai négatif
R001773,2025-05-16,2025-06-21,Liguria,Genova,littorale,LIG-4-1,4,famille,Italie,site_hotel,voiture,36,2,2,2.0,1,aucune,oui,partiel,233.47,0,466.94,fidele,12,1,1.0,0,0,0,1,1,DIRECT,0,0,0,0,1,0.08333333333333333,0,4.0,4.0,1,116.735,233.47,1.0,1,0.0,0,6,5,1.2246467991473532e-16,-1.0,3.6109179126442243,18.0,0,3.6109179126442243,3.6109179126442243,3.6109179126442243,1.0,0.0,3.6109179126442243,1.292961178490336,1.2350622900521067,0,0.15824488350734417,0,vrai négatif
R003756,2025-05-16,2025-07-02,Veneto,Venezia,urbaine_littorale,VEN-3-3,3,famille,Italie,telephone,avion_direct,47,5,2,0.0,1,demi_pension,oui,aucun,191.67,2,939.18,nouveau,0,0,1.0,0,0,0,1,0,DIRECT,0,0,1,0,1,0.0,1,2.0,2.0,0,469.59,187.83599999999998,0.0,1,-1.0,1,7,5,-0.4999999999999997,-0.8660254037844388,3.8712010109078907,9.4,0,0.0,3.8712010109078907,3.8712010109078907,0.0,0.0,3.8712010109078907,1.0266787472647698,0.741513047178753,0,0.33375973878602494,1,faux positif
R004838,2025-05-16,2025-07-11,Campania,Napoli,urbaine_cotiere,CAM-4-1,4,groupe,Asie_Pacifique,plateforme_en_ligne,voiture,56,5,3,0.0,2,aucune,oui,aucun,261.27,8,2403.68,fidele,8,1,0.0,0,0,0,1,1,AG039,0,0,0,0,0,0.125,0,3.0,1.5,0,801.2266666666666,480.736,0.0,1,-1.0,1,7,5,-0.4999999999999997,-0.8660254037844388,4.04305126783455,11.2,0,0.0,4.04305126783455,0.0,0.0,0.0,0.0,1.3807007345558315,1.3187129337539432,0,0.44816221871036255,1,faux positif
R004974,2025-05-16,2025-07-02,Lazio,Roma,urbaine_culturelle,LAZ-5-2,5,loisirs_couple,Italie,plateforme_en_ligne,train,47,5,2,0.0,1,aucune,non,total,216.82,8,997.37,nouveau,0,0,1.0,0,0,0,0,0,AG012,0,0,0,0,0,0.0,1,2.0,2.0,0,498.685,199.474,2.0,0,2.0,0,7,5,-0.4999999999999997,-0.8660254037844388,3.8712010109078907,9.4,0,7.742402021815781,0.0,0.0,0.0,0.0,3.8712010109078907,0.9407323845886845,1.2564430100049633,0,0.1179697961046674,0,vrai négatif
R005420,2025-05-16,2025-06-25,Trentino-Alto_Adige,Bolzano,montagne,TRE-3-3,3,affaires,Inconnu,agence,voiture,40,1,2,0.0,1,demi_pension,oui,aucun,154.69,4,148.5,nouveau,0,0,0.0,1,0,0,0,0,AG035,0,0,0,0,0,0.0,1,2.0,2.0,0,74.25,148.5,0.0,1,-1.0,1,6,5,1.2246467991473532e-16,-1.0,3.713572066704308,40.0,1,0.0,3.713572066704308,0.0,0.0,3.713572066704308,0.0,1.0018133540573797,1.0015539009388152,0,0.39460899437623037,1,faux positif
R007950,2025-05-16,2025-06-12,Toscana,Firenze,culturelle_rurale,TOS-3-3,3,famille,Asie_Pacifique,site_hotel,train,27,3,2,3.0,2,petit_dejeuner,oui,aucun,172.88,7,964.67,nouveau,0,0,1.0,0,0,0,1,0,DIRECT,1,0,0,0,1,0.0,1,5.0,2.5,1,192.934,321.5566666666667,0.0,1,-1.0,1,6,5,1.2246467991473532e-16,-1.0,3.332204510175204,9.0,0,0.0,3.332204510175204,3.332204510175204,0.0,0.0,3.332204510175204,1.0047657793792864,0.8009636767976278,1,0.3072065509861537,1,vrai positif
R008130,2025-05-16,2025-05-29,Trentino-Alto_Adige,Bolzano,montagne,TRE-3-1,3,solo,Europe_Ouest,plateforme_en_ligne,voiture,13,3,1,0.0,1,petit_dejeuner,non,total,120.4,2,353.98,nouveau,0,0,0.0,0,0,0,0,0,AG032,0,0,0,0,0,0.0,1,1.0,1.0,0,353.98,117.99333333333334,2.0,0,2.0,0,5,5,0.49999999999999994,-0.8660254037844387,2.639057329615259,4.333333333333333,0,5.278114659230518,0.0,0.0,0.0,0.0,0.0,0.7485467375423545,0.7520299812617115,0,0.13058976953597579,0,vrai négatif
R009830,2025-05-16,2025-06-30,Trentino-Alto_Adige,Bolzano,montagne,TRE-3-3,3,famille,Italie,plateforme_en_ligne,train,45,3,2,1.0,1,aucune,oui,aucun,171.73,4,494.58,nouveau,0,0,0.0,0,0,0,0,0,AG004,0,0,0,0,0,0.0,1,3.0,3.0,1,164.85999999999999,164.85999999999999,0.0,1,-1.0,1,6,5,1.2246467991473532e-16,-1.0,3.828641396489095,15.0,0,0.0,3.828641396489095,0.0,0.0,0.0,0.0,1.1121689009779159,1.111880867594691,0,0.42808799137336984,1,faux positif
R000124,2025-05-17,2025-05-27,Veneto,Venezia,urbaine_littorale,VEN-3-3,3,affaires,Italie,telephone,train,10,1,2,0.0,1,petit_dejeuner,non,total,245.12,4,235.32,nouveau,0,0,1.0,0,0,0,1,0,DIRECT,0,0,0,0,1,0.0,1,2.0,2.0,0,117.66,235.32,2.0,0,2.0,0,5,5,0.49999999999999994,-0.8660254037844387,2.3978952727983707,10.0,0,4.795790545596741,0.0,2.3978952727983707,0.0,0.0,2.3978952727983707,1.3129832239241426,0.9703687575463668,0,0.07789826832664942,0,vrai négatif
R004015,2025-05-17,2025-06-09,Toscana,Firenze,culturelle_rurale,TOS-4-2,4,groupe,Ameriques,plateforme_en_ligne,avion_direct,23,2,6,0.0,3,aucune,non,partiel,205.76,5,1172.83,fidele,8,1,1.0,0,0,0,1,0,AG007,1,0,0,0,0,0.125,0,6.0,2.0,0,195.47166666666666,586.415,1.0,0,1.0,0,6,5,1.2246467991473532e-16,-1.0,3.1780538303479458,11.5,0,3.1780538303479458,0.0,0.0,0.0,0.0,3.1780538303479458,1.035322531951293,0.9532987398072645,1,0.22666019674811805,0,faux négatif
R005711,2025-05-17,2025-06-02,Lazio,Roma,urbaine_culturelle,LAZ-3-3,3,famille,Europe_Ouest,plateforme_en_ligne,train,16,5,2,3.0,2,petit_dejeuner,oui,partiel,206.42,3,2002.27,nouveau,0,0,1.0,0,0,0,1,0,AG020,0,0,0,0,0,0.0,1,5.0,2.5,1,400.454,400.454,1.0,1,0.0,0,6,5,1.2246467991473532e-16,-1.0,2.833213344056216,3.2,0,2.833213344056216,2.833213344056216,0.0,1.0,0.0,2.833213344056216,1.2333177860097215,0.8680586219222438,0,0.33230532088373177,1,faux positif
R006531,2025-05-17,2025-09-29,Sicilia,Palermo,insulaire_mixte,SIC-3-1,3,loisirs_couple,Europe_Centrale,plateforme_en_ligne,avion_correspondance,135,8,2,0.0,1,aucune,non,partiel,172.19,2,1349.97,nouveau,0,0,1.0,0,0,0,1,0,AG022,0,0,0,0,0,0.0,1,2.0,2.0,0,674.985,168.74625,1.0,0,1.0,0,9,5,-1.0,-1.8369701987210297e-16,4.912654885736052,16.875,0,4.912654885736052,0.0,0.0,0.0,0.0,4.912654885736052,1.17379597123283,0.9085105260380942,0,0.20472673284987986,0,vrai négatif
R007576,2025-05-17,2025-06-21,Toscana,Firenze,culturelle_rurale,TOS-3-3,3,famille,Asie_Pacifique,agence,train,35,4,2,3.0,2,petit_dejeuner,oui,aucun,180.34,4,1385.01,fidele,7,1,0.0,0,0,0,1,1,AG023,1,0,0,0,0,0.14285714285714285,0,5.0,2.5,1,277.002,346.2525,0.0,1,-1.0,1,6,5,1.2246467991473532e-16,-1.0,3.58351893845611,8.75,0,0.0,3.58351893845611,0.0,0.0,0.0,0.0,1.048122747878647,0.8355263157894737,1,0.44571003720598296,1,vrai positif
R008235,2025-05-17,2025-06-02,Lazio,Roma,urbaine_culturelle,LAZ-3-3,3,loisirs_couple,Italie,agence,avion_direct,16,5,2,1.0,1,petit_dejeuner,oui,aucun,183.49,6,862.4,nouveau,0,0,0.0,0,0,0,1,0,AG031,1,0,0,0,0,0.0,1,3.0,3.0,1,287.46666666666664,172.48,0.0,1,-1.0,1,6,5,1.2246467991473532e-16,-1.0,2.833213344056216,3.2,0,0.0,2.833213344056216,0.0,0.0,0.0,0.0,1.0963156697748464,0.7716310267246999,1,0.3619116367191379,1,vrai positif
R009841,2025-05-17,2025-06-01,Toscana,Firenze,culturelle_rurale,TOS-3-1,3,affaires,Italie,agence,voiture,15,2,2,0.0,1,demi_pension,oui,partiel,230.22,7,428.21,fidele,7,1,2.0,0,0,0,1,0,AG010,0,0,0,0,0,0.14285714285714285,0,2.0,2.0,0,214.105,214.105,1.0,1,0.0,0,6,5,1.2246467991473532e-16,-1.0,2.772588722239781,7.5,0,2.772588722239781,2.772588722239781,0.0,1.0,0.0,5.545177444479562,1.3502243335972552,1.0666234247590807,0,0.24266919535281933,1,faux positif
R003941,2025-05-18,2025-06-10,Sardegna,Cagliari,insulaire_balneaire,SAR-4-3,4,loisirs_couple,Italie,plateforme_en_ligne,avion_correspondance,23,10,2,0.0,1,petit_dejeuner,oui,partiel,220.5,8,2028.6,nouveau,0,0,1.0,0,0,0,1,0,AG001,0,0,0,0,0,0.0,1,2.0,2.0,0,1014.3,202.85999999999999,1.0,1,0.0,0,6,5,1.2246467991473532e-16,-1.0,3.1780538303479458,2.3,0,3.1780538303479458,3.1780538303479458,0.0,1.0,0.0,3.1780538303479458,1.097479033422094,0.9620628722267065,0,0.2795219004096156,1,faux positif
R005232,2025-05-18,2025-07-28,Sicilia,Palermo,insulaire_mixte,SIC-5-1,5,loisirs_couple,Europe_Ouest,agence,avion_direct,71,4,2,0.0,1,petit_dejeuner,oui,partiel,196.54,7,731.13,nouveau,0,0,0.0,0,4,0,1,0,AG042,0,0,0,0,0,0.0,1,2.0,2.0,0,365.565,182.7825,1.0,1,0.0,0,7,5,-0.4999999999999997,-0.8660254037844388,4.276666119016055,17.75,0,4.276666119016055,4.276666119016055,0.0,1.0,0.0,0.0,1.0846279076184433,1.068674895329237,0,0.2822908236805638,1,faux positif
R006836,2025-05-18,2025-07-05,Puglia,Bari,balneaire_rurale,PUG-4-1,4,loisirs_couple,Europe_Centrale,site_hotel,train,48,3,2,0.0,1,aucune,oui,partiel,165.51,0,496.53,nouveau,0,0,1.0,0,0,0,1,1,DIRECT,0,0,0,0,1,0.0,1,2.0,2.0,0,248.265,165.51,1.0,1,0.0,0,7,5,-0.4999999999999997,-0.8660254037844388,3.8918202981106265,16.0,0,3.8918202981106265,3.8918202981106265,3.8918202981106265,1.0,0.0,3.8918202981106265,1.0003021878399612,0.9737027885633605,0,0.19407394611713247,0,vrai négatif
R008589,2025-05-18,2025-06-09,Toscana,Firenze,culturelle_rurale,TOS-3-1,3,affaires,Ameriques,site_hotel,train,22,3,2,0.0,1,petit_dejeuner,oui,partiel,246.6,0,739.8,entreprise,4,0,1.0,1,0,0,1,0,DIRECT,1,0,0,0,1,0.0,0,2.0,2.0,0,369.9,246.6,1.0,1,0.0,0,6,5,1.2246467991473532e-16,-1.0,3.1354942159291497,7.333333333333333,1,3.1354942159291497,3.1354942159291497,3.1354942159291497,1.0,3.1354942159291497,3.1354942159291497,1.446291897598311,1.1425129725722758,1,0.2018258053755428,0,faux négatif
R008605,2025-05-18,2025-06-25,Trentino-Alto_Adige,Bolzano,montagne,TRE-3-3,3,loisirs_couple,Autres,plateforme_en_ligne,voiture,38,7,2,0.0,1,pension_complete,non,total,129.67,5,862.31,fidele,8,1,0.0,0,0,1,0,0,AG022,0,0,0,0,0,0.125,0,2.0,2.0,0,431.155,123.18714285714285,2.0,0,2.0,0,6,5,1.2246467991473532e-16,-1.0,3.6635616461296463,5.428571428571429,0,7.327123292259293,0.0,0.0,0.0,0.0,0.0,0.8397772165015218,0.8395597280673357,0,0.11467166371992173,0,vrai négatif
R008916,2025-05-18,2025-08-07,Veneto,Venezia,urbaine_littorale,VEN-5-1,5,solo,Italie,site_hotel,train,81,6,1,0.0,1,petit_dejeuner,oui,partiel,309.34,7,1726.12,fidele,1,0,2.0,1,0,1,1,0,DIRECT,0,0,0,0,1,0.0,0,1.0,1.0,0,1726.12,287.68666666666667,1.0,1,0.0,0,8,5,-0.8660254037844384,-0.5000000000000004,4.406719247264253,13.5,1,4.406719247264253,4.406719247264253,4.406719247264253,1.0,4.406719247264253,8.813438494528507,1.1442627802027074,1.2804867952645087,0,0.21489994710902316,0,vrai négatif
R009603,2025-05-18,2025-07-01,Lazio,Roma,urbaine_culturelle,LAZ-5-2,5,loisirs_couple,Europe_Centrale,agence,voiture,44,6,2,0.0,1,demi_pension,oui,aucun,243.31,0,1459.86,fidele,10,2,0.0,0,0,0,0,0,AG023,0,0,0,0,0,0.2,0,2.0,2.0,0,729.93,243.30999999999997,0.0,1,-1.0,1,7,5,-0.4999999999999997,-0.8660254037844388,3.8066624897703196,7.333333333333333,0,0.0,3.8066624897703196,0.0,0.0,0.0,0.0,1.055666435265533,1.4099490303676212,0,0.331245018661786,1,faux positif
R000052,2025-05-19,2025-06-17,Lazio,Roma,urbaine_culturelle,LAZ-5-1,5,groupe,Italie,site_hotel,voiture,29,5,3,0.0,3,aucune,oui,partiel,180.82,0,2712.3,fidele,10,2,0.0,0,15,0,1,0,DIRECT,0,0,0,0,1,0.2,0,3.0,1.0,0,904.1,542.46,1.0,1,0.0,0,6,5,1.2246467991473532e-16,-1.0,3.4011973816621555,5.8,0,3.4011973816621555,3.4011973816621555,3.4011973816621555,1.0,0.0,0.0,0.793888437644063,0.7604028680165689,0,0.20774816489604225,0,vrai négatif
R000176,2025-05-19,2025-07-01,Veneto,Venezia,urbaine_littorale,VEN-4-3,4,famille,Europe_Ouest,plateforme_en_ligne,voiture,43,2,2,2.0,1,petit_dejeuner,oui,aucun,282.12,3,547.31,nouveau,0,0,0.0,1,0,0,1,0,AG025,1,0,0,0,0,0.0,1,4.0,4.0,1,136.8275,273.655,0.0,1,-1.0,1,7,5,-0.4999999999999997,-0.8660254037844388,3.784189633918261,21.5,1,0.0,3.784189633918261,0.0,0.0,3.784189633918261,0.0,1.2926756626726843,1.091436640424009,1,0.4195621512715115,1,vrai positif
R000351,2025-05-19,2025-06-01,Lazio,Roma,urbaine_culturelle,LAZ-4-1,4,loisirs_couple,Europe_Centrale,telephone,voiture,13,4,2,0.0,1,petit_dejeuner,oui,aucun,259.34,5,985.49,nouveau,0,0,1.0,1,0,0,1,0,DIRECT,0,0,0,0,1,0.0,1,2.0,2.0,0,492.745,246.3725,0.0,1,-1.0,1,6,5,1.2246467991473532e-16,-1.0,2.639057329615259,3.25,1,0.0,2.639057329615259,2.639057329615259,0.0,2.639057329615259,2.639057329615259,1.2697806502154327,1.0906032506991314,0,0.3111862465271747,1,faux positif
R000982,2025-05-19,2025-06-09,Veneto,Venezia,urbaine_littorale,VEN-4-3,4,loisirs_couple,Italie,site_hotel,train,21,4,2,0.0,1,petit_dejeuner,non,aucun,257.09,5,976.94,fidele,6,1,1.0,0,0,0,1,0,DIRECT,0,0,0,0,1,0.16666666666666666,0,2.0,2.0,0,488.47,244.235,0.0,0,0.0,0,6,5,1.2246467991473532e-16,-1.0,3.091042453358316,5.25,0,0.0,0.0,3.091042453358316,0.0,0.0,3.091042453358316,1.1779880409631376,1.0347131386714428,0,0.2339082275900991,0,vrai négatif
R005437,2025-05-19,2025-06-21,Puglia,Bari,balneaire_rurale,PUG-4-3,4,loisirs_couple,Italie,plateforme_en_ligne,avion_direct,33,4,2,0.0,1,aucune,non,total,222.79,7,828.78,fidele,4,0,0.0,1,0,0,1,1,AG023,0,0,1,0,0,0.0,0,2.0,2.0,0,414.39,207.195,2.0,0,2.0,0,6,5,1.2246467991473532e-16,-1.0,3.5263605246161616,8.25,1,7.052721049232323,0.0,0.0,0.0,3.5263605246161616,0.0,1.4872496662216286,1.3253420582986317,0,0.13869401379020868,0,vrai négatif
R009367,2025-05-19,2025-05-25,Veneto,Venezia,urbaine_littorale,VEN-5-2,5,affaires,Europe_Centrale,plateforme_en_ligne,voiture,6,3,2,0.0,1,petit_dejeuner,non,partiel,286.2,0,858.6,fidele,5,1,2.0,1,0,0,1,0,AG017,0,0,0,0,0,0.2,0,2.0,2.0,0,429.3,286.2,1.0,0,1.0,0,5,5,0.49999999999999994,-0.8660254037844387,1.9459101490553132,2.0,1,1.9459101490553132,0.0,0.0,0.0,1.9459101490553132,3.8918202981106265,1.1558499252857315,1.1329942004315037,0,0.21796356900918923,0,vrai négatif
R002317,2025-05-20,2025-06-03,Lazio,Roma,urbaine_culturelle,LAZ-5-2,5,affaires,Italie,plateforme_en_ligne,train,14,2,2,0.0,1,demi_pension,non,partiel,232.88,4,447.13,entreprise,2,0,0.0,0,0,0,1,0,AG040,0,0,0,0,0,0.0,0,2.0,2.0,0,223.565,223.565,1.0,0,1.0,0,6,5,1.2246467991473532e-16,-1.0,2.70805020110221,7.0,0,2.70805020110221,0.0,0.0,0.0,0.0,0.0,1.01041305102395,0.9793309363106877,0,0.20030895042504596,0,vrai négatif
R002660,2025-05-20,2025-10-07,Lombardia,Milano,affaires_lacs,LOM-4-1,4,loisirs_couple,Europe_Ouest,telephone,avion_direct,140,6,2,0.0,1,aucune,oui,aucun,216.9,8,1197.29,fidele,1,0,1.0,0,0,0,1,0,DIRECT,1,0,0,0,1,0.0,0,2.0,2.0,0,598.645,199.54833333333332,0.0,1,-1.0,1,10,5,-0.8660254037844386,0.5000000000000001,4.948759890378168,23.333333333333332,0,0.0,4.948759890378168,4.948759890378168,0.0,0.0,4.948759890378168,0.9820256259338073,0.8004280758727581,1,0.30529981912420806,1,vrai positif
R002720,2025-05-20,2025-05-29,Veneto,Venezia,urbaine_littorale,VEN-4-1,4,loisirs_couple,Europe_Ouest,agence,voiture,9,4,2,0.0,1,petit_dejeuner,non,partiel,249.1,8,916.69,nouveau,0,0,0.0,1,0,0,1,0,AG009,0,0,0,0,0,0.0,1,2.0,2.0,0,458.345,229.1725,1.0,0,1.0,0,5,5,0.49999999999999994,-0.8660254037844387,2.302585092994046,2.25,1,2.302585092994046,0.0,0.0,0.0,2.302585092994046,0.0,1.1289628135693082,0.9861245818570494,0,0.19121901059533944,0,vrai négatif
R003970,2025-05-20,2025-06-17,Toscana,Firenze,culturelle_rurale,TOS-5-2,5,groupe,Ameriques,agence,avion_direct,28,2,3,0.0,3,demi_pension,non,total,233.84,4,1346.92,nouveau,0,0,1.0,1,0,0,1,0,AG032,0,0,0,0,0,0.0,1,3.0,1.0,0,448.97333333333336,673.46,2.0,0,2.0,0,6,5,1.2246467991473532e-16,-1.0,3.367295829986474,14.0,1,6.734591659972948,0.0,0.0,0.0,3.367295829986474,3.367295829986474,1.0069761433123763,1.0833951074870274,0,0.1305226639398759,0,vrai négatif
R005554,2025-05-20,2025-06-04,Lazio,Roma,urbaine_culturelle,LAZ-3-3,3,famille,Europe_Centrale,telephone,train,15,4,2,3.0,2,aucune,non,total,157.22,6,1182.29,fidele,6,1,0.0,0,0,0,1,0,DIRECT,1,0,0,0,1,0.16666666666666666,0,5.0,2.5,1,236.458,295.5725,2.0,0,2.0,0,6,5,1.2246467991473532e-16,-1.0,2.772588722239781,3.75,0,5.545177444479562,0.0,2.772588722239781,0.0,0.0,0.0,0.9393577284974732,0.6611577198847747,1,0.10924683345598304,0,faux négatif
R006152,2025-05-20,2025-07-30,Puglia,Bari,balneaire_rurale,PUG-4-3,4,famille,Europe_Ouest,agence,avion_direct,71,7,2,3.0,2,petit_dejeuner,oui,aucun,199.41,3,2707.99,nouveau,0,0,1.0,1,0,0,1,0,AG009,0,0,0,0,0,0.0,1,5.0,2.5,1,541.598,386.85571428571427,0.0,1,-1.0,1,7,5,-0.4999999999999997,-0.8660254037844388,4.276666119016055,10.142857142857142,1,0.0,4.276666119016055,0.0,0.0,4.276666119016055,4.276666119016055,1.3311748998664885,1.1731380162372045,0,0.46903579713962484,1,faux positif
R007862,2025-05-20,2025-06-16,Lombardia,Milano,affaires_lacs,LOM-4-3,4,affaires,Europe_Ouest,plateforme_en_ligne,avion_direct,27,2,2,0.0,1,aucune,non,total,159.92,6,300.65,entreprise,12,2,2.0,1,0,0,0,0,AG039,0,0,0,0,0,0.16666666666666666,0,2.0,2.0,0,150.325,150.325,2.0,0,2.0,0,6,5,1.2246467991473532e-16,-1.0,3.332204510175204,13.5,1,6.664409020350408,0.0,0.0,0.0,3.332204510175204,6.664409020350408,0.7212375411536553,0.7465919701213818,0,0.07246397487294944,0,vrai négatif
R007888,2025-05-20,2025-08-14,Lazio,Roma,urbaine_culturelle,LAZ-3-2,3,loisirs_couple,Italie,agence,train,86,6,2,0.0,1,petit_dejeuner,oui,aucun,165.57,8,913.95,nouveau,0,0,1.0,0,0,0,0,0,AG018,0,0,0,0,0,0.0,1,2.0,2.0,0,456.975,152.32500000000002,0.0,1,-1.0,1,8,5,-0.8660254037844384,-0.5000000000000004,4.465908118654584,14.333333333333334,0,0.0,4.465908118654584,0.0,0.0,0.0,4.465908118654584,0.9646071834309183,0.9134392585236677,0,0.4130113624289833,1,faux positif
R009717,2025-05-20,2025-06-03,Veneto,Venezia,urbaine_littorale,VEN-3-1,3,groupe,Ameriques,site_hotel,train,14,3,4,0.0,3,demi_pension,oui,partiel,192.42,4,1662.51,nouveau,0,0,1.0,0,0,0,1,0,DIRECT,0,0,0,0,1,0.0,1,4.0,1.3333333333333333,0,415.6275,554.17,1.0,1,0.0,0,6,5,1.2246467991473532e-16,-1.0,2.70805020110221,4.666666666666667,0,2.70805020110221,2.70805020110221,2.70805020110221,1.0,0.0,2.70805020110221,0.9797601771939204,0.7744350310908982,0,0.28786056564050244,1,faux positif
R000441,2025-05-21,2025-07-08,Toscana,Firenze,culturelle_rurale,TOS-4-3,4,famille,Europe_Centrale,agence,voiture,48,3,2,1.0,1,aucune,oui,aucun,296.39,2,871.39,fidele,11,2,1.0,0,0,1,1,0,AG029,0,0,0,0,0,0.18181818181818182,0,3.0,3.0,1,290.4633333333333,290.4633333333333,0.0,1,-1.0,1,7,5,-0.4999999999999997,-0.8660254037844388,3.8918202981106265,16.0,0,0.0,3.8918202981106265,0.0,0.0,0.0,3.8918202981106265,1.4590071131457827,1.3205462362716924,0,0.32351790122548857,1,faux positif
R001223,2025-05-21,2025-07-01,Lombardia,Milano,affaires_lacs,LOM-4-3,4,loisirs_couple,Europe_Ouest,entreprise,avion_correspondance,41,7,2,0.0,1,petit_dejeuner,non,total,193.95,6,1276.19,nouveau,0,0,0.0,0,0,0,0,0,DIRECT,1,0,0,0,1,0.0,1,2.0,2.0,0,638.095,182.31285714285715,2.0,0,2.0,0,7,5,-0.4999999999999997,-0.8660254037844388,3.7376696182833684,5.857142857142857,0,7.475339236566737,0.0,3.7376696182833684,0.0,0.0,0.0,0.8747124881612772,0.9663677130044843,1,0.0497615654563192,0,faux négatif
R001687,2025-05-21,2025-07-30,Sardegna,Cagliari,insulaire_balneaire,SAR-4-3,4,loisirs_couple,Europe_Ouest,agence,avion_correspondance,70,5,2,0.0,1,petit_dejeuner,non,partiel,178.18,7,828.54,nouveau,0,0,0.0,0,10,0,1,0,AG042,0,0,0,0,0,0.0,1,2.0,2.0,0,414.27,165.708,1.0,0,1.0,0,7,5,-0.4999999999999997,-0.8660254037844388,4.2626798770413155,14.0,0,4.2626798770413155,0.0,0.0,0.0,0.0,0.0,0.8868426946718763,0.7125632360880606,0,0.15112562809771776,0,vrai négatif
R002377,2025-05-21,2025-09-22,Puglia,Bari,balneaire_rurale,PUG-3-3,3,loisirs_couple,Ameriques,agence,voiture,124,7,2,1.0,1,aucune,non,total,175.12973760932948,2,1201.39,nouveau,0,0,1.0,0,0,0,1,0,AG002,0,1,0,0,0,0.0,1,3.0,3.0,1,400.46333333333337,171.62714285714287,2.0,0,2.0,0,9,5,-1.0,-1.8369701987210297e-16,4.8283137373023015,17.714285714285715,0,9.656627474604603,0.0,0.0,0.0,0.0,4.8283137373023015,1.2562207704564199,1.033884748859611,0,0.07711905773752958,0,vrai négatif
R004237,2025-05-21,2025-06-04,Puglia,Bari,balneaire_rurale,PUG-4-1,4,solo,Italie,plateforme_en_ligne,voiture,14,4,1,0.0,1,petit_dejeuner,non,total,140.0,5,532.0,nouveau,0,0,1.0,0,0,0,1,0,AG024,0,0,0,0,0,0.0,1,1.0,1.0,0,532.0,133.0,2.0,0,2.0,0,6,5,1.2246467991473532e-16,-1.0,2.70805020110221,3.5,0,5.41610040220442,0.0,0.0,0.0,0.0,2.70805020110221,0.8461259518916958,0.8328375966686496,0,0.10707069419124929,0,vrai négatif
R004395,2025-05-21,2026-05-29,Campania,Napoli,urbaine_cotiere,CAM-3-3,3,loisirs_couple,Italie,plateforme_en_ligne,voiture,373,6,2,0.0,1,petit_dejeuner,non,total,181.77,3,1057.9,nouveau,0,0,0.0,1,0,0,1,1,AG035,1,0,0,0,0,0.0,1,2.0,2.0,0,528.95,176.3166666666667,2.0,0,2.0,0,5,5,0.49999999999999994,-0.8660254037844387,5.924255797414532,62.166666666666664,1,11.848511594829064,0.0,0.0,0.0,5.924255797414532,0.0,1.096221692850466,0.9284400858106038,1,0.39530962885895005,1,vrai positif
R004787,2025-05-21,2025-06-15,Veneto,Venezia,urbaine_littorale,VEN-4-1,4,loisirs_couple,Europe_Ouest,site_hotel,train,25,6,2,0.0,1,aucune,oui,aucun,318.7894736842106,5,1817.1,nouveau,0,0,0.0,1,0,0,1,0,DIRECT,0,1,0,0,1,0.0,1,2.0,2.0,0,908.55,302.84999999999997,0.0,1,-1.0,1,6,5,1.2246467991473532e-16,-1.0,3.258096538021482,4.166666666666667,1,0.0,3.258096538021482,3.258096538021482,0.0,3.258096538021482,0.0,1.4448071503284035,1.2830357341444896,0,0.24717803637540403,1,faux positif
R006432,2025-05-21,2025-06-08,Veneto,Venezia,urbaine_littorale,VEN-4-2,4,solo,Autres,agence,train,18,3,1,0.0,1,demi_pension,oui,aucun,305.62,1,907.69,fidele,3,0,1.0,0,0,0,1,0,AG041,0,0,0,0,0,0.0,0,1.0,1.0,0,907.69,302.56333333333333,0.0,1,-1.0,1,6,5,1.2246467991473532e-16,-1.0,2.9444389791664403,6.0,0,0.0,2.9444389791664403,0.0,0.0,0.0,2.9444389791664403,1.3524205681918753,1.2300323989294268,0,0.3078632224874671,1,faux positif
R007535,2025-05-21,2025-06-04,Veneto,Venezia,urbaine_littorale,VEN-4-3,4,affaires,Italie,plateforme_en_ligne,voiture,14,2,2,0.0,1,aucune,oui,partiel,245.57,7,456.76,nouveau,0,0,1.0,1,0,0,1,0,AG030,0,0,0,0,0,0.0,1,2.0,2.0,0,228.38,228.38,1.0,1,0.0,0,6,5,1.2246467991473532e-16,-1.0,2.70805020110221,7.0,1,2.70805020110221,2.70805020110221,0.0,1.0,2.70805020110221,2.70805020110221,1.1252033265366903,0.9883484595415855,0,0.2823198520142296,1,faux positif
R007896,2025-05-21,2025-06-06,Campania,Napoli,urbaine_cotiere,CAM-3-2,3,loisirs_couple,Asie_Pacifique,plateforme_en_ligne,avion_direct,16,4,2,0.0,1,aucune,oui,partiel,207.16,6,778.92,nouveau,0,0,1.0,0,0,1,1,1,AG019,1,0,0,0,0,0.0,1,2.0,2.0,0,389.46,194.73,1.0,1,0.0,0,6,5,1.2246467991473532e-16,-1.0,2.833213344056216,4.0,0,2.833213344056216,2.833213344056216,0.0,1.0,0.0,2.833213344056216,1.2132357247437775,0.9847879825061798,1,0.266251030009569,1,vrai positif
R008927,2025-05-21,2026-02-01,Sicilia,Palermo,insulaire_mixte,SIC-5-2,5,famille,Europe_Centrale,plateforme_en_ligne,avion_direct,256,6,2,1.0,1,pension_complete,non,aucun,176.88,2,1040.05,nouveau,0,0,1.0,0,0,0,0,0,AG037,1,0,0,0,0,0.0,1,3.0,3.0,1,346.68333333333334,173.34166666666667,0.0,0,0.0,0,2,5,0.8660254037844386,0.5000000000000001,5.54907608489522,42.666666666666664,0,0.0,0.0,0.0,0.0,0.0,5.54907608489522,0.9764014241947503,1.12483306836248,1,0.5673582903946714,1,vrai positif
R009078,2025-05-21,2025-06-22,Veneto,Venezia,urbaine_littorale,VEN-5-2,5,groupe,Ameriques,entreprise,train,32,3,3,0.0,2,demi_pension,non,partiel,263.99,14,1362.19,nouveau,0,0,0.0,0,0,0,1,0,DIRECT,0,0,0,0,1,0.0,1,3.0,1.5,0,454.06333333333333,454.06333333333333,1.0,0,1.0,0,6,5,1.2246467991473532e-16,-1.0,3.4965075614664802,10.666666666666666,0,3.4965075614664802,0.0,3.4965075614664802,0.0,0.0,0.0,1.066152417107548,1.062483649608597,0,0.13249455145554564,0,vrai négatif
R000692,2025-05-22,2025-05-29,Campania,Napoli,urbaine_cotiere,CAM-3-1,3,famille,Italie,agence,train,7,2,2,1.0,1,petit_dejeuner,oui,aucun,187.95,0,375.9,nouveau,0,0,0.0,0,0,0,1,0,AG012,1,0,0,0,0,0.0,1,3.0,3.0,1,125.3,187.95,0.0,1,-1.0,1,5,5,0.49999999999999994,-0.8660254037844387,2.0794415416798357,3.5,0,0.0,2.0794415416798357,0.0,0.0,0.0,0.0,1.1584689349112425,0.9600061293288384,1,0.41128586538257705,1,vrai positif
R001185,2025-05-22,2025-06-25,Liguria,Genova,littorale,LIG-3-3,3,affaires,Europe_Ouest,site_hotel,voiture,34,2,2,0.0,1,petit_dejeuner,non,total,213.49,1,422.71,nouveau,0,0,1.0,1,0,1,1,0,DIRECT,1,0,0,0,1,0.0,1,2.0,2.0,0,211.355,211.355,2.0,0,2.0,0,6,5,1.2246467991473532e-16,-1.0,3.5553480614894135,17.0,1,7.110696122978827,0.0,3.5553480614894135,0.0,3.5553480614894135,3.5553480614894135,1.3524865378523916,1.1293675774327505,1,0.07827939946640769,0,faux négatif
R003197,2025-05-22,2025-06-07,Veneto,Venezia,urbaine_littorale,VEN-5-3,5,groupe,Italie,plateforme_en_ligne,train,16,3,4,0.0,4,petit_dejeuner,non,total,277.92,2,3268.34,nouveau,0,0,3.0,0,0,0,1,1,AG018,0,0,0,0,0,0.0,1,4.0,1.0,0,817.085,1089.4466666666667,2.0,0,2.0,0,6,5,1.2246467991473532e-16,-1.0,2.833213344056216,5.333333333333333,0,5.666426688112432,0.0,0.0,0.0,0.0,8.49964003216865,1.0749593873288465,1.118547884007808,0,0.10450679982951723,0,vrai négatif
R003325,2025-05-22,2025-08-29,Veneto,Venezia,urbaine_littorale,VEN-4-2,4,famille,Ameriques,site_hotel,voiture,99,5,2,1.0,1,petit_dejeuner,oui,partiel,284.45,0,1422.25,fidele,3,1,1.0,0,0,0,1,1,DIRECT,0,0,0,0,1,0.3333333333333333,0,3.0,3.0,1,474.0833333333333,284.45,1.0,1,0.0,0,8,5,-0.8660254037844384,-0.5000000000000004,4.605170185988092,19.8,0,4.605170185988092,4.605170185988092,4.605170185988092,1.0,0.0,4.605170185988092,1.2587397114788919,1.1774567431078733,0,0.32211144115749046,1,faux positif
R005090,2025-05-22,2025-06-05,Veneto,Venezia,urbaine_littorale,VEN-4-1,4,affaires,Europe_Centrale,entreprise,voiture,14,2,2,0.0,1,petit_dejeuner,oui,aucun,196.22988505747125,13,341.44,entreprise,1,0,0.0,0,0,0,1,0,DIRECT,0,1,0,0,1,0.0,0,2.0,2.0,0,170.72,170.72,0.0,1,-1.0,1,6,5,1.2246467991473532e-16,-1.0,2.70805020110221,7.0,0,0.0,2.70805020110221,2.70805020110221,0.0,0.0,0.0,0.8893466203968875,0.7897687201717396,0,0.12116566339315137,0,vrai négatif
R006916,2025-05-22,2025-08-12,Lombardia,Milano,affaires_lacs,LOM-3-1,3,loisirs_couple,Asie_Pacifique,agence,train,82,7,2,0.0,1,aucune,oui,aucun,138.76,8,893.61,nouveau,0,0,0.0,0,0,0,0,0,AG028,1,0,0,0,0,0.0,1,2.0,2.0,0,446.805,127.65857142857143,0.0,1,-1.0,1,8,5,-0.8660254037844384,-0.5000000000000004,4.418840607796598,11.714285714285714,0,0.0,4.418840607796598,0.0,0.0,0.0,0.0,0.7098242831930838,0.6502952479145186,1,0.3843459076107668,1,vrai positif
R007840,2025-05-22,2025-06-16,Veneto,Venezia,urbaine_littorale,VEN-3-1,3,famille,Italie,plateforme_en_ligne,train,25,5,2,3.0,2,aucune,oui,aucun,221.88,6,2085.67,nouveau,0,0,1.0,0,0,0,1,0,AG008,1,0,0,0,0,0.0,1,5.0,2.5,1,417.134,417.134,0.0,1,-1.0,1,6,5,1.2246467991473532e-16,-1.0,3.258096538021482,5.0,0,0.0,3.258096538021482,0.0,0.0,0.0,3.258096538021482,1.1297639960284123,0.8930030386573562,1,0.44713219462390935,1,vrai positif
R000354,2025-05-23,2025-06-04,Lazio,Roma,urbaine_culturelle,LAZ-4-2,4,groupe,Europe_Ouest,telephone,train,12,5,5,0.0,3,pension_complete,oui,aucun,211.49,1,3140.63,nouveau,0,0,0.0,0,0,0,1,0,DIRECT,0,0,0,0,1,0.0,1,5.0,1.6666666666666667,0,628.126,628.126,0.0,1,-1.0,1,6,5,1.2246467991473532e-16,-1.0,2.5649493574615367,2.4,0,0.0,2.5649493574615367,2.5649493574615367,0.0,0.0,0.0,1.0436220083888479,0.889379507559032,0,0.3298425611978987,1,faux positif
R000837,2025-05-23,2025-07-01,Lazio,Roma,urbaine_culturelle,LAZ-4-3,4,loisirs_couple,Europe_Ouest,telephone,train,39,3,2,0.0,1,petit_dejeuner,oui,aucun,142.45,3,414.53,fidele,10,2,2.0,0,0,0,0,0,DIRECT,0,0,0,0,1,0.2,0,2.0,2.0,0,207.265,138.17666666666665,0.0,1,-1.0,1,7,5,-0.4999999999999997,-0.8660254037844388,3.6888794541139363,13.0,0,0.0,3.6888794541139363,3.6888794541139363,0.0,0.0,7.3777589082278725,0.6896969110099738,0.8254787693718615,0,0.2504878689595225,1,faux positif
R003029,2025-05-23,2025-07-10,Puglia,Bari,balneaire_rurale,PUG-4-3,4,affaires,Europe_Ouest,entreprise,train,48,1,2,0.0,1,petit_dejeuner,non,total,154.68539325842696,11,137.67,fidele,11,1,1.0,0,0,0,1,0,DIRECT,0,1,0,0,1,0.09090909090909091,0,2.0,2.0,0,68.835,137.67,2.0,0,2.0,0,7,5,-0.4999999999999997,-0.8660254037844388,3.8918202981106265,48.0,0,7.783640596221253,0.0,3.8918202981106265,0.0,0.0,3.8918202981106265,1.032612772085627,0.9100211393012528,0,0.03585431394021301,0,vrai négatif
R003422,2025-05-23,2025-07-25,Trentino-Alto_Adige,Bolzano,montagne,TRE-3-3,3,loisirs_couple,Europe_Ouest,agence,voiture,63,5,2,0.0,1,petit_dejeuner,oui,partiel,183.43,8,843.78,fidele,2,0,0.0,0,0,0,1,1,AG011,1,0,0,0,0,0.0,0,2.0,2.0,0,421.89,168.756,1.0,1,0.0,0,7,5,-0.4999999999999997,-0.8660254037844388,4.1588830833596715,12.6,0,4.1588830833596715,4.1588830833596715,0.0,1.0,0.0,0.0,1.1879411955184251,0.8577106518282989,1,0.2309624374980483,0,faux négatif
R006209,2025-05-23,2025-06-02,Veneto,Venezia,urbaine_littorale,VEN-4-3,4,affaires,Europe_Centrale,site_hotel,train,10,2,2,0.0,1,aucune,non,aucun,195.15,12,343.46,entreprise,1,0,0.0,0,13,0,1,0,DIRECT,0,0,0,0,1,0.0,0,2.0,2.0,0,171.73,171.73,0.0,0,0.0,0,6,5,1.2246467991473532e-16,-1.0,2.3978952727983707,5.0,0,0.0,0.0,2.3978952727983707,0.0,0.0,0.0,0.8941785607917707,0.7854224941138592,0,0.1606470169266784,0,vrai négatif
R009779,2025-05-23,2025-08-19,Sardegna,Cagliari,insulaire_balneaire,SAR-4-3,4,solo,Italie,site_hotel,avion_direct,88,8,1,0.0,1,petit_dejeuner,oui,aucun,264.91,9,1928.54,nouveau,0,0,0.0,0,0,0,1,0,DIRECT,0,0,0,0,1,0.0,1,1.0,1.0,0,1928.54,241.0675,0.0,1,-1.0,1,8,5,-0.8660254037844384,-0.5000000000000004,4.48863636973214,11.0,0,0.0,4.48863636973214,4.48863636973214,0.0,0.0,0.0,1.3185177811512332,1.2168301141452886,0,0.39869637813640224,1,faux positif
R000145,2025-05-24,2025-06-15,Lombardia,Milano,affaires_lacs,LOM-5-3,5,loisirs_couple,Europe_Ouest,site_hotel,train,22,7,2,0.0,1,pension_complete,oui,total,286.97,5,1908.35,nouveau,0,0,2.0,1,0,0,0,0,DIRECT,1,0,0,0,1,0.0,1,2.0,2.0,0,954.175,272.62142857142857,2.0,1,1.0,0,6,5,1.2246467991473532e-16,-1.0,3.1354942159291497,3.142857142857143,1,6.270988431858299,3.1354942159291497,3.1354942159291497,2.0,3.1354942159291497,6.270988431858299,1.0557354131410495,1.3397292250233428,1,0.07996149169008653,0,faux négatif
R000246,2025-05-24,2025-06-23,Veneto,Venezia,urbaine_littorale,VEN-3-3,3,solo,Ameriques,plateforme_en_ligne,avion_direct,30,3,1,0.0,1,demi_pension,oui,aucun,213.5,8,589.26,nouveau,0,0,0.0,1,0,0,1,0,AG009,0,0,0,0,0,0.0,1,1.0,1.0,0,589.26,196.42,0.0,1,-1.0,1,6,5,1.2246467991473532e-16,-1.0,3.4339872044851463,10.0,1,0.0,3.4339872044851463,0.0,0.0,3.4339872044851463,0.0,1.1436109591539019,0.8592759543597691,0,0.45013566622612766,1,faux positif
R000266,2025-05-24,2025-09-01,Lombardia,Milano,affaires_lacs,LOM-4-1,4,famille,Ameriques,plateforme_en_ligne,avion_direct,100,5,2,3.0,2,petit_dejeuner,oui,aucun,394.04,6,3703.98,fidele,12,2,0.0,0,0,1,1,0,AG005,0,0,0,0,0,0.16666666666666666,0,5.0,2.5,1,740.796,740.796,0.0,1,-1.0,1,9,5,-1.0,-1.8369701987210297e-16,4.61512051684126,20.0,0,0.0,4.61512051684126,0.0,0.0,0.0,0.0,1.7840358581971296,1.4546125733692645,0,0.4036777962828287,1,faux positif
R000512,2025-05-24,2025-06-27,Toscana,Firenze,culturelle_rurale,TOS-3-1,3,solo,Italie,site_hotel,voiture,34,3,1,0.0,1,petit_dejeuner,oui,aucun,259.35,4,746.93,nouveau,0,0,1.0,0,0,0,1,1,DIRECT,0,0,0,0,1,0.0,1,1.0,1.0,0,746.93,248.97666666666666,0.0,1,-1.0,1,6,5,1.2246467991473532e-16,-1.0,3.5553480614894135,11.333333333333334,0,0.0,3.5553480614894135,3.5553480614894135,0.0,0.0,3.5553480614894135,1.5210697633500485,1.2015845070422535,0,0.3355997548455743,1,faux positif
R001841,2025-05-24,2025-07-05,Liguria,Genova,littorale,LIG-4-3,4,famille,Europe_Ouest,plateforme_en_ligne,voiture,42,2,2,0.0,2,aucune,non,total,185.97,2,729.0,nouveau,0,0,0.0,0,0,0,1,1,AG004,0,0,1,0,0,0.0,1,2.0,1.0,0,364.5,364.5,2.0,0,2.0,0,7,5,-0.4999999999999997,-0.8660254037844388,3.7612001156935624,21.0,0,7.522400231387125,0.0,0.0,0.0,0.0,0.0,1.0728006922411306,0.8663669609373181,0,0.13212466046597232,0,vrai négatif
R001845,2025-05-24,2025-07-11,Lazio,Roma,urbaine_culturelle,LAZ-4-1,4,groupe,Italie,agence,voiture,48,5,5,0.0,2,aucune,non,total,196.27,5,1864.57,nouveau,0,0,1.0,0,0,0,0,1,AG023,1,0,0,0,0,0.0,1,5.0,2.5,0,372.914,372.914,2.0,0,2.0,0,7,5,-0.4999999999999997,-0.8660254037844388,3.8918202981106265,9.6,0,7.783640596221253,0.0,0.0,0.0,0.0,3.8918202981106265,0.9609772816294555,1.1373584981720974,1,0.12125081639497153,0,faux négatif
