y,proba,pli
0,0.0859392281077498,1
0,0.3365483750864539,1
1,0.2552722153906716,1
0,0.20382862607595303,1
0,0.3367905401996741,1
0,0.21713438059411594,1
1,0.3272523651409468,1
0,0.3225263337492994,1
0,0.31537373623836595,1
0,0.4321792367274153,1
0,0.3077639026697779,1
0,0.3449786667558922,1
0,0.19196432443788886,1
0,0.19505329056130283,1
1,0.5661025606839427,1
0,0.20879988033460667,1
0,0.2213334641472719,1
0,0.15547986083486212,1
0,0.2727491991704253,1
0,0.11601258735118072,1
1,0.26976121823470645,1
1,0.3126440030592325,1
0,0.056963036975215,1
1,0.4365095525372156,1
0,0.24720331994503855,1
1,0.16607950997607213,1
0,0.2323970450016845,1
1,0.3823572105712791,1
0,0.49427648569691973,1
1,0.29564908083590513,1
0,0.3332901983139769,1
1,0.4247987619334104,1
0,0.17898053519469004,1
0,0.19821221662043848,1
0,0.39201828928813276,1
0,0.5023238068222938,1
0,0.4478746438897425,1
0,0.3279338611444531,1
0,0.2913020516059474,1
0,0.28910373147196755,1
0,0.1857146977844313,1
0,0.3438069933788458,1
1,0.4624828265929587,1
1,0.6293490848125635,1
1,0.28125239359790166,1
0,0.08079409122466248,1
1,0.2172794634425898,1
0,0.08329579954861874,1
0,0.3261110113176607,1
1,0.08768848448385028,1
1,0.4804886250753115,1
0,0.14981962005509514,1
0,0.27090015271285073,1
0,0.08603353513078944,1
0,0.5568422239248308,1
0,0.08526458315554146,1
0,0.6332584310314792,1
0,0.40743975577795755,1
0,0.1263154307260834,1
0,0.07866387428127358,1
1,0.31603979991506587,1
0,0.15203303909954335,1
0,0.4474986317509333,1
1,0.5155617353159228,1
0,0.07099114161478212,1
0,0.5673702657417714,1
0,0.1535602348966369,1
1,0.6013892548251102,1
0,0.21592312931831356,1
1,0.4865430325101092,1
0,0.07757679622155646,1
1,0.26026998143496916,1
0,0.16889913993712163,1
0,0.1351660188153035,1
0,0.21393091804040787,1
0,0.3064031628435475,1
0,0.45815267837802887,1
0,0.21976910202644961,1
0,0.1894908139304282,1
1,0.398598394132107,1
0,0.3686190310698931,1
0,0.24160464246582258,1
0,0.08702690531171217,1
0,0.07606849198255977,1
0,0.260254972703578,1
0,0.14457406108412213,1
0,0.4180709849844648,1
0,0.05796029650060243,1
0,0.06904955756351433,1
1,0.5741653297059799,1
0,0.13730808800616817,1
0,0.3093231154141134,1
0,0.2045961337172705,1
1,0.4940762775666653,1
1,0.09251897950364668,1
0,0.4009718547926304,1
0,0.263377518049709,1
0,0.4586700717375295,1
1,0.3491714673743608,1
0,0.20616262819527448,1
1,0.21751250236158848,1
0,0.13597593148852327,1
0,0.162430729144026,1
0,0.36864793503917176,1
1,0.44351868418019996,1
0,0.07186727330780035,1
0,0.1695233905956674,1
0,0.7353089781620537,1
0,0.15639239935658647,1
0,0.2660682506271257,1
0,0.5074991192103191,1
0,0.2854568059384419,1
1,0.5876211046027502,1
0,0.2623463594578156,1
0,0.2764333430438024,1
0,0.32141908250142537,1
0,0.25580224471176094,1
0,0.41917110686411974,1
0,0.5815318186467477,1
1,0.45602816950619884,1
0,0.17595775593535473,1
0,0.12892707460057357,1
0,0.16106207432075592,1
1,0.2248124214552585,1
1,0.6159829442674722,1
1,0.2789706290724949,1
0,0.4945510251182249,1
0,0.2232661860714279,1
1,0.3568581940575918,1
0,0.10800485986869426,1
0,0.20489524675278847,1
0,0.3044314739891537,1
0,0.08327638815416111,1
0,0.19664553314883157,1
0,0.190627604284422,1
0,0.4492628917325424,1
0,0.44057124267235814,1
0,0.243914267551134,1
1,0.4838587099565391,1
0,0.10698157776942273,1
0,0.2054887786093659,1
0,0.5253205767194113,1
1,0.3460086508684067,1
0,0.0801282030453511,1
0,0.13950027029226855,1
0,0.2613884321215123,1
0,0.18003526693510777,1
1,0.6099710947303131,1
0,0.45044072435741417,1
1,0.18162412635379221,1
0,0.37627424444214563,1
0,0.39902844115837705,1
1,0.3915103762583277,1
1,0.3410414733425198,1
1,0.19358949622925134,1
1,0.3568926220668459,1
0,0.2184415946129108,1
0,0.076215434826002,1
0,0.4110698152049944,1
0,0.049303358587739106,1
1,0.2379560881104083,1
0,0.17636033455244077,1
0,0.32642310696499954,1
0,0.4046116558849208,1
0,0.6780678121979699,1
0,0.07970988781925287,1
0,0.2943796541381647,1
0,0.265698263111365,1
0,0.12121195089377877,1
1,0.21775593279220135,1
0,0.21771581490696426,1
0,0.5798937738467946,1
0,0.1201011159428378,1
1,0.4746106689719525,1
0,0.21237490565181194,1
0,0.07322387875127931,1
0,0.38054525745257517,1
1,0.47115807481716315,1
0,0.11313457836699393,1
0,0.18228005655048563,1
0,0.3333083965853444,1
0,0.10779370503961555,1
0,0.095761558138248,1
0,0.13588563064024392,1
0,0.24683656204286208,1
0,0.1825104736791605,1
0,0.15657593936326886,1
1,0.1761702888251958,1
0,0.20050180823124464,1
0,0.1275313928958553,1
0,0.3425217390727545,1
0,0.32320378292709584,1
0,0.18161972831160925,1
1,0.23010762872269785,1
0,0.3572641276183651,1
1,0.49817093571327725,1
0,0.3796342791558641,1
1,0.08955158391238396,1
0,0.25220061866777227,1
1,0.1476003189588851,1
0,0.25594045873205823,1
1,0.4133461511939929,1
0,0.1409272193401423,1
0,0.0818894801477831,1
0,0.10108561336616557,1
0,0.28207414808841746,1
1,0.3526228891341754,1
0,0.23518118955273093,1
0,0.2683267404812688,1
0,0.20526439385306583,1
1,0.17729122485491539,1
1,0.6414306394022165,1
0,0.2618201145794878,1
0,0.11641052248916409,1
0,0.19266415887338298,1
0,0.2225393338856354,1
0,0.3905128454026298,1
1,0.3362579457831477,1
1,0.609992766551641,1
0,0.13859605040862338,1
0,0.14372147125296927,1
0,0.4155239757080307,1
0,0.12365141019545274,1
0,0.23264940741372533,1
0,0.43397523730932736,1
0,0.44367927964622444,1
0,0.24776737902709162,1
0,0.077316035677477,1
0,0.4707264060980935,1
0,0.11919879967741547,1
1,0.2728235958395989,1
1,0.3250841299137739,1
0,0.29374089131373315,1
0,0.08239337252457045,1
0,0.17650507047439093,1
1,0.4922321316428556,1
1,0.12802126353211646,1
0,0.09887931795950144,1
0,0.32809978997701505,1
0,0.31835710589302874,1
1,0.14779878335940708,1
0,0.359924525813365,1
1,0.2776548283668221,1
0,0.4829612108072618,1
0,0.11154376800236125,1
1,0.09392878080943942,1
0,0.37454219899981545,1
0,0.21216907403517588,1
0,0.30747108165420106,1
1,0.3245956980386483,1
0,0.10798006662745645,1
0,0.12877733007857206,1
0,0.07973028074380206,1
0,0.11257028934192517,1
1,0.27654940775608017,1
0,0.2578352868122248,1
0,0.4059493019382308,1
1,0.09252324493906873,1
0,0.1470924339126722,1
0,0.2413590410785385,1
0,0.31610801562065516,1
0,0.30487629796762467,1
0,0.36670687818255704,1
1,0.3508117271662338,1
0,0.21424201138608562,1
0,0.05428999763363988,1
1,0.30215183183423233,1
1,0.13714100745032287,1
1,0.15890065718514182,1
0,0.3707302660873495,1
1,0.33225410301848984,1
0,0.24816582097850956,1
1,0.39572864462326296,1
0,0.13474440997194861,1
0,0.6085322775108851,1
0,0.2948709557349265,1
1,0.3239690219052142,1
0,0.36453020364879873,1
0,0.3897169893812228,1
0,0.36233462079454354,1
0,0.442250558508152,1
0,0.29799333176682963,1
0,0.1092271099144253,1
0,0.29077305569032963,1
0,0.1507020789241283,1
0,0.30527894476726836,1
0,0.1410416423921036,1
0,0.315281339135414,1
0,0.2777921469420895,1
0,0.2237324278884129,1
0,0.2794350580875079,1
0,0.26399219539499597,1
0,0.12985634815816233,1
0,0.4214759403328721,1
0,0.3285384590747161,1
0,0.5645313116871,1
0,0.3491457632994741,1
0,0.4291300232835378,1
0,0.38103582353463533,1
1,0.3740715368516395,1
0,0.09112113167349271,1
0,0.10077196938872143,1
1,0.25708986592022914,1
0,0.05896195408694289,1
0,0.20017537987707335,1
0,0.5283806894030049,1
1,0.4522811116044636,1
0,0.09960042083822025,1
1,0.12761606180322724,1
0,0.3173622441211373,1
0,0.5832724284697945,1
0,0.3772808195274897,1
0,0.16164915747542008,1
0,0.13018360827129422,1
0,0.46346633513941493,1
0,0.45156354444314606,1
0,0.27279862814928413,1
1,0.29238482618140255,1
0,0.12039786891967877,1
0,0.33362078004494583,1
0,0.26009732665439655,1
0,0.20301861791804257,1
0,0.5441613613077856,1
0,0.45904355978534855,1
0,0.1491178508558409,1
0,0.20423977088061362,1
0,0.23384626593656105,1
1,0.4101942128921377,1
0,0.32170419400586037,1
0,0.27209907598571986,1
0,0.1510819762960696,1
0,0.1395321128915184,1
0,0.5319328120949189,1
1,0.07504339209084289,1
0,0.20148677999439013,1
0,0.1441999580098902,1
0,0.142083470558518,1
0,0.34467825607226815,1
0,0.06850022422983273,1
1,0.15735269499531834,1
1,0.3367916404666219,1
0,0.23212137272532302,1
0,0.2803535835755482,1
0,0.27317932727524974,1
1,0.1078801184670119,1
0,0.19636864911689,1
1,0.3052943445826539,1
0,0.40058319126990627,1
0,0.3657494097522206,1
1,0.43778834388854637,1
0,0.21667413513948064,1
0,0.13372040569084326,1
1,0.367177942411446,1
1,0.252701305995452,1
0,0.3524666557009879,1
1,0.40040711012412344,1
0,0.42319558987253547,1
0,0.49886119953005015,1
0,0.3960093413776003,1
0,0.2582706492533207,1
0,0.41497902205492565,1
0,0.15979989976967396,1
1,0.4241805451545507,1
0,0.16784660319344327,1
0,0.14608829747961474,1
1,0.27771407469764736,1
1,0.2576476994431343,1
0,0.326413276126989,1
0,0.10784059543831581,1
0,0.21994495404957526,1
1,0.15950584104253607,1
0,0.14560566371095193,1
0,0.16386541806019633,1
1,0.4280239296381578,1
0,0.16368461953896085,1
0,0.12078905891111719,1
0,0.18401789782202174,1
1,0.24995206631226935,1
0,0.4655691023327042,1
1,0.30289535780215027,1
0,0.42887099539610213,1
1,0.12850976587695054,1
0,0.18024611853429717,1
0,0.11319882228772775,1
0,0.41729243855153797,1
1,0.18680470078919778,1
0,0.12340779331936419,1
0,0.22510562393893643,1
1,0.07519335982663629,1
1,0.2623592067165302,1
0,0.19708063796707512,1
0,0.17348282510781693,1
0,0.5292568070501688,1
1,0.09728551292770697,1
0,0.2442268307008776,1
0,0.08015583827462988,1
0,0.16468940871503387,1
0,0.37245587900274835,1
0,0.10589098356179014,1
0,0.4844571720145021,1
0,0.43004387061841004,1
0,0.1006735080310105,1
0,0.42001053904475766,1
0,0.1392804446141711,1
0,0.19280692406917904,1
1,0.4703222627639332,1
0,0.29917829744489144,1
0,0.24536592663193307,1
0,0.275259524050527,1
0,0.10238554853094806,1
0,0.2760702451174529,1
1,0.38017863263745255,1
0,0.12716008763924697,1
0,0.6341769326014033,1
0,0.18701050012254605,1
0,0.14638472927172022,1
0,0.3158228573867017,1
1,0.12793058526152898,1
1,0.32866536882810393,1
1,0.3542745060817498,1
1,0.34218105878011096,1
0,0.38354099328691094,1
0,0.07862621475124365,1
1,0.19565266056266917,1
0,0.25385549856562745,1
0,0.5423820965482168,1
0,0.10611064381620237,1
0,0.24430399525170493,1
0,0.1425849342298673,1
0,0.1447956671474212,1
0,0.31017292639823674,1
1,0.07431440594236527,1
0,0.34749602859901463,1
1,0.2920581349992178,1
1,0.3886577979261242,1
0,0.10762640007051069,1
0,0.13753986406248692,1
0,0.13862212671819063,1
0,0.26758659106573307,1
0,0.2037276511193914,1
0,0.1560165375288553,1
0,0.11924763128489228,1
0,0.2363013153445532,1
0,0.21567884001102594,1
0,0.11913697412532019,1
0,0.1497804488583977,1
1,0.36167137516045733,1
0,0.4334093817151141,1
0,0.41010540258902783,1
0,0.05300666580808518,1
0,0.3669271293399969,1
0,0.5202344176042175,1
0,0.269082620396143,1
1,0.5483057102151476,1
0,0.4262220495226525,1
1,0.26227166385593353,1
0,0.21173967668162336,1
1,0.3929430585894258,1
0,0.24594316182346937,1
0,0.08546745455164113,1
0,0.35954972229618,1
0,0.3093236773654743,1
0,0.42936490509733233,1
0,0.360695806294692,1
0,0.36863123947931264,1
0,0.07498811280334143,1
0,0.1305254308120591,1
0,0.10392850210119545,1
0,0.3960597623790202,1
0,0.3360436049604135,1
0,0.2417508569877686,1
1,0.37168209016891923,1
0,0.30644374603253144,1
0,0.559150861408672,1
0,0.3324309292833959,1
0,0.17473777555200815,1
0,0.07144525492479972,1
0,0.4012813905418263,1
0,0.3035834909974728,1
0,0.04447916582600771,1
0,0.4999029922510002,1
1,0.10999794046556341,1
0,0.43585948376702766,1
0,0.07821832160816952,1
0,0.15306057046143606,1
0,0.38250390400930834,1
1,0.35938593867425356,1
0,0.43446679692257206,1
0,0.3376275038099798,1
0,0.36904019425560863,1
0,0.14210712705605671,1
0,0.28870869993977616,1
0,0.19711835858608884,1
0,0.48655687164748035,1
0,0.5205929864141796,1
1,0.14107469002367623,1
1,0.26522715228967025,1
0,0.07566014839193284,1
0,0.42366961626114297,1
0,0.13092191301301012,1
0,0.25875716252042225,1
0,0.13015260450367003,1
0,0.3931642321672516,1
0,0.2303238109378528,1
0,0.0550474637872995,1
0,0.4991595591680641,1
0,0.2908648987746051,1
1,0.2695963930878588,1
0,0.13791833954392235,1
0,0.30410265702004696,1
0,0.11396599804916528,1
1,0.24407999307397757,1
0,0.3263489174344479,1
0,0.1693859702162182,1
0,0.42707080447429774,1
0,0.3158205463244992,1
0,0.27845650811017447,1
0,0.22993867777164168,1
0,0.08689992208619865,1
0,0.23890585317476515,1
1,0.39182428323274515,1
1,0.10032826625417503,1
0,0.405485625211939,1
0,0.38847072925153747,1
0,0.4108269197946909,1
0,0.1962847925454907,1
0,0.3429986332930326,1
0,0.28004428555880834,1
1,0.44999608762807225,1
1,0.25582696350437195,1
0,0.2798998953874221,1
0,0.286801525558389,1
0,0.09189797614968458,1
1,0.16912649013051034,1
0,0.09981997923293001,1
1,0.19382796640456104,1
0,0.13773840032566045,1
0,0.08099136592002933,1
0,0.16346566983859526,1
1,0.15347873871597312,1
0,0.15122912303746025,1
0,0.29106500280580294,1
0,0.6090445926792185,1
0,0.2918139293616237,1
0,0.08820316785719107,1
0,0.2461054766863589,1
0,0.06581463409051194,1
1,0.21852729994416448,1
0,0.10723339758804343,1
0,0.2750678498806591,1
0,0.32137030414508583,1
0,0.1264807704613131,1
1,0.39867979458659886,1
0,0.12681027339553946,1
0,0.48166757647114944,1
1,0.3043412915754953,1
0,0.09705293781555932,1
0,0.07595990485719131,1
0,0.2876163219360735,1
0,0.2457088435411091,1
0,0.23198529257875716,1
0,0.44815446608242115,1
0,0.44576008195656297,1
1,0.2891915047577875,1
0,0.1661633594017658,1
0,0.2786228923208809,1
0,0.12527084648410783,1
1,0.36508191753411473,1
0,0.2893735280393436,1
0,0.3195763363850709,1
0,0.11026922851907792,1
0,0.1475493221423284,1
0,0.4175279440799948,1
0,0.34211138615814257,1
0,0.40222694170847895,1
0,0.4236518300293485,1
1,0.36411135208656425,1
0,0.17044540049955945,1
0,0.291629653953412,1
1,0.6758210741344975,1
0,0.2025211820675217,1
0,0.1489033155375647,1
1,0.25352483955678395,1
1,0.5040223744101175,1
0,0.32148399218220847,1
1,0.25743157156273394,1
0,0.27826393829855023,1
0,0.5963626124317183,1
0,0.2847172205383547,1
0,0.16022527046787452,1
0,0.2972527130676863,1
1,0.2952377141299321,1
1,0.5270471392791605,1
0,0.25497936511482744,1
0,0.2955800312923394,1
0,0.18677669720178477,1
0,0.2634964697197354,1
0,0.5047317563551339,1
0,0.14828605691581556,1
0,0.4006772997785222,1
0,0.21635352143097678,1
0,0.5259057559871694,1
1,0.5448900749016637,1
0,0.23364422479213803,1
0,0.26505964476204436,1
0,0.3235499478302385,1
1,0.48308577134022,1
1,0.3892961527405341,1
0,0.17364606654332257,1
0,0.2994751283388116,1
0,0.33122550351089974,1
0,0.0868365399051757,1
0,0.3115866708872921,1
0,0.2740676169824713,1
0,0.07580769791322331,1
0,0.08562734484316545,1
1,0.305402669720946,1
0,0.35948953083018376,1
1,0.5215706304972816,1
0,0.09611972885483301,1
0,0.21144721647063014,1
0,0.2860624775750621,1
1,0.11068084643162338,1
0,0.13635756404597882,1
1,0.35255579563044526,1
0,0.26804527453011634,1
0,0.16162870842918653,1
0,0.5316100449839302,1
0,0.30287065626000437,1
1,0.45994545023805433,1
0,0.1386527155824842,1
0,0.20692645331081017,1
0,0.09544611039505649,1
1,0.4431429581299233,1
0,0.45398750018762846,1
0,0.17997594990539362,1
0,0.42971180223836536,1
0,0.4432876674034394,1
1,0.42714545265103365,1
0,0.4668896373741848,1
1,0.3394911881323992,1
0,0.083805309070102,1
0,0.3001984572196359,1
0,0.27925492478423164,1
0,0.12333178280353496,1
0,0.06582669573434016,1
1,0.35769597523679275,1
0,0.4738420755803443,1
0,0.4477203745809064,1
0,0.49845548570227644,1
0,0.16175461153681697,1
0,0.2603956901475668,1
0,0.44524457712657806,1
1,0.2978738408952072,1
0,0.18086100775709463,1
1,0.40788532003226674,1
0,0.23444311688428426,1
0,0.43700672965739523,1
0,0.22258418650901635,1
0,0.38585475147389636,1
0,0.2098814532959483,1
0,0.13669341983425204,1
1,0.3936058613453563,1
0,0.2567910040859397,1
1,0.24962406948050048,1
0,0.5962615229242015,1
0,0.2726960332101872,1
0,0.12686498842399582,1
1,0.40529275136431875,1
0,0.3676688886998262,1
0,0.41842826029943725,1
0,0.10195245355754476,1
0,0.290940128278092,1
1,0.42292801049922446,1
0,0.13676371680605168,1
1,0.23664998176100277,1
0,0.33242102059484446,1
1,0.23243128110486957,1
0,0.32410690284314125,1
0,0.19315103587723198,1
1,0.15137364615952417,1
0,0.262034757181132,1
0,0.30074529449760123,1
1,0.4127039130971075,1
0,0.3248376380361656,1
0,0.33295612288482107,1
0,0.20395709538324586,1
0,0.26687677778114793,1
1,0.4242029697264273,1
0,0.19571504301835105,1
0,0.145343609322466,1
0,0.4033471742425653,1
1,0.17628154158688986,1
0,0.10610947232095311,1
1,0.21458153747718656,1
0,0.348175849261385,1
1,0.34475537944236795,1
1,0.3791032650846369,1
0,0.27180967450040966,1
1,0.47619566924379175,1
0,0.121237193347071,1
0,0.41212323974935805,1
1,0.3603270507877468,1
0,0.1517311141148645,1
0,0.299753183161087,1
0,0.1331671883352304,1
0,0.19239327428930186,1
0,0.3077742882707608,1
1,0.3748802477571336,1
0,0.1991833583834764,1
0,0.19709563198054803,1
1,0.26195380218997244,1
0,0.311610470048341,1
0,0.20580216432269105,1
1,0.5076255312142935,1
0,0.19218315434619843,1
1,0.13642274456712836,1
0,0.36303294911263234,1
0,0.3080814234895556,1
1,0.3081000171382495,1
0,0.0996953881327124,1
0,0.27670974762595507,1
1,0.5884009516866029,1
1,0.401744257744872,1
0,0.13442182970247935,1
0,0.0783222653559186,1
1,0.5163312291531732,1
0,0.16087393807427247,1
0,0.24905836099542905,1
0,0.14671763278575467,1
0,0.4239868891144035,1
0,0.21178011021180726,1
0,0.33757171908373523,1
0,0.2826976337961423,1
0,0.2281062224392781,1
0,0.0879546191494023,1
0,0.24530042188111506,1
0,0.09298366157690623,1
1,0.4708287046416757,1
0,0.07482038369976315,1
1,0.4083052090317597,1
0,0.32203416765150766,1
0,0.3106916121009477,1
0,0.13572182003593247,1
0,0.2243041268711053,1
0,0.5151118382912718,1
0,0.2511566887275702,1
1,0.48717956891112574,1
1,0.3721755542002965,1
0,0.4204276973180564,1
0,0.19815649363802046,1
1,0.4333657252415317,1
0,0.11041202128568389,1
0,0.21210653290429315,1
1,0.47940240705621345,1
0,0.18673667471698316,1
0,0.518725247777411,1
0,0.18739570465908267,1
0,0.3758583462543731,1
1,0.2704643851699394,1
1,0.08262423777838084,1
1,0.2627533566667567,1
1,0.36621610104468383,1
0,0.17566871991903635,1
0,0.07850063411635388,1
0,0.14945355104616626,1
0,0.20237055788363764,1
0,0.3156205402988826,1
0,0.08034162884020893,1
0,0.106453856485821,1
1,0.2937440838772703,1
0,0.34339493361253515,1
0,0.3580231116161432,1
0,0.42203603081337654,1
1,0.1721720106084008,1
0,0.29218827237222406,1
1,0.1956107270718958,1
0,0.09474606303666692,1
0,0.19910091678274852,1
0,0.31832200853230186,1
0,0.34719709390726966,1
0,0.28385661316823163,1
0,0.0970756522831813,1
0,0.2575204966699497,1
0,0.4648334423253955,1
0,0.3569856265639174,1
0,0.4241914842455355,1
0,0.2239947653786432,1
0,0.3790492688442182,1
1,0.40982271178845864,1
0,0.3263993265114913,1
0,0.1921411509349393,1
1,0.35808542553173484,1
1,0.7208452766664304,1
1,0.36317178005648204,1
0,0.2585033484164598,1
0,0.1884915519168593,1
0,0.1392908886577472,1
0,0.13443565329856028,1
1,0.25462390843481986,1
0,0.17411219400882205,1
0,0.4369575780417495,1
1,0.22796419003750895,1
1,0.24941117469853796,1
1,0.25631950845810947,1
1,0.2730970188173676,1
1,0.23679711988913818,1
0,0.5671135436363035,1
0,0.16534875080240213,1
0,0.8041841456875952,1
0,0.44587696650608705,1
0,0.318202945245481,1
0,0.12450790087308532,1
0,0.22657279671099978,1
0,0.35351323515286887,1
0,0.34539241796501946,1
0,0.2980565831752693,1
0,0.06130034910124493,1
0,0.25881366331440175,1
1,0.6432708679395156,1
0,0.1444903332849908,1
0,0.1967286073875596,1
1,0.2941939507032261,1
0,0.43662962656121856,1
1,0.5649082006401349,1
1,0.1457496502741678,1
0,0.27553879073265486,1
0,0.28191230022733366,1
0,0.23159525915074866,1
0,0.17464802286777203,1
0,0.3424270995985883,1
0,0.3713004652353237,1
0,0.16746708589332518,1
0,0.2909776207635534,1
0,0.48579361653389774,1
0,0.11284301247123993,1
0,0.08266730396318436,1
1,0.8642211037556664,1
0,0.6868375369699042,1
1,0.12006153965542116,1
1,0.38008290289018454,1
1,0.2913965838629736,1
0,0.2598633365903458,1
0,0.08221501823763246,1
1,0.4054459086549982,1
0,0.2608498753123646,1
0,0.4557177867446516,1
0,0.07332217544920579,1
1,0.31636745722031384,1
0,0.18248946141858235,1
0,0.1957475375219585,1
0,0.2809020279930616,1
0,0.27580678801861547,1
0,0.20490022815242703,1
0,0.4174353180163398,1
1,0.43769422389144824,1
1,0.3642144061886931,1
0,0.14397773175570078,1
0,0.12976998248416113,1
1,0.3415950968243429,1
0,0.3858538582052803,1
1,0.7370981763087564,1
0,0.36171592261245056,1
0,0.2998698039273931,1
1,0.2978165800821779,1
0,0.14224861949040754,1
1,0.36661889772453243,1
0,0.05765493868178484,1
0,0.2558622068254033,1
0,0.14953029262127593,1
0,0.14937904695143472,1
0,0.3818681559989856,1
0,0.20274302674111772,1
0,0.3034623430889725,1
0,0.49157946962191407,1
0,0.4784426121278096,1
0,0.2989560556724844,1
0,0.2835093300436227,1
0,0.5732942428522494,1
0,0.29419849231501827,1
0,0.3876366109345062,1
0,0.36201685921302523,1
0,0.6404222987809499,1
0,0.32607152359635555,1
0,0.17677308072250125,1
0,0.4013426469604674,1
0,0.258152234572662,1
0,0.33792273865704914,1
1,0.42695585888552867,1
0,0.12767367174670466,1
0,0.36661983268195236,1
0,0.12493176164284095,1
0,0.244389748855026,1
0,0.23431822373187325,1
0,0.33634451706980917,1
0,0.23612730048596253,1
1,0.20359983886483943,1
1,0.4123616945125461,1
0,0.3091859383379905,1
1,0.21943287721921395,1
0,0.09749528651397237,1
1,0.40440931781114914,1
0,0.3416842681414126,1
1,0.3475915816340713,1
0,0.34081572467999655,1
0,0.3753824588438994,1
0,0.28730623157527657,1
0,0.22915038014882153,1
0,0.3726752727407717,1
0,0.28156976300062186,1
0,0.3125449440970718,1
1,0.5323332810965427,1
0,0.5430777103329436,1
0,0.3756114650145482,1
1,0.6159741627109011,1
0,0.5375902117720837,1
1,0.4107549085531399,1
0,0.5779148914502157,1
1,0.3543049443439655,1
0,0.14740067566397988,1
1,0.3220815928220849,1
0,0.26050293067435065,1
0,0.19824280980109923,1
0,0.19687320128841457,1
0,0.23902971970051617,1
0,0.24570605475803198,1
0,0.08524664713100427,1
0,0.3630653513602726,1
0,0.2199428348288124,1
0,0.18719464151313742,1
0,0.3768340441872299,1
0,0.325335198490209,1
0,0.14376314380336358,1
0,0.38462601273262165,1
0,0.215731665721889,1
0,0.3612059590185007,1
0,0.4277767239007756,1
0,0.12453763050432962,1
1,0.3504762913311789,1
0,0.415082189016187,1
0,0.44920451752250384,1
0,0.411649084065583,1
0,0.13672817258832234,1
0,0.07748398005193743,1
0,0.16890344459343626,1
0,0.35726295189479984,1
1,0.4877622724906563,1
0,0.1873719898245338,1
0,0.18441189906554156,1
0,0.2257204099795854,1
0,0.4046995105410434,1
0,0.2549489069309714,1
0,0.2973685751557184,1
0,0.09540644630997101,1
0,0.317605510612159,1
0,0.5153419678100299,1
0,0.3137836904781257,1
0,0.5412396101125179,1
1,0.10137771713680144,1
1,0.31141940814460367,1
0,0.4738553329719594,1
0,0.681157289361524,1
1,0.28252457514427376,1
1,0.20618006491228721,1
0,0.2728514990475209,1
0,0.48993620750651606,1
0,0.1950606432741332,1
1,0.40067880373459985,1
1,0.3893456264945611,1
0,0.13089430599951335,1
0,0.3405731999391145,1
1,0.30018902210870213,1
0,0.3503451667663893,1
1,0.4548997519744654,1
0,0.2848381259725206,1
0,0.4943634611973487,1
0,0.06733051621311764,1
1,0.47507449709936833,1
0,0.4260421104477158,1
0,0.18832577475994508,1
1,0.11741496935045485,1
1,0.3612581139996431,1
0,0.3494514175609577,1
0,0.17066390505682014,1
0,0.2713400439104105,1
0,0.158701585274045,1
1,0.48193399835052386,1
0,0.2912680075418391,1
1,0.43364442631024436,1
1,0.22726845680955488,1
0,0.09841512433250241,1
0,0.4472919129326072,1
1,0.40900519678105224,1
0,0.365442408975995,1
0,0.3196949677407717,1
1,0.2911183946302869,1
0,0.27583003176371673,1
0,0.2088156516647217,1
1,0.5632141084758046,1
0,0.1744612316291716,1
1,0.3722342830198638,1
0,0.2326446662885292,1
1,0.2926446673992612,1
0,0.11565272856956102,1
0,0.3001032298435532,1
0,0.3051842374197589,1
0,0.2265832819389485,1
0,0.6077769777724675,1
1,0.3142482018763109,1
1,0.43142441801637627,1
0,0.23169876603914014,1
0,0.055108393360945876,1
0,0.4028764351397124,1
1,0.26113337836801176,1
1,0.4681306708696519,1
0,0.36769728636813925,1
0,0.24219758072363823,1
0,0.17465401916083056,1
1,0.33007210704510154,1
0,0.37898071556321933,1
0,0.20987165906591276,1
0,0.2920543261162041,1
0,0.1026063571807476,1
0,0.11791820289850301,1
0,0.0955783591568205,1
1,0.4000586383346858,1
1,0.34247628078545395,1
0,0.4184291395793853,1
1,0.18852038858165635,1
0,0.2799548734088344,1
0,0.2362404261186874,1
0,0.3122839935672172,1
0,0.3911148015855726,1
0,0.1199176749485828,1
0,0.2626561932073017,1
1,0.39113058190016237,1
0,0.21951026082336564,1
1,0.43226599065885285,1
1,0.24217976415765755,1
0,0.1257212512525195,1
0,0.33888668963677027,1
0,0.36244811993524656,1
0,0.25352311718491594,1
0,0.5055118124638185,1
0,0.3060864213393689,1
0,0.3342765400825081,1
1,0.23240490988034102,1
0,0.1611614200207151,1
0,0.31018641226022603,1
0,0.21906138615745546,1
0,0.4246776281805772,1
0,0.210976608552637,1
1,0.30117204266653963,1
0,0.30892348987160273,1
0,0.36053371916992294,1
1,0.5334633222160589,1
1,0.3385596811864532,1
0,0.46953663036706916,1
1,0.35786022199879325,1
0,0.06332155848149201,1
0,0.3936016518725957,1
0,0.09730955623038771,1
0,0.05880944379166894,1
1,0.17172131801832544,1
0,0.2858586274489737,1
0,0.44657487583643835,1
0,0.14725617131054763,1
1,0.43346858818725686,1
1,0.17547286480664614,1
1,0.34248026690417577,1
0,0.31245706338082063,1
1,0.13787631260711514,1
1,0.46560470060730375,1
0,0.23798926725665354,1
1,0.3929446410570874,1
0,0.4459428307824822,1
1,0.15460719821767152,1
1,0.39936323774393206,1
1,0.4214435686432161,1
0,0.19090157903667218,1
0,0.2032124375911558,1
1,0.3187578561298946,1
0,0.2671490371177162,1
0,0.2286729972562883,1
1,0.48599231679117777,1
0,0.16178725396708504,1
0,0.30108844413177455,1
0,0.16279110982649553,1
0,0.19696298525006398,1
0,0.27005186429294875,1
0,0.226299495491637,1
0,0.1826182968445432,1
0,0.1399576044672978,1
0,0.3764944675457389,1
1,0.4306145328704002,1
1,0.3694640355003349,1
1,0.31395012747691936,1
0,0.37740537421190345,1
0,0.18999191473987212,1
1,0.32962344441960845,1
0,0.36733508520657365,1
1,0.44625754439277376,1
0,0.21211792731945117,1
0,0.4639532525065098,1
0,0.15763950455398923,1
0,0.2685546193003297,1
0,0.3636408187224491,1
0,0.18971259352749478,1
1,0.3369470688616168,1
1,0.3066265933618761,1
0,0.6780918607189595,1
0,0.32097243716697144,1
0,0.14226049320099327,1
0,0.41195473628550816,1
0,0.11957701460714054,1
0,0.3711448113927983,1
0,0.3542076384497674,1
0,0.5634444516971413,1
0,0.3675164734859884,1
0,0.10664423588834346,1
0,0.2071601852754263,1
1,0.4366159920627537,1
0,0.37364611256258123,1
0,0.3319392083189314,1
0,0.17060739901040675,1
0,0.2215997156461189,1
0,0.4183751077070246,1
1,0.09364190533337273,1
0,0.07604310274604822,1
1,0.35957915880206137,1
0,0.4451334202553876,1
0,0.3126293992908748,1
1,0.17732828267368983,1
1,0.42156024657390534,1
0,0.08768958696172705,1
1,0.22215537919085881,1
0,0.4077068766078368,1
0,0.16958380077049998,1
1,0.28284197858815957,1
0,0.05356804099360467,1
0,0.2954042810707166,1
1,0.4261716504060475,1
0,0.133023778030367,1
0,0.3888948911080873,1
0,0.19194381572445626,1
0,0.3037838517294615,1
0,0.18757757393401148,1
0,0.6410781949132107,1
0,0.46212307252577456,1
1,0.3322940265011486,1
0,0.1963954277498138,1
0,0.2825328244484683,1
0,0.4741761604199436,1
0,0.3997807618586138,1
0,0.07264413078006846,1
0,0.31255094355678015,1
1,0.27057066618931563,1
1,0.26650256475529666,1
0,0.10596212558676708,1
1,0.19193480390580078,1
0,0.3749993464625208,1
1,0.32094823162081637,1
0,0.2994007337257918,1
1,0.3139210592506545,1
0,0.0996098491923797,1
0,0.23425583762182506,1
0,0.4443529033998019,1
1,0.41679602146518013,1
1,0.1253440628490524,1
0,0.17956396497014557,1
0,0.2557347713481973,1
0,0.3664614919272284,1
1,0.37249030445546133,1
0,0.38834028584689384,1
1,0.37248315523425757,1
1,0.4776362076364128,1
1,0.4161498133721489,1
0,0.1792211124602046,1
1,0.4254143567486007,1
0,0.5051033844601405,1
0,0.10655115692325876,1
0,0.4820912859788352,1
0,0.1325514547630377,1
0,0.20653952305820317,1
1,0.2898180538712196,1
0,0.32140760756715697,1
1,0.38983539309414383,1
0,0.3763089482865916,1
0,0.4900132540710767,1
0,0.33735372508999995,1
0,0.2813002910791424,1
1,0.31774978100459417,1
1,0.3237816659472281,1
0,0.2843971591522673,1
0,0.27866985588186494,1
0,0.10996680648101624,1
0,0.2968260813558482,1
1,0.4183153241213755,1
1,0.1580613856053097,1
1,0.44740827247563675,1
0,0.13506599572719258,2
1,0.36226170023542537,2
1,0.42925938752776815,2
0,0.13032132007405875,2
1,0.2254892274608335,2
0,0.08402123106043147,2
1,0.4056735576614485,2
0,0.24202306714205402,2
0,0.18256459635849015,2
0,0.16550873720223638,2
0,0.1016263917639916,2
0,0.330088803108824,2
1,0.4928482872815482,2
1,0.24266403612224302,2
0,0.376820778734969,2
0,0.37532405498706867,2
0,0.14981832980671952,2
0,0.3396486553202999,2
1,0.2815101194862844,2
0,0.15602012549419644,2
0,0.10412544275314772,2
0,0.14835597287811503,2
1,0.2821256393619533,2
0,0.21987720058643703,2
0,0.2826832629050792,2
1,0.5317509795517709,2
0,0.30869559294324345,2
1,0.6513406896411634,2
1,0.5277306151585857,2
0,0.47216689125586353,2
0,0.4460179746597467,2
1,0.4584167341600104,2
0,0.22410629524858627,2
0,0.4478901315910747,2
1,0.6069251549854193,2
0,0.4929855080208204,2
0,0.1431319971166466,2
0,0.08514795031716921,2
0,0.24035326054842968,2
0,0.11713238901361983,2
0,0.14675490380510153,2
0,0.11225505736881584,2
0,0.507359393301899,2
0,0.19821732247827215,2
0,0.2331694639948428,2
0,0.06254283563329256,2
0,0.2408761685253177,2
0,0.5623543037986664,2
0,0.21075200991815923,2
0,0.1347231940840582,2
0,0.11071336767232924,2
0,0.12527134657494152,2
0,0.09017219488080475,2
0,0.15501065200677994,2
0,0.2211901359505199,2
0,0.08584718368041415,2
0,0.08910751020798514,2
1,0.4079351679274268,2
0,0.053171122404436735,2
1,0.44421203582313573,2
1,0.30559999571326446,2
0,0.15416266302703907,2
0,0.2486907237913784,2
0,0.3595338890178148,2
1,0.0724446411414293,2
0,0.319461099233985,2
1,0.22312889892657067,2
1,0.16004632843976974,2
0,0.1752470860078031,2
0,0.36691954928776904,2
1,0.1378330755550564,2
0,0.07962410355384013,2
0,0.10451275661156442,2
1,0.19856185453965058,2
1,0.30033640583127696,2
0,0.1741662547086077,2
0,0.23836018583544477,2
0,0.38553589985676096,2
0,0.09493751296413494,2
0,0.2145941183826976,2
0,0.4032984246959679,2
0,0.10212227729164108,2
1,0.13955310804641052,2
0,0.2833084628253912,2
1,0.36582121101825327,2
1,0.22182218213473257,2
0,0.2623572488390522,2
1,0.2677129512037458,2
0,0.2581587139650097,2
0,0.15179034217047635,2
0,0.09176924766101627,2
0,0.2714260615480647,2
0,0.25504291620661185,2
0,0.5505343952506588,2
0,0.28138682448310043,2
1,0.3710827072641114,2
0,0.22636070333478092,2
0,0.22925185506601892,2
1,0.37573613233198183,2
0,0.11627567711206527,2
0,0.23359669171813394,2
0,0.16104413886866917,2
0,0.10710307631926992,2
1,0.21030921203491715,2
1,0.29096001421091183,2
0,0.1259080986696457,2
1,0.4068429642986706,2
0,0.39499403605089517,2
0,0.09896140854450283,2
0,0.2823196958338392,2
0,0.08082311361333634,2
0,0.20826793890324066,2
0,0.37252493648380935,2
0,0.1043651815756875,2
0,0.0824989845532777,2
0,0.13147041659310282,2
0,0.23985935232221656,2
0,0.18445727659515976,2
0,0.16028765003026926,2
0,0.44700539917332044,2
0,0.5667913734755001,2
0,0.14357229941064759,2
0,0.08715437713988765,2
1,0.18832459707477978,2
0,0.23913089212041747,2
1,0.24249552174216363,2
1,0.4470458040505168,2
0,0.16251163148456932,2
0,0.21634078953513902,2
1,0.21580456552754984,2
0,0.24914176243342426,2
0,0.12837675054299186,2
0,0.09884001655015189,2
0,0.16346498251070313,2
0,0.3129957810207843,2
0,0.21616683536525738,2
0,0.4029844882905365,2
1,0.09521559747253584,2
0,0.08643348976850793,2
0,0.2712958925444904,2
0,0.09797006514550835,2
0,0.130468530276149,2
0,0.15433688416600694,2
0,0.23697689351004764,2
0,0.43584239480336484,2
0,0.3835549021701232,2
1,0.3797590304785594,2
0,0.3671807287037506,2
1,0.5297213593447622,2
0,0.4621218378533447,2
0,0.22854736047348265,2
1,0.40635140734888825,2
0,0.3597681539544596,2
0,0.24733534493525944,2
0,0.1325326884133056,2
0,0.3666035452987151,2
0,0.14127554117793573,2
0,0.24003456285663416,2
0,0.3925677781011989,2
1,0.32422588291165655,2
0,0.16385421483992615,2
1,0.32343632290154667,2
0,0.24375927654301865,2
0,0.4733696034726696,2
0,0.26354717065762173,2
1,0.2510822689225688,2
0,0.2081682100279963,2
0,0.397034094544084,2
1,0.36094561076886117,2
0,0.35552167902031373,2
1,0.40347052071708267,2
1,0.662488469957493,2
0,0.26308554016570673,2
0,0.4440762144677093,2
0,0.1713407072437788,2
0,0.15056501103680325,2
0,0.44732492458874096,2
0,0.39090877213249037,2
1,0.5232778720717097,2
1,0.33453172781756463,2
0,0.07050309900800608,2
0,0.2248644014109932,2
0,0.09462461493810362,2
0,0.1855925026642087,2
0,0.38122861579541445,2
1,0.38445918285382014,2
0,0.3085939770801365,2
1,0.30935713114352725,2
0,0.10332839467787391,2
1,0.273248814077803,2
1,0.2548882451275196,2
1,0.13023439382620103,2
0,0.1621688491580751,2
0,0.22852082503839943,2
0,0.2597059124768744,2
0,0.14808475154701153,2
1,0.3793432657528297,2
0,0.13044281548316958,2
1,0.13074511960836027,2
0,0.20333784497207788,2
0,0.15653301453658433,2
0,0.33865640333452895,2
0,0.0979171577418329,2
1,0.35961938498152635,2
1,0.37227941818236737,2
0,0.41386281320426477,2
0,0.3511707122148517,2
1,0.410038491200001,2
0,0.2810233194150156,2
0,0.09685326359405547,2
0,0.19026382008961096,2
0,0.19196196867414278,2
0,0.056430647393515984,2
0,0.07432269714826437,2
0,0.32110155070162605,2
1,0.22047302210754277,2
0,0.18387906444730115,2
0,0.0651970405725652,2
0,0.31851885790570944,2
0,0.16509412829223685,2
1,0.4291846530124229,2
0,0.11460358681078692,2
1,0.31297450068410904,2
0,0.09918860410161479,2
0,0.14331123118109704,2
0,0.10611285721184163,2
0,0.2361017400741937,2
0,0.16754168382792628,2
1,0.24917987608144881,2
1,0.24124993893380384,2
0,0.14066375538760426,2
0,0.08831322100084081,2
0,0.20905030135367084,2
0,0.6869853432928371,2
0,0.4780336503712672,2
0,0.1253782938530249,2
0,0.25085343941274924,2
0,0.19062268035472,2
0,0.26950517960747766,2
0,0.07467719338261922,2
0,0.4222434528987645,2
0,0.4451179656727554,2
1,0.24668734861008912,2
0,0.3050116199576952,2
0,0.2915855227574934,2
0,0.18976209382955705,2
1,0.3461352895169534,2
0,0.10447719748141279,2
0,0.34824640214433594,2
0,0.31788432098435465,2
0,0.2836521931610032,2
0,0.15682571724606384,2
1,0.39635379488460254,2
0,0.25857075024940246,2
1,0.3207168520428102,2
1,0.36496653465561923,2
0,0.23797112185100808,2
1,0.41970178458730717,2
0,0.1078427707738433,2
0,0.4561776994127052,2
0,0.09382905037673694,2
1,0.3960574244895006,2
0,0.3421702053690296,2
0,0.369675750261766,2
0,0.11642602826426403,2
0,0.32002711884533397,2
0,0.11178173663493811,2
0,0.20652774466174123,2
0,0.058263424445071134,2
0,0.16250512764545896,2
1,0.2950283162960675,2
0,0.10396377501870727,2
1,0.24333119075718332,2
0,0.10991759396907466,2
1,0.22179493734752523,2
0,0.08442357250558433,2
0,0.37024351423923,2
1,0.43561432937053185,2
0,0.09982041938752242,2
0,0.08598273306812068,2
0,0.1367763795390914,2
0,0.2926069826863608,2
1,0.12234523763627086,2
0,0.42100285783572755,2
0,0.24203270453144493,2
0,0.13108229950745617,2
1,0.3404117832483568,2
1,0.49491525271321046,2
1,0.21994230105605264,2
0,0.3195786899335597,2
0,0.3435797624539548,2
0,0.2821273579991125,2
0,0.11429581230723551,2
1,0.089686482895585,2
0,0.2403972885788661,2
0,0.30895216035539924,2
1,0.23505102579581127,2
1,0.4730951269504305,2
1,0.212505441629261,2
0,0.07737390395574784,2
0,0.26857870465307454,2
1,0.25200644008890893,2
0,0.08556780172093255,2
0,0.09545139308766143,2
0,0.4202474546695269,2
1,0.1588152950647007,2
0,0.1235538945589975,2
0,0.40100082715528884,2
0,0.3451418989923477,2
1,0.3344564712404295,2
0,0.19979264531105892,2
0,0.20742843202138284,2
0,0.15470198864850634,2
0,0.09563733054793125,2
1,0.2938254694118819,2
0,0.20416067845882435,2
0,0.3383895379922977,2
0,0.3026072736209792,2
0,0.3514421756483359,2
0,0.40823517359284267,2
0,0.17067524069970258,2
0,0.21677509557571759,2
1,0.24344810427919414,2
0,0.11419629191100494,2
1,0.42104753290093144,2
0,0.14842372669256867,2
0,0.25003543152651825,2
1,0.27709592689021856,2
0,0.4552791940695584,2
0,0.2880351007888754,2
0,0.3106139478665808,2
0,0.22382097458939082,2
0,0.15839829376098455,2
1,0.33968030846066244,2
0,0.3063391753940955,2
1,0.4134344926599427,2
0,0.06193218538003725,2
0,0.31002178775770095,2
1,0.6356206690860976,2
0,0.41871934551491174,2
0,0.1512471126658363,2
0,0.3984416307468291,2
0,0.4415493693860221,2
0,0.1501280729539984,2
0,0.12259765046564869,2
1,0.4862851241179392,2
0,0.11801810716049972,2
0,0.21860220687532952,2
1,0.24253721542102585,2
0,0.287768915445297,2
1,0.13298707127989204,2
0,0.07311816587900324,2
0,0.3231514834535003,2
1,0.3281378358796282,2
0,0.1905938444380446,2
0,0.4850945252827806,2
0,0.11447306539056401,2
0,0.39389429135411663,2
0,0.26621037315372076,2
0,0.26245110792634807,2
0,0.25919053024444116,2
0,0.2883128661617817,2
1,0.31356946154563164,2
0,0.3670882943753967,2
0,0.18994124968396053,2
0,0.32593732660637614,2
0,0.11732598588460282,2
1,0.44361231983068994,2
0,0.3543078854878597,2
0,0.26049683371264903,2
0,0.42479333062604574,2
0,0.3112421218718466,2
0,0.17612853526823524,2
0,0.19217849296913095,2
0,0.22801655565651952,2
1,0.3298089773944537,2
1,0.29978502482385816,2
1,0.336998148027724,2
1,0.2796196068710355,2
0,0.3602562342553889,2
0,0.24809487276628375,2
0,0.13609372408608317,2
0,0.3564612176174225,2
0,0.18226941473181085,2
0,0.2623578585874505,2
0,0.2228097785896726,2
0,0.08762489672931789,2
0,0.35590886626171264,2
0,0.10501965067019048,2
0,0.0823692096829929,2
0,0.10525731573349428,2
0,0.11599352454648017,2
0,0.3393773698945067,2
0,0.36817409049318905,2
0,0.24303514069205023,2
1,0.3304803772292594,2
0,0.1901761839140658,2
1,0.33274265216827525,2
0,0.09744808289193002,2
0,0.14917631814311091,2
0,0.1691410183342721,2
0,0.12761941281769873,2
0,0.12780251083011462,2
0,0.1329093217369775,2
0,0.15972698535850116,2
0,0.12098332131134937,2
0,0.16730079715050833,2
1,0.2630456359914337,2
1,0.2565464081611428,2
0,0.41602856038848246,2
0,0.1479082273522744,2
0,0.1039182843563089,2
0,0.3655694209410433,2
1,0.1298423505170459,2
0,0.3031336248015675,2
1,0.4043157438776512,2
1,0.3383435596850869,2
0,0.17928314055152408,2
0,0.07217095128266704,2
0,0.19544894401468071,2
0,0.27181308835790696,2
0,0.11062999339505566,2
0,0.24223046506303508,2
1,0.2725172455090582,2
0,0.13824631854201358,2
1,0.1414667764138111,2
1,0.46320608421671594,2
0,0.0978264686341549,2
0,0.19052345975320495,2
1,0.1611315020453684,2
0,0.29324197113795347,2
0,0.07104677944108953,2
0,0.40907804620618654,2
1,0.5391051993366963,2
0,0.1499365108226648,2
0,0.25865877868114295,2
0,0.2832176173714712,2
0,0.2946747146265064,2
0,0.3118495893425521,2
0,0.3269585689023614,2
0,0.14612233443520878,2
1,0.2741367587694206,2
0,0.37088483139903694,2
0,0.3181261766164835,2
1,0.23285158228575592,2
0,0.06359185826252547,2
0,0.11974932679703862,2
0,0.055111331830843505,2
0,0.37881800759258616,2
0,0.1826004195464765,2
1,0.285364162653003,2
0,0.07370944895363812,2
0,0.19598882898941528,2
0,0.29656431711681985,2
1,0.13239480809637125,2
0,0.3049179968299043,2
0,0.4106749433907248,2
1,0.38342037563316217,2
0,0.14758905616593995,2
0,0.289946741529728,2
0,0.09556293823298756,2
1,0.2511687347551317,2
0,0.08592815121274461,2
0,0.14759294767804917,2
0,0.27069016135640617,2
0,0.10118298443581406,2
0,0.2524848658631235,2
0,0.4687273555008001,2
1,0.5069833695501615,2
0,0.08282454898979581,2
1,0.36021905206334226,2
0,0.07570835376137897,2
0,0.4057520959188862,2
0,0.15886041277818383,2
0,0.18442253991233135,2
1,0.3084672755435053,2
0,0.10378039100366852,2
0,0.3984164592015877,2
0,0.33760403480010226,2
0,0.26482290463308356,2
0,0.05606612540464105,2
0,0.29681751439042625,2
1,0.221504696886891,2
1,0.4608736339784758,2
0,0.05533780531561508,2
1,0.42143804568358145,2
0,0.18672834791925427,2
0,0.2663045407187438,2
0,0.42411087977048356,2
0,0.22647591632980812,2
0,0.22523759597512452,2
0,0.1753544046470027,2
0,0.1927275525537963,2
0,0.08568110343370784,2
0,0.33468927130388404,2
0,0.08201442677269974,2
0,0.21169542519328044,2
1,0.45989776615361183,2
1,0.08982989370500896,2
0,0.21714739785220294,2
0,0.09204542651914911,2
1,0.2184834168917581,2
1,0.4160386503475191,2
1,0.28224097673159965,2
0,0.07044471833660429,2
0,0.32747233042625146,2
0,0.26403922062387386,2
0,0.3061573427503478,2
0,0.11577180678488616,2
0,0.04063235757019867,2
0,0.26948989037661564,2
1,0.3200834901108004,2
0,0.4326270419874295,2
0,0.416083364681144,2
0,0.18616475498903348,2
1,0.33631632656824195,2
1,0.25463782692072556,2
0,0.13375550657656624,2
0,0.2522794818707529,2
1,0.19454884852946958,2
0,0.26226322453286754,2
0,0.1684906072712153,2
0,0.16635338355992577,2
0,0.35015050340545184,2
0,0.19894974708173024,2
1,0.27537691802008557,2
1,0.31138802962707374,2
0,0.2941647398099079,2
1,0.34724246610754483,2
1,0.2505887273406143,2
0,0.32201879790734617,2
1,0.6286745849065836,2
0,0.10064403274393222,2
1,0.1582732905497765,2
1,0.3089726569176955,2
1,0.3294853011825418,2
0,0.14083113028001823,2
1,0.3590053245869738,2
0,0.2634339218337535,2
1,0.3572238440172925,2
0,0.24884951122668938,2
1,0.3583967932426039,2
0,0.20228752275427198,2
1,0.357062968461737,2
0,0.06192838003406355,2
1,0.4271621822153693,2
0,0.08994447095068411,2
0,0.2161205947236974,2
0,0.4068165425313035,2
0,0.20963149505220835,2
0,0.4184582388050276,2
1,0.27869043791249515,2
0,0.16026033546466684,2
0,0.2215330545986192,2
0,0.16470705618285691,2
1,0.6140708566516677,2
0,0.20662017894612184,2
0,0.15017290780023154,2
0,0.1678218530572681,2
0,0.20862360030249658,2
0,0.25364416711648274,2
0,0.3353455710181782,2
0,0.03973224228622592,2
0,0.24491371448619406,2
0,0.3112864000553133,2
0,0.18096968066819172,2
0,0.3673502708960641,2
0,0.17230125926535123,2
0,0.05679074041830573,2
0,0.0743852467908327,2
0,0.128041838157764,2
0,0.47487142153306616,2
0,0.16627380066472497,2
0,0.1737438204749277,2
0,0.44676434013567895,2
0,0.10847313954497904,2
0,0.46786791176546905,2
0,0.2858698655769152,2
0,0.09400567762459242,2
0,0.2521862507159526,2
0,0.23570801971997318,2
0,0.09191229156391516,2
0,0.17253567536351863,2
0,0.3578930298380278,2
1,0.22436690149689553,2
1,0.17548147940545022,2
0,0.23899853393625997,2
0,0.05832888455235741,2
1,0.28432313905238005,2
0,0.2631842289003145,2
0,0.07919759757323162,2
0,0.23784970473881345,2
0,0.06469404860872882,2
0,0.3437636421823807,2
0,0.09510954131212454,2
0,0.12310791068866023,2
0,0.18899792122184422,2
1,0.3775625258888375,2
0,0.3132912993436359,2
0,0.07629477907915265,2
0,0.2891082276071766,2
0,0.19176389917784897,2
0,0.1385986423828192,2
0,0.2794268946514597,2
1,0.10465264851763424,2
1,0.47367894509130903,2
0,0.29768562199232196,2
1,0.401354413963963,2
0,0.08078611245407177,2
0,0.3056549560561445,2
0,0.32413212446379,2
1,0.3347491194789767,2
0,0.17445757731989045,2
1,0.5587525912892279,2
0,0.16597303800286617,2
0,0.11063166759190396,2
0,0.25830665855468016,2
1,0.40447844940413924,2
0,0.30224356672320996,2
1,0.3643257960986462,2
1,0.14385237685693322,2
1,0.08113191797076313,2
0,0.33530136196066473,2
0,0.14682834658446692,2
0,0.2140896077293902,2
1,0.30243010193293285,2
0,0.12085936959226048,2
0,0.32932717108837034,2
0,0.14550794334485384,2
0,0.2838472503277511,2
0,0.21588407841790297,2
0,0.2338857246642747,2
0,0.36154754524540017,2
0,0.5337116970822033,2
0,0.12131362687313078,2
0,0.16490243102908944,2
0,0.2358733622911855,2
0,0.32401658481346496,2
1,0.21040930279322265,2
0,0.07699312560455598,2
0,0.22032269487606543,2
0,0.16702619504800292,2
0,0.18024295521339811,2
1,0.2625937536476518,2
0,0.2733981454607959,2
1,0.37310698797176056,2
0,0.09070380876071926,2
0,0.25001146176250355,2
0,0.23375452303027078,2
1,0.29720275983459443,2
1,0.32982578147724523,2
0,0.4428352198214369,2
0,0.05556640802246923,2
1,0.367975383017314,2
1,0.2217061846372136,2
0,0.06655850323455659,2
1,0.4303932220804374,2
1,0.30728496181445425,2
0,0.12665483306454492,2
0,0.27417037664017085,2
0,0.40580388127312894,2
0,0.35044580996141905,2
0,0.3517663384875217,2
0,0.07840811028363451,2
0,0.3451246285212324,2
0,0.1549271239186605,2
0,0.19765137102848665,2
1,0.14723322666953692,2
0,0.16297567716949163,2
0,0.24039024420707264,2
0,0.07630413168651794,2
1,0.38833851042855627,2
0,0.12270456259668852,2
0,0.09830107825986009,2
0,0.33222188565522187,2
0,0.3360023023397448,2
1,0.279514469580011,2
1,0.28272835170949134,2
0,0.04129909150717621,2
0,0.3023484866453411,2
1,0.12469706361358543,2
1,0.20041813619886545,2
0,0.3629801802352266,2
1,0.4459981800985483,2
0,0.1543961023589604,2
0,0.3779099665631029,2
1,0.0710509367014418,2
0,0.2621457029552997,2
0,0.19416253166549818,2
0,0.2259029434325152,2
0,0.27423415359748476,2
0,0.3079968188377192,2
1,0.299114808566295,2
0,0.30238700183851863,2
0,0.1931214174847795,2
0,0.08501778351937044,2
0,0.21221555762403563,2
0,0.2883571429051222,2
1,0.43290139441732006,2
0,0.17079239336953844,2
0,0.2111341878075444,2
1,0.3768815696705601,2
0,0.2535964066948652,2
0,0.061205790164494345,2
0,0.22719945190455654,2
0,0.08047960632657636,2
0,0.09934531770607276,2
0,0.40226113126965135,2
0,0.16510644592864782,2
0,0.28088624575913673,2
0,0.16157430061578593,2
0,0.09507296854900835,2
0,0.21632197943921025,2
1,0.11177412350251589,2
0,0.3181640596002416,2
0,0.10604848148584135,2
0,0.11177500404859383,2
1,0.23291602415293916,2
0,0.31504303718446014,2
0,0.09552600550253476,2
0,0.17866079627674458,2
1,0.11959739749220294,2
0,0.09247433550811271,2
0,0.21621758011590872,2
0,0.22576692755742978,2
0,0.42150671873187895,2
0,0.22829945696287107,2
0,0.12893326153270018,2
0,0.15792973679384675,2
0,0.19101057862756465,2
0,0.30007759807171397,2
0,0.2991363954296232,2
1,0.42585406612736787,2
0,0.527890261831478,2
0,0.30221898157710164,2
0,0.15110269032477705,2
0,0.06763626078301453,2
0,0.14029072057097397,2
0,0.4591267346945677,2
0,0.18767578708667004,2
0,0.3228246935844929,2
1,0.27422171025035885,2
0,0.37063259428699746,2
1,0.10848130964502274,2
0,0.09609441302826739,2
0,0.17468091685335624,2
0,0.30821780893979717,2
0,0.2789755899031817,2
1,0.21134768921251196,2
0,0.39228181886425334,2
0,0.052542873234582524,2
0,0.32709206330373897,2
1,0.40000715511879265,2
0,0.42388701479891444,2
0,0.11143028145639718,2
0,0.31542674876554544,2
0,0.292559976945277,2
0,0.24805978865296355,2
0,0.13405911120621733,2
0,0.05583331061838583,2
0,0.303783794511897,2
0,0.24548250712757344,2
0,0.08966854088236856,2
1,0.24510648525942183,2
1,0.27663272562962876,2
1,0.5346884016812598,2
1,0.40650188141595534,2
0,0.21555854878352765,2
0,0.4891398539789677,2
1,0.2250409804389874,2
0,0.0585770548566171,2
0,0.1271227704305284,2
0,0.10697806067749602,2
0,0.3313780871839027,2
0,0.04992814018404512,2
0,0.0739373129190005,2
0,0.3391413886326522,2
0,0.06890189990541544,2
0,0.2909745561299225,2
0,0.3372656678745675,2
0,0.11110475982993132,2
0,0.29370219083835364,2
0,0.09909642970070281,2
0,0.09139404951013279,2
1,0.3388218526047177,2
0,0.071271793916244,2
0,0.06654145491956709,2
0,0.3213057423507232,2
1,0.3071683986149254,2
0,0.23534476618799816,2
1,0.39074282494761503,2
0,0.2553222561976497,2
0,0.08053599817393906,2
0,0.12254109084404316,2
0,0.10505316878579385,2
1,0.16995149266840007,2
0,0.28887849908445296,2
0,0.27712420361785806,2
1,0.28919222395377275,2
0,0.30866993448011726,2
0,0.1979769951034301,2
1,0.3178781167471562,2
1,0.1320498668562742,2
0,0.22765115733009125,2
0,0.31725600568331147,2
0,0.1812782650133557,2
0,0.3121325337792376,2
1,0.12400982363715116,2
0,0.13265163547726433,2
1,0.4968305122897144,2
0,0.09656628552625357,2
1,0.15271492931487246,2
1,0.3092447112441207,2
0,0.15486648955098903,2
0,0.19707075865199553,2
0,0.5088667082300884,2
0,0.21970883184817927,2
0,0.1258232597463186,2
0,0.1137380651381387,2
0,0.212096328667426,2
0,0.13103461304178174,2
1,0.6516593981580554,2
0,0.391223460595363,2
0,0.1338560419085761,2
1,0.19509217339049126,2
0,0.15270662992430992,2
0,0.2770030775508938,2
0,0.1698723867886433,2
0,0.4850196698627408,2
1,0.31148703609119044,2
0,0.24939535048533978,2
1,0.42750513107739674,2
0,0.30867943689168986,2
0,0.11268878976794897,2
0,0.3252175019853969,2
0,0.2129283396891235,2
0,0.15007345162124391,2
0,0.15582846318495064,2
0,0.15932099714094475,2
1,0.33153346159026026,2
0,0.13500544307208995,2
0,0.05908187118735661,2
0,0.23641982578994836,2
0,0.43618679941539534,2
1,0.08332695738963145,2
0,0.06204518804448442,2
0,0.03698451559071511,2
0,0.12213156972175992,2
0,0.10628059608467286,2
1,0.2919509683206778,2
0,0.2540953653310788,2
0,0.30327813052566277,2
0,0.25469402400110386,2
0,0.18110177589422036,2
0,0.273899264795404,2
0,0.1271757748271698,2
1,0.18417499344827679,2
0,0.3247836114659857,2
0,0.25552195846992043,2
0,0.09344783314838237,2
0,0.07464595163585157,2
1,0.3401402362567084,2
0,0.14923917328678976,2
0,0.16408603410786332,2
0,0.21775304050675812,2
1,0.14752760825447492,2
1,0.3060286018561244,2
0,0.09662887034189717,2
1,0.2854272574579828,2
0,0.1969304048016255,2
0,0.3171482455129838,2
0,0.2325033676852364,2
0,0.12949712928395793,2
0,0.16572821923313186,2
1,0.2889309567382064,2
0,0.14750929586731687,2
0,0.15089953398161968,2
0,0.30086290542433686,2
0,0.11574998391481953,2
0,0.28080524325948797,2
0,0.1907195241046693,2
0,0.07534257862469781,2
1,0.1589382174839303,2
1,0.32791231860760356,2
0,0.3951712573853094,2
1,0.6311899919068097,2
0,0.0676888528234409,2
0,0.04427592043709057,2
0,0.1098282526758765,2
0,0.15108402674796104,2
0,0.07909290928624334,2
1,0.554181403295862,2
0,0.13139123274508585,2
0,0.27967828867785194,2
0,0.19955904526690565,2
0,0.37792863555550327,2
0,0.06271175803257528,2
0,0.12114430916252691,2
0,0.09806941916722094,2
0,0.18570851480473313,2
0,0.1158210196917918,2
0,0.24181939557820847,2
1,0.3778287540756339,2
0,0.19457690828747953,2
0,0.060711904475600056,2
0,0.23442496144206298,2
0,0.3495784172838412,2
0,0.09010886813743581,2
0,0.16587463332715574,2
1,0.3611787836586045,2
0,0.06049778423190676,2
0,0.31556026624501543,2
0,0.16753776251656238,2
1,0.2245264074780216,2
1,0.20110894326233097,2
0,0.05278301726069099,2
0,0.4555322609915872,2
0,0.4075369293840586,2
0,0.4318264176062148,2
0,0.44870890327654644,2
0,0.11880472490931537,2
0,0.09156540487788577,2
1,0.1575919968930138,2
1,0.36124990158319537,2
0,0.38234278049502646,2
1,0.2932270664703869,2
1,0.25413431746427106,2
0,0.19286291624650692,2
0,0.2520684179440906,2
0,0.2629749128519477,2
0,0.11429203041846202,2
0,0.22909780085502673,2
0,0.2290121107269384,2
0,0.1406751944218337,2
1,0.3537708903274036,2
0,0.1750485974971277,2
0,0.08888196610252047,2
0,0.2496164008222457,2
0,0.18051347660010145,2
0,0.22909507048141664,2
0,0.1823246647286165,2
0,0.2434876240746697,2
1,0.06916914082146053,2
1,0.07612608320751524,2
0,0.09327526460876047,2
0,0.41297890352100386,2
0,0.07318258232550542,2
0,0.09688106918476207,2
0,0.3342860815419243,2
0,0.1947518639253573,2
0,0.25500345818286896,2
0,0.2643992998403565,2
1,0.5229476062789582,2
0,0.07585270993105493,2
0,0.32057326629231053,2
0,0.3103646924885327,2
0,0.2850982290830619,2
0,0.08025210956053641,2
1,0.08741617329846876,2
1,0.3499164812380984,2
1,0.19792494077564443,2
1,0.28396453350668716,2
0,0.07196559547409424,2
0,0.06314422917922743,2
0,0.2500878949271255,2
0,0.14959612542643763,2
0,0.2251668009305497,2
1,0.34702470891716464,2
0,0.08204526414282426,2
0,0.16386398391854323,2
0,0.3339760876334057,2
1,0.3134418564678538,2
0,0.08325997413261604,2
0,0.07466156634983528,2
0,0.3195913871848319,2
1,0.32456753692435836,2
0,0.1187556025845464,2
0,0.04013218351082416,2
1,0.14917460559740064,2
1,0.4057974788254076,2
0,0.1804374762737791,2
0,0.40237162015266253,2
1,0.4516151558019752,2
0,0.1446800857370315,2
1,0.10754850518565605,2
0,0.1925635611738118,2
0,0.2558405072239226,2
1,0.24393670966179207,2
0,0.18585619617151344,2
0,0.34684262050295384,2
0,0.27564788481132807,2
0,0.07536358999366584,2
1,0.5613623919242052,2
0,0.30412908613910433,2
0,0.10706897290793668,2
1,0.30988437522302403,2
0,0.40089286884933883,2
0,0.30323032520847193,2
0,0.09174255860546815,2
0,0.20343864692689614,2
0,0.3272082952744851,2
0,0.18730265752318415,2
0,0.11837601348903545,2
0,0.18008317457213247,2
0,0.23205603474509046,2
0,0.09897130851015143,2
0,0.2217091990847125,2
0,0.16587217250432407,2
1,0.2628252627659832,2
0,0.19259333746183693,2
0,0.17001082776619716,2
0,0.4542762251885005,2
1,0.6517537697385904,2
1,0.19092847871133978,2
0,0.3088809370574964,2
0,0.419914913965981,2
0,0.22334898396105834,2
0,0.29128947864241417,2
0,0.29645505815667184,2
0,0.14390917796112185,2
1,0.27046219779298836,2
0,0.20121254872351735,2
0,0.19410117260306137,2
0,0.077675605067348,2
0,0.2261385140728471,2
0,0.08253765356009728,2
1,0.1914881587460089,2
0,0.27456207753056167,2
0,0.10786842608025475,2
1,0.3177778489782506,2
1,0.07568122086296405,2
0,0.3109608239949298,2
0,0.2848735346098229,2
0,0.12519268642453069,2
1,0.2381767601149328,2
1,0.2935860982472423,2
0,0.2116826180388875,2
0,0.4218230070158552,2
0,0.09983947422500426,2
1,0.39424187107631303,2
0,0.31082723866799844,2
1,0.12776599683341208,2
0,0.06763866651599347,2
0,0.20447676720758803,2
0,0.06175071094320511,2
0,0.06673640303653411,2
0,0.23942846221369302,2
0,0.22593822547349496,2
0,0.06433271523112072,2
0,0.12636133031528263,2
0,0.34039164794558396,2
0,0.21283445245993643,2
1,0.25293391702783163,2
1,0.3438495446625574,2
0,0.07793528572223643,2
0,0.1756922752840661,2
0,0.083584280659933,2
1,0.18771117398664922,2
0,0.09484686408277748,2
0,0.13801514074016905,2
0,0.34447682876131175,2
0,0.14302204404947882,2
0,0.12915760683284747,2
0,0.10093715928136635,2
0,0.08412901871076138,2
0,0.4295418040082696,2
0,0.34434269418837826,2
0,0.2832957830839169,2
0,0.21481266051539144,2
0,0.2815791844306871,2
0,0.20627814086185547,2
0,0.15233703165142284,2
0,0.1160695856559332,2
0,0.27276865456614424,2
0,0.4687169524742305,2
1,0.29781120399899386,2
0,0.4433003142551302,2
1,0.33417479630506053,2
0,0.08003487960395142,2
0,0.20037901441172634,2
0,0.39183227485606187,2
0,0.259682267894479,2
0,0.10020241224345613,2
0,0.230319898521609,2
0,0.1473439007534724,2
0,0.06443510336869648,2
0,0.19660633741673578,2
0,0.3722274981820473,2
0,0.21788486070183044,2
0,0.23217443389524856,2
0,0.08793752888723946,2
1,0.1534252403384749,2
1,0.3441256072337197,2
0,0.24293357125129672,2
0,0.24114772274009383,2
0,0.31196955052328185,2
0,0.12258907232801326,2
0,0.286279492757594,2
1,0.12788550050039538,2
0,0.24552050230742703,2
0,0.321497352046895,2
0,0.12609234951035098,2
0,0.309198762559903,2
0,0.15764247676999205,2
0,0.19478622251300232,2
0,0.1133659048069777,2
0,0.1277082354127729,2
1,0.4027305896343193,2
0,0.28426577048537216,2
1,0.3282392871664824,2
0,0.3159729718523656,2
0,0.18882671348322477,2
0,0.44509957687822915,2
1,0.060888390903363204,2
0,0.08058734633508573,2
0,0.3444131102680389,2
1,0.2224107852907487,2
1,0.12817693878290645,2
0,0.17181366308797424,2
0,0.15575012020431858,2
0,0.2327015093050862,2
0,0.21393766434240413,2
0,0.11762311367054962,2
0,0.10142456301594283,2
1,0.2855354756499833,2
0,0.18059011889979681,2
0,0.08131109484146752,2
0,0.118875639921314,2
1,0.2781360659461266,2
1,0.270411601076488,2
0,0.1014146666118816,2
0,0.12790327625729916,2
0,0.22498600748733483,2
0,0.21037850582098588,2
0,0.3916293286283823,2
0,0.12034934642965492,2
0,0.37792155356155466,2
0,0.10984416291839562,2
1,0.2743555984114827,2
1,0.15481633584357885,2
1,0.09613866089286016,2
0,0.30851959068208534,2
0,0.10087797154967769,2
1,0.2426736627802899,2
0,0.24892361360000326,2
0,0.10626196044140654,2
1,0.37258232827575394,2
0,0.12554082053647786,2
0,0.20091458439820195,2
1,0.31290479551186995,2
0,0.06838735670864002,2
0,0.0763207018196563,2
0,0.0837930986068723,2
1,0.2171799462766363,2
0,0.13076801956432293,2
1,0.22021839683614036,2
1,0.3543248942463568,2
0,0.26703723682401254,2
1,0.2608423826932624,2
1,0.590407537206584,2
0,0.295727402641573,2
0,0.13415595335997982,2
1,0.2434155124584944,2
0,0.48893298451201184,2
0,0.2149159857601719,2
0,0.07117086592228436,2
1,0.27569877441742596,2
0,0.3815457611770399,2
0,0.2415254383833943,2
0,0.20543372303043905,2
0,0.20517318919173577,2
0,0.3557718264558987,2
0,0.2795650895970081,2
1,0.8009517602025662,2
1,0.3332885608081059,2
0,0.2600569414408124,2
1,0.30026056943138024,2
0,0.2665169823393556,2
0,0.41118083343225864,2
0,0.056986478926108315,2
1,0.22416769915870083,2
0,0.22719290715565565,2
1,0.3665294813309769,2
0,0.07737323184488386,2
0,0.09593687790228454,2
1,0.29926096751374825,2
0,0.07838156060217863,2
1,0.6792525611978341,2
0,0.2357184662679814,2
1,0.2674102703791573,2
0,0.08093247216118622,2
0,0.23802708927213267,2
1,0.13645381335469012,2
0,0.3324136744038919,2
0,0.23284983046716434,2
0,0.06268069064624003,2
1,0.30263379319199424,2
0,0.18085292570749653,2
0,0.15799904708773277,2
0,0.23303209714536466,2
0,0.21916472213692043,3
0,0.5695446061813927,3
0,0.525790667643819,3
0,0.42895947267184653,3
0,0.15786225296639794,3
1,0.1166718648653075,3
0,0.4329919387909065,3
0,0.28821674837414035,3
0,0.36693945588175025,3
1,0.4230388064813348,3
0,0.2831838994276752,3
0,0.17085247993364916,3
0,0.16849729769967678,3
0,0.12377800833261736,3
1,0.308735577112854,3
0,0.1900013428155447,3
0,0.23649829067902972,3
0,0.16598683934552752,3
0,0.052534136636468845,3
0,0.37882240730337585,3
0,0.29232292263350057,3
0,0.37426093898782276,3
0,0.13805207214505064,3
0,0.05844530192010634,3
0,0.1921702817957464,3
0,0.15102608403333745,3
0,0.2106129877581617,3
0,0.12194945831993827,3
0,0.09111837000715076,3
0,0.15601184382844824,3
0,0.1357057573274519,3
0,0.12268185928917441,3
0,0.2660686960212603,3
0,0.2599914801854066,3
0,0.10701029635127796,3
1,0.14008050271518369,3
0,0.406117654035159,3
0,0.0915194103022004,3
0,0.06220431364616406,3
1,0.3194854099243838,3
0,0.14408523995221945,3
0,0.05883407397940944,3
0,0.11977995213866692,3
0,0.3078584375603178,3
0,0.3059432472664432,3
0,0.09996188826595634,3
0,0.14218884297572001,3
0,0.406697940495076,3
0,0.06999418075902866,3
0,0.28722562895350845,3
0,0.24631762772485977,3
0,0.3667325985818562,3
1,0.1318961567684408,3
0,0.07444496380720073,3
0,0.32055379810808404,3
0,0.09191539397087957,3
0,0.11075317120812636,3
0,0.038319098857937814,3
0,0.27553369017017076,3
0,0.36070334510989355,3
0,0.06955614091161266,3
0,0.33142913583395633,3
0,0.08130953711348818,3
0,0.22730443683947962,3
0,0.23580527188450262,3
0,0.43756628558407723,3
0,0.23330715162392043,3
0,0.1605135196890319,3
1,0.31250313032344157,3
0,0.16345140782190515,3
0,0.10804442066338504,3
0,0.18294457962752866,3
0,0.3384051172037873,3
1,0.09621573456731525,3
0,0.3754427528661145,3
1,0.29780608465475955,3
0,0.18570399658596698,3
0,0.09552860419485701,3
1,0.34955163911702136,3
0,0.49425261354837696,3
0,0.21472759389879462,3
0,0.23608845925759814,3
0,0.21674225617854076,3
1,0.3507549769874233,3
1,0.4947992208429023,3
0,0.08110935219580423,3
0,0.16889851601080427,3
1,0.5331547938272662,3
0,0.25565315744464406,3
0,0.20010932854207858,3
0,0.49477880068214397,3
0,0.08329376267095807,3
1,0.1155511323242413,3
0,0.1188584387941321,3
0,0.31586317469580116,3
0,0.2414471845020982,3
1,0.40569003628536215,3
0,0.16724807130627917,3
0,0.10101330585990988,3
1,0.27377151786951004,3
0,0.25657876974595833,3
0,0.3304978687343352,3
0,0.4080075021708906,3
0,0.05484245634260353,3
1,0.20208709159700536,3
1,0.2506119522942114,3
1,0.20255702264890843,3
0,0.42083186254945215,3
0,0.17671142026495512,3
0,0.23698247982343165,3
0,0.38502782006502734,3
0,0.08192907075600903,3
0,0.11384081071311597,3
0,0.3010349555996228,3
0,0.11147318155530335,3
0,0.2274096859883932,3
0,0.45315103597371387,3
0,0.469930346044029,3
0,0.3232261662787286,3
0,0.1353100447266746,3
1,0.21708247955846374,3
1,0.10870299090312108,3
0,0.0823105526207735,3
1,0.2431271487008846,3
0,0.1409581320217741,3
0,0.280596571323666,3
0,0.4377265526850953,3
0,0.16938473256665637,3
0,0.24469834484062408,3
1,0.3553141271182224,3
1,0.32871133157973487,3
0,0.37773978458361085,3
0,0.4997302074131545,3
0,0.2493195935392236,3
0,0.24919821922738333,3
0,0.2551545862958664,3
1,0.20670348532558064,3
0,0.22581050504702133,3
1,0.2559786547339001,3
0,0.08709022084528653,3
1,0.40295491256180777,3
0,0.09307916811758063,3
0,0.13767974859374352,3
1,0.24874314746466492,3
1,0.2832317274053838,3
0,0.41776980029191413,3
0,0.06263586523494219,3
0,0.13266831792517508,3
1,0.5793169803187918,3
0,0.25987285072042987,3
0,0.5298545604251576,3
0,0.3172287836794669,3
0,0.22257817623142068,3
1,0.4225897709477988,3
0,0.3739860837577632,3
1,0.6405784090367838,3
1,0.3197852167466216,3
1,0.30188406349172475,3
0,0.42786351070045703,3
0,0.37076807234084697,3
0,0.3251939490951868,3
0,0.2882911247383937,3
0,0.12053905875112628,3
1,0.3632861362730904,3
0,0.2746251246385412,3
0,0.3729346946496709,3
0,0.07331733765067926,3
0,0.4216220743581778,3
0,0.2267849717624998,3
0,0.13696624766092802,3
1,0.38056108034925096,3
1,0.26021908596048665,3
0,0.09042159558436597,3
0,0.14442438922744968,3
0,0.15182318825034258,3
0,0.5218559879069251,3
0,0.1332996571151893,3
0,0.06034912964043812,3
0,0.13509360781888802,3
1,0.22028700282597635,3
0,0.14464755519045533,3
0,0.20185058145693724,3
0,0.3362486148785825,3
1,0.3066959830427244,3
0,0.050368132338844844,3
0,0.254500813357076,3
0,0.18430290908932184,3
0,0.058215422868253625,3
0,0.2988543735073887,3
0,0.30025819594168385,3
0,0.2994032411321603,3
1,0.20352282885077244,3
0,0.34304056225558877,3
0,0.11052154512307481,3
0,0.32406941926838617,3
0,0.08817133171889877,3
0,0.38446119749287,3
0,0.12856222283043303,3
0,0.17623888500033696,3
0,0.1909665386123468,3
0,0.378979126435099,3
0,0.18789098833692652,3
0,0.5041569522925774,3
0,0.3691837177874996,3
0,0.22459439841502213,3
1,0.2327922641725175,3
0,0.17052375012386983,3
0,0.1632451629809267,3
0,0.0713597544400424,3
0,0.15454175928311864,3
0,0.23777634128005248,3
0,0.33907732490774567,3
1,0.3316929324894792,3
0,0.1895451176447991,3
0,0.0824197157395753,3
1,0.2516492294723826,3
0,0.32701357320776764,3
0,0.15999738413897097,3
0,0.24708277834806452,3
1,0.24998920789850898,3
1,0.08776278875320954,3
0,0.0922893755658913,3
0,0.40714320097802514,3
0,0.1933054398601054,3
0,0.18705475222533757,3
0,0.24960087958000782,3
1,0.1713473605622964,3
0,0.3306741728915257,3
1,0.2834213348664616,3
0,0.17094751288035126,3
0,0.2327858155058241,3
1,0.305709314266612,3
0,0.09551078411909511,3
0,0.33121643089214275,3
0,0.06944407751189571,3
0,0.19610371205759997,3
1,0.2714822212956296,3
0,0.36841496829814113,3
0,0.35646887941073635,3
1,0.4802234142947388,3
0,0.14553465834389115,3
0,0.10948102675369711,3
0,0.09079058024116714,3
0,0.08352117158200859,3
0,0.06301784269292074,3
0,0.09317670199905898,3
0,0.09990452249477683,3
1,0.2295083777168226,3
0,0.42874658019902556,3
0,0.30106531674838805,3
0,0.1688540374644482,3
0,0.05992402219168266,3
0,0.08888231412868185,3
0,0.3246783518768844,3
0,0.15867701418851854,3
0,0.08307631674131416,3
0,0.2765901461500347,3
0,0.35138293456169883,3
1,0.2887911960287684,3
0,0.0832763009600448,3
0,0.26372122758850036,3
1,0.43645579525517075,3
1,0.24954107187829133,3
0,0.3901759805728921,3
0,0.3295092303160936,3
0,0.15857417596157608,3
0,0.06784122438549688,3
0,0.2765256455127789,3
0,0.08241228974483944,3
0,0.4111808240816639,3
0,0.2636744900808061,3
0,0.4517385071168613,3
0,0.23520950004457908,3
1,0.34072917731352337,3
1,0.2564084682412109,3
0,0.2323850298233924,3
0,0.04279027474157442,3
0,0.2535148831558193,3
0,0.3419342422913703,3
0,0.27514557893597014,3
0,0.2965646137441633,3
0,0.6009847382222506,3
0,0.06087485838040636,3
1,0.4969544300282298,3
0,0.14352730551628642,3
1,0.19614810177384778,3
0,0.06697906663934822,3
1,0.29795099694535654,3
0,0.08013299168918282,3
0,0.24799387987845478,3
1,0.21164115847230164,3
1,0.2987857524096762,3
0,0.1717583263578399,3
0,0.09781238670922153,3
0,0.07914722058044019,3
1,0.39779238110949694,3
0,0.2312463045599949,3
0,0.16268552988433665,3
1,0.39705664900823734,3
0,0.20987776972977573,3
0,0.20704053525491334,3
0,0.5624235827763537,3
1,0.2952020731047052,3
0,0.31642476039718,3
0,0.24192376382768657,3
0,0.2250779079470318,3
0,0.0901041118780444,3
1,0.14854682516010612,3
1,0.09609229633328917,3
0,0.17498833707231645,3
0,0.33504531706166274,3
0,0.24324568492502766,3
0,0.11537950197669204,3
0,0.14707010238276536,3
1,0.1761997052605399,3
0,0.4293945148373698,3
0,0.17167981437727262,3
0,0.187903793652051,3
0,0.2574262373593077,3
0,0.36681444806511976,3
0,0.3037718151548607,3
0,0.11662806252515892,3
1,0.2194235259645654,3
0,0.34809770046594213,3
0,0.09982404086006585,3
0,0.33515016894823263,3
0,0.15640933680462965,3
0,0.17125925722104088,3
0,0.3991128094456503,3
0,0.16939257576470415,3
0,0.26867223142970365,3
0,0.3260733787100489,3
1,0.29298058442517266,3
1,0.19369586441288125,3
0,0.2560363751144469,3
0,0.3985654320518379,3
0,0.17926382819649997,3
0,0.09490711114576461,3
0,0.3215004983707589,3
0,0.1618543933144166,3
0,0.07413077078123953,3
1,0.0846904640455551,3
0,0.19684710609541575,3
0,0.3174245941811508,3
0,0.3237298743506377,3
0,0.18516019635467368,3
0,0.27153018217598224,3
0,0.4383807329787516,3
0,0.14095939212516642,3
0,0.09467113314084957,3
1,0.21510158557653614,3
0,0.3184130915506777,3
0,0.5037742616267847,3
1,0.1058954994112886,3
0,0.291868290389133,3
1,0.4246415860188064,3
0,0.25033514332009843,3
0,0.09695775216690926,3
0,0.221283637956594,3
1,0.19601760621832592,3
1,0.32494772719858767,3
0,0.31512199741226427,3
1,0.2758685934462246,3
0,0.06262845357226804,3
0,0.16187716838862654,3
0,0.14112063035508576,3
1,0.16758200691221037,3
0,0.24155079900917287,3
0,0.13154172149033588,3
1,0.3377239887548669,3
0,0.2935788687760063,3
0,0.3452883466529028,3
0,0.07812816649317059,3
0,0.31062854208276647,3
0,0.05280734101970286,3
0,0.27362766279004763,3
0,0.09196567289231956,3
1,0.17329860290388294,3
1,0.2925151563924231,3
0,0.06534283331461571,3
0,0.24421151007319208,3
1,0.16568605153115662,3
0,0.15127458693844895,3
0,0.15410592213191254,3
0,0.17312884346201315,3
0,0.09112864593745926,3
0,0.0603257533639749,3
0,0.35813580433115816,3
0,0.08779343320070124,3
0,0.27071917684795066,3
0,0.309253577453121,3
0,0.11416034222652321,3
1,0.4415506386574326,3
0,0.06586436914717633,3
0,0.16223319697302552,3
0,0.12257935656771318,3
0,0.2944020825060579,3
1,0.27803440748165753,3
0,0.30907810568817906,3
0,0.3354739757019317,3
0,0.3474052804253047,3
0,0.24010331812400068,3
0,0.439726239880466,3
0,0.2824761706169252,3
0,0.09933023316802848,3
0,0.3197089116026699,3
0,0.40590261010156786,3
1,0.18899692269978327,3
0,0.39382130896553563,3
1,0.40187652439525845,3
0,0.10708751434474707,3
0,0.093363565649093,3
1,0.40888945982941394,3
0,0.15586154008274666,3
0,0.3542318579384416,3
0,0.2975137124407929,3
0,0.06431733416601682,3
0,0.2076188607854076,3
1,0.4305493923596251,3
0,0.18827521268515668,3
1,0.12465983305421319,3
0,0.09367234470582533,3
0,0.1829637834885886,3
0,0.37400286553848355,3
1,0.4934759774521502,3
0,0.1281187776585764,3
1,0.3377350669449993,3
0,0.3765051461911634,3
0,0.09683819232648146,3
0,0.06545558120449965,3
1,0.43730140388715777,3
0,0.06010223630670252,3
1,0.32675608892631075,3
0,0.063141771695716,3
0,0.2949039521087126,3
0,0.3976023182838211,3
1,0.3238823379627973,3
0,0.25350806946466914,3
0,0.09597040429228228,3
0,0.33281420179834903,3
0,0.3472802891261964,3
1,0.34092938420172814,3
0,0.26578084009070335,3
0,0.2369351015548854,3
0,0.42017779891453677,3
0,0.15371016898033663,3
0,0.2706224398153284,3
0,0.11114350595048678,3
0,0.07770629594231765,3
0,0.08866442860646763,3
0,0.22685809199961618,3
0,0.1990843091611207,3
1,0.3079883766491366,3
0,0.21549770124135784,3
0,0.20341915567073507,3
0,0.3606585440412232,3
1,0.16182819806872356,3
0,0.37120212176906225,3
0,0.12141852088604543,3
0,0.152264095325701,3
1,0.3216366445296051,3
1,0.35361127349955007,3
1,0.3593316979633241,3
1,0.2861194833456281,3
1,0.3738110530164635,3
0,0.23999523045590612,3
0,0.19966818783831305,3
0,0.14487613822392176,3
0,0.18938120707566936,3
1,0.4111193472862976,3
0,0.5170419129757919,3
0,0.1141393648207942,3
0,0.19293590992244544,3
1,0.13564388513362938,3
0,0.3272731164477589,3
0,0.1994704800916084,3
0,0.11670658581472167,3
0,0.16285798017139258,3
0,0.6569633358403042,3
0,0.21372505872456687,3
0,0.0890012409535009,3
1,0.22316148578565959,3
0,0.08698034312792284,3
1,0.325991553566889,3
0,0.2892301621655189,3
1,0.4938129273429755,3
1,0.30757451467733143,3
0,0.13947601119555375,3
1,0.48017082249898957,3
0,0.13432376936556087,3
1,0.40165393697814133,3
1,0.2860073853082893,3
0,0.2941856252897154,3
0,0.29097261947223607,3
0,0.15079352402232396,3
1,0.37632652249368354,3
1,0.3434442785405914,3
0,0.1694009762179789,3
0,0.19942831565848934,3
1,0.2599906531223306,3
0,0.28183430039026736,3
0,0.16859382971866965,3
0,0.19437916931716206,3
0,0.3048415633209003,3
0,0.2603570915179001,3
0,0.08861077093079299,3
1,0.2202589164408355,3
0,0.29348270807767984,3
0,0.09209278549310257,3
0,0.3767175631611654,3
1,0.38312403114371557,3
0,0.20837346297827852,3
1,0.37206928510653914,3
0,0.12779860640778107,3
0,0.14055673803794363,3
1,0.2331199966847133,3
0,0.1648249777581534,3
0,0.086259228512802,3
1,0.2710184789760252,3
0,0.2744243840012256,3
0,0.26698312651774325,3
0,0.16628307836196726,3
0,0.22070127658343397,3
0,0.07864353961647434,3
0,0.17442194018787718,3
0,0.11935841075149534,3
0,0.07359392912520515,3
0,0.19655688300139115,3
0,0.273441830331244,3
0,0.283979092858776,3
1,0.13459449685296065,3
0,0.0853619199422508,3
0,0.2906554205110611,3
1,0.24776295951321586,3
0,0.36165614614043223,3
0,0.11107095265755738,3
0,0.17521264995873623,3
0,0.1687742937193101,3
0,0.0700438493675961,3
0,0.13819300464799666,3
0,0.08197277650067875,3
0,0.21598376359355886,3
0,0.36449190599598835,3
1,0.48964222572408955,3
0,0.16072529319122303,3
0,0.29294045165799887,3
1,0.5334486695614575,3
0,0.07661442849864628,3
1,0.5127069700915868,3
0,0.4865474154811268,3
0,0.053512688566301495,3
0,0.1577481435814465,3
0,0.2747101573688629,3
1,0.39779330867701923,3
1,0.3324116830622291,3
0,0.27510333219216454,3
0,0.1504621960417465,3
0,0.3366092686100787,3
0,0.17265408600661503,3
0,0.1748493244281098,3
1,0.3815098357034728,3
0,0.11761054855925408,3
1,0.28744604671494345,3
0,0.17292184545581069,3
0,0.5983736013220802,3
1,0.34405064058662566,3
0,0.4222746413031572,3
1,0.24816833620876325,3
0,0.24727378713339399,3
1,0.6015274627401543,3
1,0.3551763960636961,3
0,0.35471388393789505,3
1,0.10232866911644767,3
0,0.33546451707509134,3
0,0.49881307025428895,3
0,0.1426419166957838,3
0,0.4280200030030666,3
0,0.05751997747652923,3
0,0.30728363566180394,3
0,0.23716983757520618,3
0,0.28658297320572923,3
0,0.21425020250019522,3
1,0.25281579268251,3
1,0.3847046746143339,3
0,0.12966991103489942,3
1,0.23571689719382904,3
0,0.44381526183743364,3
1,0.24781996384141253,3
0,0.2839662144719386,3
0,0.20126438304549102,3
0,0.3845963066685124,3
0,0.12325541028988214,3
0,0.4496179387830134,3
0,0.25043295485052014,3
1,0.32023354479937205,3
0,0.3155986410099465,3
0,0.42657091803731273,3
0,0.3739476226377896,3
0,0.22641100576621442,3
0,0.27090545003295485,3
0,0.21925876195306093,3
1,0.3851473467783213,3
0,0.36843961168376616,3
0,0.48196692119429096,3
0,0.13501702207746963,3
0,0.2494733790121637,3
0,0.10724662732999841,3
0,0.3869359736318803,3
1,0.18195363999670922,3
0,0.2641923937870588,3
0,0.10979943646585952,3
1,0.4075376708123326,3
0,0.26770200385696463,3
0,0.09711190866247187,3
0,0.10874730665741422,3
0,0.07531064321894401,3
0,0.32654240650921684,3
1,0.4381584593608227,3
0,0.1406283085217166,3
0,0.2912594837912377,3
0,0.30249686712466034,3
0,0.3010617936303364,3
0,0.2764124049736914,3
0,0.4841805464818628,3
1,0.214078501179874,3
0,0.14887325151043784,3
0,0.30126479932095507,3
1,0.17603467311441218,3
1,0.2660209854729727,3
0,0.3574786594857212,3
0,0.12070487617016284,3
1,0.19616667623958361,3
0,0.06833007355150307,3
1,0.3247576123557092,3
0,0.08717303503653223,3
0,0.2765276019909175,3
0,0.23144433791571126,3
0,0.062163621619001366,3
1,0.5378086372431885,3
0,0.20693396267776196,3
1,0.33185880116005895,3
0,0.37194910192447533,3
1,0.2601915171112146,3
0,0.251938354478561,3
1,0.3313981229182232,3
1,0.3163293691700083,3
0,0.20246116078445064,3
0,0.0819093509081579,3
0,0.044246667063177224,3
1,0.316558422839458,3
0,0.06764368106470094,3
0,0.3376777630013544,3
0,0.08916566962085742,3
0,0.13569457433297208,3
0,0.25595230080218556,3
0,0.13383239937211897,3
0,0.3829239642532227,3
0,0.19145312635668485,3
0,0.07202706746420057,3
0,0.210662622952069,3
0,0.12890235546881262,3
0,0.18424067419760892,3
0,0.3152163986040204,3
0,0.44511616031255197,3
0,0.2720946974149865,3
0,0.3426519324361421,3
0,0.09918647455472906,3
0,0.0958039062190241,3
0,0.09744227820183375,3
1,0.3680160365777564,3
1,0.11890410570713919,3
1,0.39389848409508893,3
0,0.3341756078143554,3
0,0.45039690782045283,3
0,0.3218388584103307,3
0,0.3547419420670127,3
1,0.3166870920217625,3
0,0.1363736303748665,3
0,0.1923286536431516,3
0,0.2537403168501261,3
0,0.4701838885158307,3
0,0.3321432306468928,3
0,0.058424894156046465,3
0,0.27910002486930185,3
0,0.35737039440030066,3
0,0.07310626682342986,3
0,0.06992752158647222,3
0,0.08982946606453102,3
0,0.1240283390025636,3
0,0.09951904125313933,3
1,0.7628369138657406,3
0,0.09547718928711546,3
0,0.21019186484265992,3
0,0.27373256413768965,3
0,0.10488452592464854,3
1,0.16095003107745204,3
1,0.09562036710415554,3
1,0.2824498298985731,3
0,0.33394357261829155,3
1,0.39785227047231586,3
0,0.2686079025155312,3
0,0.17144993239436102,3
0,0.23889130376564854,3
0,0.146666911421314,3
0,0.13701796349701545,3
0,0.501815587056699,3
1,0.12071379339537491,3
0,0.0801017429702183,3
0,0.35792855314475386,3
1,0.2953010829282516,3
0,0.08302457841483282,3
0,0.23715297884932568,3
0,0.32953595054293777,3
0,0.14336717010849065,3
0,0.1347375265641396,3
0,0.24243086833446717,3
0,0.17816433880004418,3
0,0.3158657978700323,3
0,0.3177769508172396,3
0,0.09939511717517234,3
0,0.11787930957341132,3
0,0.16196914450871663,3
1,0.3740643720230138,3
0,0.3309089419455623,3
0,0.06452494961153203,3
0,0.1772901654787121,3
0,0.2630522490885824,3
1,0.38948723102174493,3
0,0.13524623513457537,3
0,0.08401811683714913,3
0,0.1319484523076042,3
1,0.37472156467920037,3
1,0.4173181589182352,3
0,0.2644269709974723,3
0,0.3283030524437516,3
0,0.19321017863120515,3
0,0.19987203840756745,3
0,0.3375943223317699,3
0,0.3775563967594866,3
0,0.294690726695855,3
0,0.1282000492457133,3
1,0.305870212546844,3
0,0.43129513518044926,3
0,0.2992213719746102,3
0,0.2731934298520068,3
1,0.7384215695621992,3
0,0.4979497855454057,3
0,0.09199589179863475,3
0,0.3946042894784109,3
0,0.10946088585695551,3
0,0.4586309940855466,3
1,0.28651366486132723,3
0,0.1408826166046292,3
0,0.40510872227623357,3
0,0.523776641943702,3
0,0.08345827354302401,3
0,0.12356205223393654,3
0,0.34703903530939784,3
0,0.3835528656796281,3
1,0.20114843090678838,3
0,0.2683807023189599,3
0,0.2916813426996914,3
1,0.21788703378621635,3
1,0.36023780370466396,3
0,0.2242159097210087,3
0,0.2883730544760847,3
1,0.1408645904499172,3
1,0.28314028431540583,3
0,0.5918262243927622,3
1,0.39299073456953637,3
0,0.3236986663326558,3
0,0.21713462018395968,3
0,0.16577365077214035,3
0,0.3454245859819526,3
1,0.5962527577355472,3
1,0.37550607320277185,3
0,0.3640599062791019,3
1,0.3336925275522434,3
1,0.591264326596961,3
0,0.19799341314567517,3
0,0.05735770657200789,3
0,0.15457667279740167,3
0,0.3535541122026671,3
1,0.3603754899836652,3
0,0.18583735807089496,3
0,0.2265795749522284,3
0,0.18359869030816695,3
1,0.11176976822107731,3
0,0.15998100845303947,3
0,0.08235209000515314,3
1,0.23013069786926477,3
1,0.4222951153823706,3
0,0.4244309463465999,3
0,0.09340621911948715,3
0,0.05783032719522622,3
0,0.24153094364212557,3
1,0.6157305653645225,3
0,0.4121968999543415,3
0,0.10599878082587659,3
0,0.14063779782653094,3
1,0.24932806898679255,3
1,0.34775527015650975,3
1,0.21046628055556288,3
1,0.24145895779237825,3
0,0.12233730130250493,3
0,0.08453265074739917,3
0,0.297073724765186,3
0,0.07376126625420623,3
0,0.31877664969855696,3
1,0.43673766903837297,3
1,0.25234420735569135,3
0,0.08854101548186136,3
1,0.311441171856267,3
1,0.30099868451347433,3
0,0.5746452721153763,3
1,0.2609050413912319,3
0,0.45947916078474255,3
0,0.22535051453713867,3
1,0.4235758774002741,3
0,0.28609811987179434,3
1,0.2852214854483286,3
0,0.09907506189285861,3
0,0.21461039046510377,3
0,0.0990193003946798,3
0,0.09466891909336443,3
0,0.41546486882046474,3
1,0.20223424657531752,3
0,0.20182097665814175,3
0,0.12323891724158924,3
0,0.30116780978132457,3
0,0.30988521488110876,3
1,0.34324464539965704,3
1,0.31207796203869254,3
0,0.40043125112153527,3
0,0.046900969692426506,3
0,0.1134276813666264,3
1,0.181529251657083,3
1,0.575902034054169,3
0,0.1612671338914118,3
0,0.13692121827592957,3
1,0.2963374119060672,3
0,0.2293414969417722,3
0,0.1924854257692843,3
0,0.29020465619796154,3
0,0.333567467760322,3
0,0.30788095708444707,3
0,0.3281203418519404,3
0,0.22187021753152703,3
0,0.08185508916325364,3
0,0.09544483194797368,3
1,0.4949247647669355,3
0,0.1216955414383219,3
0,0.06651457117734934,3
1,0.2426071176066937,3
1,0.45689020257003,3
0,0.5144416578419289,3
0,0.055868727774899596,3
0,0.21132462233001492,3
1,0.39365769405275036,3
0,0.307247985592879,3
0,0.19102405117059298,3
0,0.13327344134913177,3
1,0.29598752853982413,3
0,0.21213831420642595,3
0,0.43077802443052404,3
0,0.12726715650652545,3
0,0.100887728424216,3
0,0.08214708963687727,3
1,0.27096415302166993,3
0,0.11286587692593886,3
0,0.18917835513178197,3
0,0.23571499863305329,3
0,0.18683810263215042,3
0,0.1598188658348783,3
0,0.19313536774900783,3
0,0.20941566043660034,3
0,0.33819254447200214,3
1,0.08950211917548356,3
1,0.3276175012925116,3
0,0.284567421234914,3
1,0.16781566966666497,3
0,0.1431725559158591,3
0,0.15135914571375764,3
1,0.601417153466127,3
0,0.2818418043909977,3
0,0.47212633080274735,3
1,0.2672368952937531,3
1,0.2682783312412955,3
0,0.462793606319085,3
0,0.07420709381401337,3
0,0.386326172783832,3
0,0.35746798900711774,3
0,0.3459131265257941,3
0,0.09273509394624192,3
0,0.0732254174188895,3
0,0.1927475753535526,3
0,0.3088880482577121,3
0,0.11802649371640467,3
1,0.36961573305476136,3
0,0.42709383565209585,3
0,0.16256292867944747,3
0,0.4818809984382147,3
0,0.22023010383268185,3
1,0.4422037157033155,3
1,0.16709114910862072,3
1,0.3883017134490534,3
1,0.1458205776307035,3
1,0.2540589884722897,3
1,0.25084672562727917,3
1,0.2132620764459241,3
0,0.17267584416204973,3
0,0.21028996513010592,3
0,0.21553198609138113,3
0,0.26399420213629615,3
0,0.34826397326331493,3
1,0.4322529045797632,3
1,0.40231273776847387,3
0,0.10442444590573947,3
0,0.31415024509680856,3
1,0.34680332846804707,3
0,0.08478932948665496,3
1,0.16872815231247537,3
0,0.12269946496102047,3
1,0.1858608729282955,3
0,0.07827751708861622,3
1,0.17608296011591426,3
0,0.44952451822200357,3
0,0.08362027181016732,3
0,0.13739170683770355,3
0,0.33318358975958134,3
0,0.16274104036008277,3
1,0.38872359628981074,3
1,0.22056595319775504,3
0,0.3892591746114955,3
0,0.29013329584007286,3
0,0.40724274252207027,3
1,0.382006834160623,3
0,0.24661438100107372,3
0,0.05029554685317275,3
0,0.16783589579412314,3
0,0.4096912861932451,3
1,0.3461753270181542,3
1,0.3700725238148106,3
0,0.17801816886660887,3
0,0.24513621726860854,3
1,0.19931636617735937,3
1,0.18129345121234663,3
1,0.41726540627679465,3
0,0.11712549168795469,3
0,0.4818024307963001,3
0,0.3066132420489001,3
0,0.08049900864567262,3
0,0.16370602794577951,3
0,0.28386624536714344,3
1,0.4141953812594581,3
1,0.4431758623748665,3
1,0.31597987850346065,3
1,0.3131167899296413,3
0,0.1365185706308376,3
0,0.4139057808657258,3
0,0.11789339026758028,3
0,0.07732666558115454,3
1,0.1637135748251674,3
0,0.30839328911218405,3
0,0.09091987701550978,3
1,0.25614715444244335,3
1,0.2516919766525181,3
0,0.2331470577068857,3
0,0.3632556614917697,3
0,0.44962984910765347,3
0,0.07790801767214625,3
0,0.4958107855897004,3
0,0.4890833410222811,3
1,0.1179274715700157,3
0,0.10663635067768519,3
0,0.26547076668682396,3
1,0.4895569788687201,3
0,0.1302386964995027,3
0,0.10495342537340169,3
0,0.35465400193486724,3
1,0.27435094673578764,3
0,0.08855839337552417,3
0,0.27274374999266027,3
0,0.14033015410477256,3
0,0.12814341679381588,3
1,0.2687212437381013,3
0,0.14909289358480776,3
0,0.16515482625151842,3
1,0.2842688058954559,3
0,0.1651920590302227,3
1,0.6049266131569918,3
0,0.2584679121298735,3
0,0.37990562439578024,3
0,0.180508465677911,3
0,0.4334448895297291,3
0,0.24455908986698138,3
0,0.4247495632192669,3
0,0.07793218353349904,3
0,0.07929031009547778,3
0,0.1364884591068406,3
0,0.2702366173531592,3
0,0.6696854528303133,3
0,0.27810736599334307,3
0,0.46007126019418776,3
1,0.6001448524380625,3
0,0.2645775955783365,3
1,0.11907262870482987,3
1,0.12823857263390012,3
0,0.21551492384878232,3
0,0.1262153192777833,3
0,0.13124259789654694,3
1,0.156224245022809,3
0,0.47120173680753563,3
0,0.475322711164342,3
0,0.11642154572703893,3
1,0.34778188590305426,3
0,0.274073952967783,3
1,0.16766418886559958,3
0,0.26768218617661277,3
0,0.4094617274068907,3
0,0.23830925215737964,3
0,0.1288447952658092,3
1,0.22087293388155166,3
0,0.3135689132900571,3
0,0.39547349023333017,3
0,0.18529106696626754,3
0,0.06104328331682879,3
1,0.414493356452362,3
0,0.1696531443783718,3
0,0.3978925783147592,3
0,0.16579022433280816,3
0,0.20338085353973928,3
0,0.24317505957168523,3
0,0.13417210348054126,3
0,0.059347801742255166,3
1,0.2979466578674884,3
0,0.09759184269152388,3
0,0.23717826206488435,3
0,0.4596982679601845,3
0,0.3365508050249643,3
0,0.5542823935358319,3
0,0.0993884714149112,3
0,0.08492745332263352,3
0,0.1478873890534642,3
0,0.12230430488316865,3
0,0.32082522081178677,3
0,0.2775648132605107,3
1,0.35256567811068074,3
0,0.28264761548834977,3
0,0.41528476090641,3
1,0.28602129057760173,3
0,0.15058686222984258,3
0,0.09589943812752588,3
0,0.17252983972636543,3
0,0.13102455134750499,3
0,0.25356681260034086,3
1,0.38947360036142875,3
1,0.7048054949250093,3
0,0.0849946036653913,3
0,0.4206138744625438,3
0,0.07400386141566075,3
0,0.1002116815683761,3
1,0.1805687031879576,3
0,0.26296973952143754,3
1,0.4239494153019468,3
0,0.2362757092158321,3
1,0.4603061000212428,3
1,0.1484424152614141,3
1,0.2520501230783405,3
0,0.27330425071543285,3
0,0.3930852548966899,3
0,0.3211162727470573,3
0,0.20256859813297656,3
0,0.4093830040792151,3
0,0.10988936824862969,3
0,0.22685361137776822,3
0,0.24020699788209493,3
0,0.2536797126154865,3
0,0.062231822758268586,3
1,0.3210536503154363,3
1,0.05475977432988176,3
0,0.33253434622375294,3
0,0.1903100557690931,3
0,0.13984735952425642,3
1,0.244464226574566,3
0,0.12508180138124558,3
0,0.08890208334099733,3
1,0.20450025898934082,3
0,0.16037225524825954,3
1,0.15306406201550088,3
1,0.30616035348874904,3
1,0.20503851249437482,3
1,0.5858438716871062,3
1,0.5385130005980938,3
0,0.16283413919817336,3
0,0.29726459938460836,3
1,0.45957882136025346,3
0,0.5346927496913241,3
0,0.48620061557070327,3
1,0.5894196956589783,3
0,0.21063132602255466,3
0,0.09664615976839412,3
0,0.5654028535928561,3
0,0.21812433282181498,3
0,0.3118250430612356,3
0,0.3459176380498059,3
0,0.297312341117765,3
0,0.2636545466428073,3
0,0.12963725865879935,3
1,0.5272928494278435,3
0,0.09826715300039295,3
0,0.39818440817942385,3
0,0.16165190399037374,3
1,0.49778682437685623,3
1,0.15261069252198065,3
0,0.48221516116240987,3
0,0.16571015622134158,3
0,0.2726390196433314,3
0,0.08351271490866602,3
0,0.3022840130169201,3
0,0.23218116694095342,3
0,0.38492059476125967,3
0,0.0751165376085311,3
0,0.08702672250961851,3
0,0.32198480614878855,3
0,0.29073317186368874,3
0,0.19478657305494865,3
0,0.06901742934040056,3
0,0.08095839064905114,3
1,0.5539175585521556,3
0,0.20712094329700742,3
0,0.44713616767643316,3
0,0.12164767980322143,3
0,0.2555586757925339,3
0,0.2570047110644825,3
0,0.061819420436931914,3
0,0.15831672273634367,3
0,0.1182725483650868,3
0,0.22326819286118213,3
0,0.371132590097501,3
0,0.1432328509107725,3
0,0.21140692797384855,3
0,0.05439787075574936,3
1,0.5007853638546957,3
1,0.1762973511477286,3
0,0.21182107736060535,3
0,0.16869485924989347,3
0,0.12556049917861423,3
1,0.3975407053494826,3
0,0.4673971803126907,3
0,0.33948836708179514,3
0,0.08914202597832378,3
0,0.1066544497391371,3
1,0.34918367763589625,3
1,0.2926293908625508,3
0,0.25687268554507503,3
0,0.25198737665990334,3
0,0.34089992124594404,3
0,0.3359491079095226,3
0,0.37685038617264477,3
0,0.13836988540634076,3
0,0.11599688286742678,3
0,0.2799967222775766,3
0,0.1181169564755725,3
0,0.49955022334453275,3
1,0.19662496321291223,3
0,0.3569181683488763,3
0,0.28638739395956403,3
0,0.3217129561049955,3
1,0.1179925475547412,3
0,0.18888489363901728,3
0,0.20151115132251696,3
0,0.3517751499003625,3
0,0.19395172812465064,3
1,0.22735416890639368,3
0,0.13495639545591703,3
0,0.5262688159247038,3
1,0.5280307489198085,3
1,0.34491229415290514,3
1,0.3048848164095205,3
1,0.303401086986593,3
0,0.21054832518308222,3
0,0.22459808554396685,3
0,0.3381329831409882,3
0,0.24263612482893337,3
0,0.5332507917942295,3
1,0.480450537229278,3
1,0.11885603848795949,3
0,0.190022908350126,3
0,0.3284880663790217,3
1,0.14902362947145584,3
0,0.29879530143195776,3
0,0.3454077030944489,3
0,0.2231924249749228,3
0,0.2411378757220765,3
1,0.2971488942983566,3
0,0.12168475140847534,3
0,0.29765389673954423,3
1,0.4211737568949323,3
0,0.2834833794808272,3
0,0.392696481367322,4
0,0.33254646675657645,4
1,0.2427007124564447,4
1,0.21791760242550728,4
0,0.21565180879823007,4
0,0.169581061274543,4
0,0.11208806747255756,4
1,0.6688585911699545,4
1,0.5340865813215026,4
0,0.2115684586709115,4
0,0.06014844538813116,4
1,0.21129892300568495,4
0,0.20147574282793795,4
0,0.12783442750577348,4
0,0.1520396163603151,4
1,0.40113275332608533,4
0,0.13168899962394923,4
1,0.3621289136043436,4
1,0.2271021083046072,4
0,0.3755590997293401,4
0,0.2672094955487495,4
1,0.6050794965850083,4
1,0.3427265887249515,4
0,0.18042290240117542,4
1,0.5601549878479847,4
1,0.14977969395101806,4
0,0.1578540776366016,4
0,0.15535634766666975,4
0,0.2691994684519309,4
1,0.1381245805521557,4
0,0.25043484349348616,4
0,0.1272691710508079,4
0,0.2095994416925043,4
1,0.26260051222758685,4
0,0.3536136500678359,4
1,0.39283709109587417,4
0,0.2816930383658104,4
1,0.3250780978025956,4
0,0.33778512860804566,4
1,0.3889236674516274,4
1,0.5215293293776878,4
0,0.12232132226325396,4
1,0.16826232546316564,4
0,0.1399082796753564,4
0,0.08626550740270192,4
0,0.27002315702191193,4
1,0.36855578160191443,4
1,0.37240125095737386,4
0,0.5107087972093405,4
0,0.18730680430878124,4
0,0.28092010134380907,4
0,0.20235111227577487,4
0,0.21532717290934997,4
0,0.23183157691073178,4
0,0.19075328112889137,4
0,0.19639513044217072,4
1,0.3612600567235902,4
1,0.5668084283931629,4
0,0.1678962009582841,4
1,0.5407723474969414,4
0,0.2857748687724619,4
1,0.8589561094550877,4
0,0.4425837054546444,4
0,0.12047849189853102,4
0,0.1457747403021794,4
0,0.1263679370748358,4
1,0.2776101207752659,4
0,0.20096112565023633,4
0,0.2461383138700793,4
0,0.5631070044075501,4
0,0.35817755933530526,4
0,0.14728828063623445,4
0,0.10936829101012394,4
1,0.3483184573955662,4
0,0.1800246025741975,4
0,0.1298008693545162,4
0,0.14595601326987664,4
0,0.16076915224828042,4
0,0.4120600019777688,4
0,0.11217092083516664,4
0,0.4655058471357969,4
1,0.2797913720133002,4
0,0.24348970690744326,4
0,0.0834218460499545,4
0,0.1526716648877672,4
1,0.41924696869101397,4
0,0.2551540643553632,4
0,0.3756361591970814,4
0,0.26317347498753235,4
0,0.10947131152688604,4
0,0.5090327991967372,4
0,0.23066266080595393,4
0,0.09755646917460556,4
1,0.4484665476855486,4
0,0.4195433553630503,4
1,0.36883688880887794,4
0,0.2842371783604096,4
0,0.14741753449789183,4
1,0.3069201237428024,4
0,0.10447163369671354,4
0,0.5062871960543412,4
0,0.18846213015059604,4
0,0.207072892851446,4
0,0.2364116431159031,4
0,0.30847976750977896,4
1,0.41114522001618337,4
1,0.25907340422344494,4
0,0.06796246883305901,4
1,0.3192806903087855,4
0,0.23606722960940246,4
0,0.17867037809668157,4
1,0.4182725461501849,4
1,0.5041193436132506,4
0,0.4459237773864476,4
0,0.2549956216633279,4
1,0.1758356975451178,4
0,0.10417421195299789,4
0,0.17069230669398416,4
0,0.23368070594579585,4
0,0.13432205411336284,4
1,0.19714233916776705,4
0,0.201650806452089,4
0,0.08595031882823356,4
0,0.2463893422287339,4
0,0.054720885909263356,4
0,0.47987514846147533,4
1,0.08024522864774938,4
1,0.3621527180261482,4
1,0.32863619388546983,4
1,0.4229804466933208,4
0,0.36889198164518733,4
0,0.2801261193538528,4
0,0.1024661746829266,4
0,0.1119211587850455,4
0,0.299809602950866,4
0,0.28321975756096784,4
1,0.17716764539226484,4
0,0.1865755110916327,4
0,0.3329453377911791,4
0,0.1529968868077202,4
0,0.11322687342344914,4
0,0.09202985295375493,4
1,0.29054365341199984,4
0,0.1678999237085687,4
1,0.4129884685752902,4
0,0.1806586459996246,4
0,0.2689539992768487,4
0,0.1852731600054158,4
1,0.22353743282248587,4
0,0.06617958456216266,4
0,0.342655842700769,4
0,0.10312930207385396,4
0,0.43470824871750224,4
0,0.2999832397875728,4
0,0.10728846651474427,4
0,0.14228278290511998,4
0,0.24973997790594435,4
0,0.2738247289890403,4
0,0.1817687659501581,4
0,0.14972850015743236,4
0,0.4787276226658185,4
0,0.37832845542503674,4
0,0.2483060583314377,4
0,0.5160512226064445,4
0,0.4540063642023807,4
0,0.22523993991899066,4
0,0.12781691996831487,4
0,0.38771624479142497,4
1,0.27277110473285926,4
0,0.2925901449914151,4
0,0.29187548907337246,4
0,0.20234282324739475,4
1,0.08125945004192087,4
0,0.16553045609262174,4
0,0.42198195565555213,4
1,0.23247703678358597,4
0,0.0871338528359892,4
1,0.4191358533479521,4
0,0.22403055627510932,4
0,0.1739562108203645,4
1,0.18100619539624752,4
0,0.3316453493756537,4
0,0.06911746770728648,4
0,0.08779033352437246,4
0,0.11560351162612321,4
0,0.23708412525583117,4
0,0.3757393567597269,4
0,0.19051505288424747,4
0,0.5126112197184306,4
0,0.32262769523864143,4
0,0.3894489676703689,4
0,0.18434677793260612,4
0,0.14189775375461863,4
1,0.16437498052682237,4
0,0.28501541412532283,4
0,0.3462400588546936,4
1,0.12023712991322273,4
0,0.331058926206751,4
1,0.47029916826943347,4
0,0.38706246833575864,4
0,0.0651177035145173,4
0,0.25050758201783774,4
1,0.2549571187750918,4
0,0.32263009416783933,4
0,0.27181129030045253,4
0,0.2542868448927955,4
0,0.3456532421651842,4
0,0.5584983930273667,4
0,0.11263454987354493,4
1,0.3481862018632502,4
0,0.10708883606167724,4
1,0.33658818246748534,4
0,0.23334325346230494,4
0,0.11904981356449892,4
0,0.3093380834290977,4
1,0.26529223883042224,4
0,0.30369711867951443,4
0,0.23723905625597858,4
1,0.24776757022199974,4
1,0.45778923355262685,4
0,0.0989414318143102,4
1,0.09815245763755226,4
0,0.35620549320718853,4
1,0.416884544192079,4
0,0.16667972922455832,4
1,0.38483308969733804,4
1,0.37642571516665047,4
1,0.47640767150783414,4
0,0.21626114700747062,4
1,0.16650233161295358,4
0,0.36093834751928083,4
0,0.09110000391224042,4
1,0.4745044668791417,4
0,0.18284091575588787,4
0,0.2703103449318663,4
0,0.2896216183077497,4
0,0.22296906540534386,4
0,0.5319218405752693,4
0,0.29689395033828764,4
0,0.25271156999112077,4
1,0.1606849084291743,4
0,0.25846320882982765,4
0,0.08031826114718243,4
0,0.40814423216263357,4
0,0.2858964593613431,4
0,0.2093743342033776,4
0,0.20360761119256532,4
0,0.1051511180221774,4
1,0.35941977230288275,4
0,0.33964240801942164,4
1,0.5716802144709393,4
0,0.39052608634153807,4
0,0.4822353684135874,4
0,0.36576620182691366,4
1,0.27969049879337826,4
0,0.5212440854691994,4
0,0.49917259221914484,4
0,0.3770035878163712,4
0,0.1471330870420133,4
0,0.084380254598065,4
0,0.15799105914321243,4
0,0.0822577845065979,4
0,0.050082139848227694,4
0,0.09454811993455584,4
1,0.18520289389200595,4
1,0.4430853768672701,4
0,0.08522065915324878,4
0,0.09711008005725945,4
0,0.14829930484865178,4
0,0.2339887905593474,4
0,0.10034135940045491,4
1,0.3427687063631384,4
0,0.39961481146698447,4
0,0.21657041513323674,4
1,0.3202654565695827,4
0,0.17699366325085908,4
0,0.2919067508433414,4
1,0.15649340864121675,4
0,0.36006152782388023,4
0,0.2615647998148354,4
1,0.30079885394544914,4
1,0.24255887266560716,4
0,0.21548929673452058,4
0,0.43401708739162603,4
1,0.3938877644679269,4
0,0.1909825508299216,4
1,0.2790299926932591,4
0,0.15424549757774803,4
0,0.1362620756599736,4
0,0.21050865148976852,4
0,0.07735045413204861,4
0,0.45551113404263016,4
0,0.12905736820083646,4
0,0.15922315461920486,4
0,0.09345536976222017,4
0,0.3342550851071955,4
1,0.5649632380609381,4
1,0.3514903827041618,4
0,0.28050670385974397,4
0,0.45368622108005724,4
0,0.1968670827730367,4
0,0.33382202482395185,4
0,0.053220770893548194,4
0,0.15687649064902745,4
0,0.3019348544939041,4
0,0.3400999080282445,4
0,0.44992344409554524,4
0,0.1767099570978131,4
0,0.40913614970161133,4
0,0.156825295998539,4
0,0.415045276456506,4
0,0.35223423596807746,4
0,0.13780799801666735,4
1,0.2844012994270655,4
1,0.3171546611259877,4
0,0.2233855780011766,4
1,0.37360230764256575,4
0,0.29887936773718116,4
0,0.1687958704489649,4
1,0.4092266555938442,4
0,0.07672123575664588,4
0,0.0719242738592446,4
0,0.11408374791434996,4
0,0.2646893602382832,4
0,0.26547359540556514,4
0,0.24782789565311297,4
1,0.6027836291773343,4
1,0.29849733128053996,4
0,0.2125732799168193,4
0,0.1684452229508032,4
1,0.3530357085375087,4
0,0.14427552136044147,4
1,0.43314492922182973,4
0,0.12860684581171444,4
0,0.44249587068665375,4
0,0.11706723747941918,4
0,0.26383850936170683,4
0,0.15087041153857939,4
0,0.3864086179052434,4
0,0.385606651287728,4
0,0.3248275614153155,4
1,0.18955704107387872,4
1,0.2994684642327359,4
0,0.32937231634377995,4
0,0.32149753429390354,4
0,0.19417158018248692,4
0,0.25816710777958873,4
1,0.3281744605096482,4
1,0.14143437541006348,4
0,0.21132903401589886,4
0,0.3523745405406055,4
1,0.4449861373252901,4
0,0.053956795286861876,4
0,0.2905489911838238,4
0,0.23348515437723041,4
0,0.2350996210029034,4
1,0.4731744623465415,4
0,0.3486374234834723,4
0,0.3969466004563908,4
1,0.19798517670550303,4
0,0.3285909387690094,4
0,0.13985972866488378,4
0,0.1589061226960144,4
0,0.31419901551838825,4
0,0.2780496256542657,4
0,0.23845154097547458,4
0,0.06570179064567755,4
0,0.17203122327990092,4
0,0.4134086692031717,4
1,0.17326501618952697,4
1,0.20547325347767464,4
0,0.4405704455175697,4
0,0.3893288600906491,4
0,0.10396361677076511,4
0,0.3614147677185278,4
0,0.2809018270276308,4
0,0.13641245628784904,4
0,0.4015315720908239,4
0,0.1592822626021262,4
0,0.29944334911880377,4
0,0.5530774731463329,4
1,0.21694996881053294,4
0,0.0630297992331855,4
0,0.3409122925722995,4
1,0.37636471591113346,4
1,0.12274153280714245,4
0,0.2524646886059602,4
0,0.47471438688640577,4
0,0.4079891738918636,4
0,0.31208176196265847,4
0,0.30176156266501486,4
0,0.27882578181948847,4
1,0.3078503535907029,4
0,0.22008440869072698,4
0,0.24556739135110556,4
0,0.3794059687902459,4
0,0.37837391484711547,4
0,0.576605798878809,4
1,0.2995886556862939,4
0,0.09430012470203662,4
1,0.34335655629717493,4
0,0.40531247003502263,4
0,0.35101233042766283,4
0,0.1802438838773528,4
0,0.4457027166016567,4
0,0.1378395522215896,4
0,0.2534388453311017,4
0,0.4617154211064539,4
0,0.04028752158096102,4
0,0.22506046011446446,4
0,0.36454284253445013,4
0,0.3089526614105301,4
0,0.36111109212346193,4
0,0.29144919189761903,4
1,0.39033987247451085,4
1,0.3105472331862116,4
1,0.39272154448912006,4
0,0.34263000887790274,4
0,0.2664597725115371,4
1,0.10136003608743707,4
1,0.16148336048067796,4
0,0.11682202654234995,4
0,0.11256215340515402,4
1,0.27047617601887763,4
0,0.36267337041030556,4
0,0.3828247474234306,4
0,0.22954907499370375,4
0,0.20583593988951016,4
0,0.4862083123626763,4
0,0.46182251774479577,4
1,0.44264777817259304,4
0,0.10300333677771847,4
0,0.11755508945444607,4
1,0.40210821916378925,4
0,0.10086656673454567,4
0,0.13896916266001777,4
1,0.34061164915439435,4
1,0.1469634488732146,4
0,0.3366732008630101,4
0,0.2648341812147733,4
0,0.16774622270854936,4
1,0.13491618725757692,4
0,0.19498456952512982,4
0,0.3298563119606232,4
0,0.2391695309205648,4
0,0.16640676243862068,4
1,0.19943745517677655,4
0,0.4217286147014568,4
0,0.3688008485410741,4
0,0.12459262706687424,4
1,0.3860744837509665,4
0,0.2637165976262464,4
1,0.3647742339758424,4
0,0.43597123612702615,4
1,0.34202422942536836,4
0,0.23918968750111608,4
0,0.283935298306286,4
0,0.0745920608330337,4
1,0.21764162762989614,4
0,0.33390857292920073,4
0,0.35157004973654116,4
0,0.20488095222050906,4
1,0.5114753513728254,4
0,0.14938016242932922,4
0,0.17778572909811968,4
0,0.3876118874657175,4
1,0.1917124803093322,4
1,0.45507281880040906,4
0,0.4546628917420898,4
0,0.11708093293515007,4
0,0.3029287071611571,4
0,0.295102879555968,4
1,0.4506715569599742,4
0,0.1923372425004134,4
0,0.16570657240824918,4
1,0.34753946372815625,4
1,0.4866441129614533,4
0,0.34140753704558546,4
0,0.08522172798593819,4
0,0.11293293070379623,4
0,0.31853904609965256,4
0,0.07903314995550138,4
1,0.2689072881378193,4
0,0.08001826117462467,4
0,0.42700015703098004,4
0,0.11905982472610546,4
0,0.1403356215884029,4
0,0.11763505236064559,4
0,0.16547971006052822,4
1,0.4282605388074201,4
0,0.2574206677674548,4
1,0.2204800094640733,4
0,0.4598519067924231,4
0,0.30178473600595895,4
0,0.3178435650851929,4
1,0.3045422750619676,4
0,0.16631748708691416,4
0,0.2271388627857561,4
1,0.4799242907896129,4
0,0.21686720296769108,4
1,0.07699898818574574,4
0,0.3700373551060878,4
0,0.15628665973548347,4
0,0.12745369019051522,4
1,0.2577159400142879,4
0,0.1483600398411794,4
0,0.19750912297717726,4
0,0.2514673003633569,4
0,0.11816751820264326,4
1,0.4226924327539522,4
0,0.08151758297972453,4
0,0.291820170026325,4
0,0.08374384984591446,4
0,0.2518912029255188,4
0,0.2569820774785423,4
0,0.1151209559423435,4
0,0.5970186297530773,4
0,0.11578894510498304,4
0,0.2815154899665802,4
0,0.42630455024586267,4
0,0.30073274591787685,4
0,0.2725927116288502,4
0,0.21487191749942267,4
0,0.13580781380496781,4
0,0.12095185929639363,4
0,0.23005290483845978,4
1,0.13559167837442435,4
1,0.4174857483672111,4
1,0.3650275802132275,4
0,0.6122258689073684,4
0,0.4440210527325929,4
0,0.18760363135470148,4
0,0.42084663161615654,4
0,0.6796263344262861,4
0,0.12097908777637631,4
0,0.36750029132378004,4
0,0.27892789637946774,4
1,0.22285679462981384,4
0,0.1299073263544873,4
0,0.09827856054018581,4
0,0.40618012040120766,4
1,0.15236806993455584,4
0,0.33393153968408174,4
1,0.1133761335500015,4
1,0.4321545712372924,4
0,0.09453876769437806,4
0,0.2310700677012693,4
1,0.2565262925853645,4
0,0.2251344096414463,4
0,0.14841916584062365,4
0,0.09408275607336195,4
0,0.09095039160090987,4
1,0.2825848349123347,4
0,0.4082827204490579,4
1,0.13419961460390836,4
0,0.32635996188626004,4
1,0.2093184251679828,4
0,0.4716621747032633,4
0,0.11947033167571779,4
1,0.2459477067437231,4
1,0.4162354249408218,4
0,0.3939519768031854,4
0,0.08957409120174131,4
0,0.2531963411749111,4
0,0.08870151297906222,4
0,0.12184034546821787,4
0,0.14941616773880767,4
0,0.3541635249557013,4
0,0.20861651700475145,4
0,0.16484733352010875,4
1,0.39537571377076086,4
0,0.32723417343723565,4
1,0.3506915242549083,4
1,0.4523842794000933,4
1,0.16013476112813085,4
0,0.07343081711714947,4
0,0.09141896653485385,4
1,0.12656595826723602,4
1,0.19943031052994958,4
1,0.3013014087457047,4
1,0.46598725047627165,4
0,0.05413406275215922,4
0,0.10752769325339892,4
0,0.08800278015145274,4
0,0.1936512695895946,4
1,0.33299547112186156,4
0,0.3082255566939304,4
1,0.39532890139611504,4
0,0.04094286812336233,4
0,0.12026250338851657,4
1,0.2723353806812273,4
1,0.44454159944691674,4
0,0.17232852428819984,4
0,0.4171326600898434,4
0,0.17291729735226247,4
0,0.18237585588185562,4
0,0.39836575269394076,4
0,0.1368475410010888,4
0,0.28449517857283696,4
0,0.24561493769755016,4
0,0.1200570177913806,4
0,0.18584359954210308,4
1,0.3509221136988597,4
1,0.11231902875500331,4
0,0.08361670847281795,4
0,0.27828969296415407,4
0,0.14743074393463595,4
0,0.25851130051909477,4
1,0.258955102228515,4
0,0.08291464292392806,4
0,0.42049364514534354,4
0,0.40862342926159423,4
0,0.30093097978503996,4
0,0.0996682876875234,4
0,0.4389299372144459,4
0,0.1427207240358967,4
0,0.16902844758586827,4
0,0.10979489337833231,4
1,0.19041964477316387,4
0,0.469761680293558,4
0,0.08277118521225284,4
0,0.3408564302769621,4
0,0.050762267196556486,4
1,0.31523291881077176,4
0,0.10372744745019151,4
0,0.2997826727564406,4
0,0.21676361040581898,4
0,0.5376552471537309,4
0,0.3409941977958142,4
0,0.3446154553529847,4
0,0.3131071475010101,4
1,0.4443671523183986,4
1,0.2980537316947135,4
1,0.3654952714359314,4
0,0.19104412814515054,4
1,0.35672951092509386,4
0,0.4491032275659248,4
0,0.15181639244984457,4
0,0.37744226992644675,4
0,0.09294858434365226,4
0,0.28010476967255543,4
0,0.24868545081309235,4
0,0.24207820038388297,4
0,0.16307169613671302,4
0,0.07022670292499965,4
0,0.1855031759517063,4
1,0.17649946692351817,4
0,0.21182225503417723,4
0,0.29095457582765993,4
0,0.20118723020948648,4
0,0.14246948002513285,4
1,0.394121276917634,4
1,0.788493264756342,4
1,0.24641155864640008,4
0,0.2138375259351704,4
0,0.13787013249152752,4
0,0.33758359092312856,4
0,0.38896589224727207,4
0,0.20973526060120182,4
0,0.23205372612318123,4
0,0.41869356605636776,4
0,0.3813049487469544,4
0,0.1758564561565931,4
0,0.113355925888274,4
0,0.29741452819252223,4
0,0.5522886572545317,4
0,0.21825004842650453,4
0,0.243185511720783,4
0,0.322250690235939,4
0,0.28005595828743796,4
1,0.29026365205467825,4
0,0.3736008809890288,4
1,0.3649455872735111,4
0,0.1457570146818335,4
1,0.11237892572676962,4
0,0.6284177377382851,4
1,0.4942148994958643,4
0,0.29521442503175366,4
0,0.1208189919765508,4
1,0.5821362940704561,4
0,0.4023078695010133,4
0,0.23216097159081753,4
0,0.2351634107025385,4
0,0.24384257921372274,4
0,0.09369455828028299,4
1,0.4186652833691802,4
0,0.051495830444168306,4
0,0.22577621777606177,4
0,0.1102296927656805,4
1,0.27061224013139384,4
1,0.43607375768839185,4
1,0.14338160226104063,4
0,0.1778379304904423,4
0,0.34353796768868616,4
1,0.32136388702403584,4
0,0.2728511214520888,4
0,0.08679259359439231,4
0,0.2931317199695412,4
0,0.16566694118158454,4
0,0.1274464531148895,4
0,0.3498393121162162,4
0,0.4194981786941505,4
0,0.27693237545596444,4
0,0.4835528153145423,4
0,0.08844740438413339,4
0,0.19597849974602782,4
0,0.29807955380956835,4
0,0.13485206321828014,4
1,0.3944208650484544,4
0,0.12544497576458874,4
0,0.34867626647077327,4
1,0.3832108671782618,4
0,0.18855572563900908,4
1,0.4946643044701429,4
1,0.40324281325288214,4
0,0.2265455404037668,4
0,0.29307772425718287,4
0,0.3175374477797197,4
0,0.11499266233931203,4
0,0.2621374969585064,4
0,0.233172213327484,4
0,0.14552686213077862,4
0,0.19330776719903003,4
1,0.1428259480947788,4
0,0.23571779017856287,4
1,0.2316922728870599,4
0,0.3803059901542632,4
0,0.09836694014978405,4
0,0.21638557625370922,4
1,0.3508287347106244,4
0,0.43275512465869287,4
0,0.3098171473944977,4
0,0.3952166285732836,4
0,0.16930087485761425,4
0,0.12219595287347546,4
1,0.21753539632002017,4
0,0.18416872789064653,4
0,0.1014994162381131,4
0,0.0773409409943922,4
0,0.07958332765566022,4
0,0.3612752556155605,4
0,0.09951995682701746,4
0,0.1976071449395901,4
1,0.3414915226005521,4
0,0.30549650593214905,4
0,0.1667662880943919,4
0,0.09080883541606452,4
0,0.17296931521845962,4
1,0.3090941945202854,4
0,0.20053888588466873,4
0,0.3787383316080263,4
0,0.28454977824402833,4
1,0.13643592209301256,4
1,0.6855239138264313,4
0,0.18480841966605313,4
0,0.11223625452328057,4
1,0.22501814942711149,4
0,0.3198643155076545,4
0,0.08428639443731012,4
0,0.19529403172584556,4
0,0.09812654520866305,4
0,0.27424899652912205,4
0,0.15830688748889402,4
0,0.1887901966257508,4
0,0.5662363972705542,4
1,0.26436000819930966,4
0,0.12090245601677106,4
0,0.14914852250335733,4
0,0.2777622045147221,4
0,0.3249251069466327,4
0,0.3062569645973935,4
0,0.05949135937771632,4
0,0.27557794997231955,4
0,0.40070998102446964,4
1,0.36798747038648305,4
1,0.1806460986821738,4
0,0.3051494280440693,4
0,0.21179287910773703,4
1,0.24563983041589724,4
0,0.15186109432862566,4
0,0.34325240039741617,4
0,0.16755560426557087,4
1,0.34923345822351093,4
0,0.26290033245174327,4
0,0.23043289040520676,4
1,0.4039433147673954,4
0,0.1090884884430271,4
1,0.47260689765679975,4
0,0.41678245877896114,4
1,0.33006269371622343,4
0,0.3971244636225296,4
0,0.2516547732942132,4
1,0.34388865266907065,4
1,0.15805194855481192,4
0,0.1124633783499025,4
0,0.36885080184571833,4
1,0.10744665134061673,4
0,0.29934936827290154,4
1,0.36987982865397867,4
1,0.21996309667142538,4
0,0.21109960013695936,4
0,0.3321409213577821,4
1,0.3682576712784816,4
1,0.42400092326188377,4
1,0.24013174958026767,4
0,0.4155328486536144,4
0,0.12875327616634913,4
1,0.2092496369849546,4
0,0.459928475502909,4
0,0.24936932183484548,4
0,0.10781410266251973,4
0,0.3790086845369427,4
0,0.2944837360734883,4
0,0.09523803535212917,4
0,0.35212064761525375,4
0,0.4416274207846602,4
0,0.35347654102891785,4
1,0.20866577317723736,4
0,0.1027261651568987,4
1,0.17350108224612665,4
0,0.21082400641145171,4
0,0.24639769450965687,4
0,0.1547104880760523,4
1,0.3792843783161811,4
0,0.12741602182792416,4
0,0.21468472500861036,4
0,0.34726274149010616,4
0,0.3271351905972772,4
1,0.15840482659406196,4
0,0.0686457984983063,4
0,0.3125511987054864,4
0,0.34989979063652665,4
1,0.31157355008867116,4
0,0.4021413227336117,4
0,0.05903379996289882,4
0,0.5067572801572781,4
0,0.25996456274383156,4
1,0.45183744301487405,4
0,0.16684844896669956,4
1,0.3677886925364078,4
1,0.36504867861808854,4
0,0.441827464896819,4
0,0.3352248758284064,4
0,0.46332812227091064,4
0,0.16216547756346567,4
0,0.2929020073444165,4
1,0.41046548420076556,4
0,0.10781357410796183,4
1,0.3086028371696856,4
0,0.13045111363375034,4
0,0.12914900712486954,4
1,0.27312939921726853,4
0,0.32975388517265025,4
1,0.28582342918921694,4
0,0.22194438456916937,4
0,0.07119645796860329,4
1,0.41155719065170904,4
1,0.2595451645127469,4
1,0.48649852983318187,4
1,0.2720387497965022,4
0,0.0682365581135405,4
1,0.41215208363855504,4
0,0.19363996884735551,4
0,0.48112225453180557,4
0,0.09334749407844722,4
0,0.33103161299904305,4
0,0.16584056108991463,4
0,0.2702603770017288,4
0,0.2918453075807058,4
1,0.39742359129145155,4
0,0.13203605994154421,4
0,0.24590901547887536,4
1,0.14887902527071176,4
1,0.3643324203109505,4
0,0.333197342648316,4
0,0.11501345242712518,4
0,0.4271268797629556,4
0,0.08986210348424556,4
0,0.30440476942562933,4
0,0.28111270179014214,4
0,0.08869421354151105,4
0,0.47032424099824577,4
0,0.43998494075697936,4
0,0.2518592842967873,4
0,0.18876469824105097,4
1,0.33474107214868426,4
0,0.17814858456929622,4
0,0.34449329685516794,4
1,0.22325725174788344,4
0,0.2235897775538856,4
0,0.23240305953699766,4
0,0.2987179285708887,4
0,0.1367315753129255,4
0,0.06842032375764927,4
0,0.29642501666583915,4
0,0.1384950590517914,4
1,0.3648475272615288,4
1,0.21542383027769615,4
1,0.3236162821268373,4
1,0.28814432752757174,4
0,0.35813596611121656,4
1,0.4142659057364234,4
0,0.3202356986338343,4
0,0.5828186452212999,4
0,0.12198079406749489,4
0,0.15473448026542796,4
1,0.19991815309101502,4
0,0.12454250496476829,4
1,0.49511927551324764,4
0,0.3586843300633054,4
0,0.15141531104946002,4
1,0.3513492809165481,4
0,0.21347398621874838,4
0,0.4016536475709019,4
0,0.5000711594314134,4
1,0.45284248579906405,4
0,0.15260693634784359,4
0,0.4163414926954192,4
0,0.14219171611413764,4
1,0.3779217482309968,4
0,0.5651146396534583,4
0,0.38210793716267816,4
1,0.3799436275132232,4
1,0.3459308032310484,4
0,0.304503766071622,4
1,0.3323855681004364,4
0,0.28333621482276117,4
1,0.12238865053249103,4
0,0.339948495071488,4
0,0.3320570417302971,4
0,0.3700102004060451,4
1,0.3447371955469146,4
0,0.4106003260349571,4
0,0.4161609262732082,4
0,0.10698762895373068,4
0,0.2797195557479155,4
0,0.06736029099030491,4
0,0.4130661102323649,4
1,0.04663935239475232,4
0,0.06112422635528762,4
0,0.4533001108992414,4
0,0.13946946486711626,4
1,0.15620220133234883,4
0,0.22300398038728936,4
0,0.2902539997334987,4
0,0.544441701820478,4
0,0.11596927011590505,4
0,0.11541536541684541,4
0,0.07573659324466582,4
1,0.37358579552939897,4
0,0.4995226356475383,4
1,0.2805680679886732,4
1,0.4782212066098308,4
0,0.2775646814303134,4
0,0.10312150258059335,4
0,0.10419946595462602,4
0,0.27254157647998956,4
0,0.45815359352529067,4
0,0.44767828639247986,4
1,0.36371583439455196,4
0,0.2433521030483447,4
0,0.32276550909709395,4
0,0.48560480736046746,4
0,0.2327735238902118,4
0,0.2796805233683256,4
1,0.31713848554151686,4
0,0.6062629443822973,4
1,0.373806166437804,4
1,0.1502157220575307,4
0,0.08850095987781356,4
1,0.11262958607808726,4
0,0.3052162622077434,4
0,0.1358558372635541,4
1,0.46831379957251573,4
0,0.38574464415331494,4
0,0.20527378685387923,4
1,0.32112214733926653,4
0,0.29406315798431504,4
0,0.1455070843521958,4
0,0.14553285938493815,4
0,0.3814152546373567,4
1,0.2951650435551108,4
0,0.274383605552174,4
0,0.11656700132692085,4
0,0.2568319743213584,4
1,0.41018477782080365,4
1,0.19564640529682822,4
0,0.2050442765414758,4
0,0.09833757831426741,4
0,0.2673081005580775,4
0,0.34166715875654763,4
1,0.45816547537648167,4
0,0.2607332939720692,4
0,0.20936142809514086,4
1,0.3944337393427469,4
0,0.33381801181304155,4
0,0.08516203919914177,4
0,0.3089164341006997,4
1,0.41559134663199604,4
0,0.06784461691432833,4
0,0.09559897238123012,4
0,0.31262954821434663,4
1,0.32974327198045517,4
1,0.46504432345428814,4
0,0.309743708009841,4
0,0.1563775004027247,4
0,0.20195881258687237,4
0,0.3179537270056229,4
0,0.3396741780984257,4
0,0.07931607799893198,4
0,0.261407370229663,4
0,0.1894513177274056,4
0,0.17436284896844012,4
0,0.31961741830868434,4
0,0.07001661237369951,4
0,0.11645985182491407,4
1,0.09590776752635746,4
0,0.2887106849967863,4
0,0.35844566817825174,4
0,0.3169321984425441,4
1,0.4841685619777788,4
0,0.21005951578000315,4
1,0.3318834919869392,4
0,0.2540098770075696,4
0,0.2532999804238585,4
0,0.08819510111945758,4
0,0.07007135078555075,4
0,0.2812010884182007,4
0,0.4213558933580023,4
0,0.30634590990217303,4
0,0.24692890183108465,4
0,0.29937717398514985,4
0,0.10004630990432083,4
0,0.3840022874637528,4
1,0.24142625557840047,4
0,0.07337841375246007,4
0,0.41300028692115986,4
1,0.24717483847801758,4
1,0.5045334636602357,4
0,0.059667217448685195,4
0,0.4300597950235309,4
0,0.32414345104600545,4
0,0.08214414316280924,4
0,0.3915124748352262,4
0,0.41839487665432346,4
0,0.18295082532260173,4
0,0.06489955398246208,4
0,0.29064429283051596,4
0,0.43682407489076985,4
0,0.387953748698954,4
0,0.09322885082712926,4
1,0.2503317313753889,4
0,0.39133641456104,4
1,0.3662808621658595,4
1,0.16073017644952659,4
1,0.18636923172994524,4
0,0.28795284225496665,4
0,0.39046604600709567,4
0,0.2722440738799759,4
0,0.12468855316774778,4
1,0.40864640622853154,4
0,0.1907572902771807,4
0,0.3061223741030729,4
1,0.4113459439545598,4
0,0.05714923107559896,4
1,0.2835833506534854,4
0,0.18103686306826716,4
0,0.2889649651824676,4
0,0.21261432275878417,4
1,0.37530863256682767,4
0,0.3198695270488376,4
0,0.5394025553446214,4
1,0.37291897585566264,4
0,0.18402813947362437,4
0,0.16590009271842204,4
1,0.41695654577968627,4
0,0.17913836669997407,4
0,0.04709415387414552,4
0,0.2408127367508987,4
1,0.2915018508844094,4
0,0.3350614796384107,4
0,0.40680214150169525,4
0,0.36007823698825,4
0,0.12127539512939606,4
0,0.055310839854802216,4
0,0.38952655653493073,4
0,0.407147090518586,4
1,0.44924070741051236,4
0,0.11924279454576725,4
1,0.080386963277535,4
0,0.19223560426869268,4
0,0.2954375481427129,4
0,0.15045590270493847,4
1,0.440246758611206,4
1,0.19211142697666195,4
1,0.5171789905155982,4
0,0.38868084784360357,4
0,0.09825413995531725,4
0,0.0565955811655108,4
0,0.1479331317752483,4
0,0.21760381564121684,4
0,0.16542732308980898,4
0,0.38428435389729915,4
0,0.08505917534158457,4
0,0.2386640761270316,4
0,0.36760857440373373,4
1,0.4294690644834065,4
1,0.2670394458049945,4
0,0.1078092862715726,4
0,0.45003401887267025,4
0,0.35689728426743406,4
0,0.171830044155852,4
0,0.2051764585892901,4
0,0.4253637532122551,4
0,0.2182457524522284,4
0,0.06736751537596487,4
1,0.3322810210985488,4
0,0.11386381191924064,4
0,0.05707950693181606,4
0,0.40561144035530006,4
0,0.36377564495991943,4
0,0.13229773785890742,4
0,0.19472794422300466,4
0,0.37912918406407253,4
1,0.33111923611234995,4
0,0.22017185856165708,4
0,0.08927458325044757,4
0,0.17870788399819557,4
0,0.3305660418204423,4
1,0.3961152224668114,4
0,0.20500062202085736,4
0,0.14572291367306373,4
0,0.15824488350734417,4
0,0.33375973878602494,4
0,0.44816221871036255,4
0,0.1179697961046674,4
0,0.39460899437623037,4
1,0.3072065509861537,4
0,0.13058976953597579,4
0,0.42808799137336984,4
0,0.07789826832664942,4
1,0.22666019674811805,4
0,0.33230532088373177,4
0,0.20472673284987986,4
1,0.44571003720598296,4
1,0.3619116367191379,4
0,0.24266919535281933,4
0,0.2795219004096156,4
0,0.2822908236805638,4
0,0.19407394611713247,4
1,0.2018258053755428,4
0,0.11467166371992173,4
0,0.21489994710902316,4
0,0.331245018661786,4
0,0.20774816489604225,4
1,0.4195621512715115,4
0,0.3111862465271747,4
0,0.2339082275900991,4
0,0.13869401379020868,4
0,0.21796356900918923,4
0,0.20030895042504596,4
1,0.30529981912420806,4
0,0.19121901059533944,4
0,0.1305226639398759,4
1,0.10924683345598304,4
0,0.46903579713962484,4
0,0.07246397487294944,4
0,0.4130113624289833,4
0,0.28786056564050244,4
0,0.32351790122548857,4
1,0.0497615654563192,4
0,0.15112562809771776,4
0,0.07711905773752958,4
0,0.10707069419124929,4
1,0.39530962885895005,4
0,0.24717803637540403,4
0,0.3078632224874671,4
0,0.2823198520142296,4
1,0.266251030009569,4
1,0.5673582903946714,4
0,0.13249455145554564,4
1,0.41128586538257705,4
1,0.07827939946640769,4
0,0.10450679982951723,4
0,0.32211144115749046,4
0,0.12116566339315137,4
1,0.3843459076107668,4
1,0.44713219462390935,4
0,0.3298425611978987,4
0,0.2504878689595225,4
0,0.03585431394021301,4
1,0.2309624374980483,4
0,0.1606470169266784,4
0,0.39869637813640224,4
1,0.07996149169008653,4
0,0.45013566622612766,4
0,0.4036777962828287,4
0,0.3355997548455743,4
0,0.13212466046597232,4
1,0.12125081639497153,4
